Age_Years,Sex,Mediu_Rezidential,Situatie_Familiala,Educatie_Mama,Educatie_Tata,Absente_Nemotivate_Zilele_1_13,Absente_Motivate_3_Luni,Participare_Extrascolara,Medie_Modul_Anterior,Note_Sub_5,Studentship_Score,Atitudine_Scoala,Sanctiuni_Avertismente,Cum_te_Simti_La_Scoala,Scoala_Ajuta_Obiective,Stres_Emotional_NLP,Abandon
11,Feminin,Urban,Monoparental,Primar,Postliceal,65,90,Nu,7.2,3,2.0,Pozitivă,Nu,Altul,Parțial,0.17,0
17,Feminin,Rural,Tutore / plasament,Liceal,Universitar,19,124,Nu,5.2,2,0.0,Neutră,Avertismente,Stresat,Parțial,1.46,1
16,Masculin,Urban,Ambii părinți,Postliceal,Universitar,24,11,Ocazional,2.7,2,1.8,Pozitivă,Avertismente,Izolat,Parțial,0.84,1
14,Feminin,Rural,Ambii părinți,Postliceal,Gimnazial,2,54,Nu,5.8,5,2.2,Neutră,Nu,Bine,Nu,0.35,1
14,Feminin,Rural,Tutore / plasament,Gimnazial,Gimnazial,2,11,Nu,6.5,0,2.3,Pozitivă,Avertismente,Stresat,Nu,1.34,0
18,Feminin,Rural,Ambii părinți,Universitar,Universitar,97,8,"Da, frecvent",5.5,5,2.9,Neutră,Avertismente,Altul,Da,0.7,1
11,Masculin,Urban,Monoparental,Postliceal,Liceal,67,23,Nu,8.1,0,2.0,Neutră,Sancțiuni,Bine,Da,0.5,0
17,Feminin,Urban,Ambii părinți,Primar,Universitar,115,60,Nu,6.0,3,2.0,Neutră,Nu,Neutru,Da,0.36,1
12,Masculin,Urban,Ambii părinți,Liceal,Gimnazial,76,21,Ocazional,7.1,0,1.0,Neutră,Nu,Izolat,Nu,0.83,0
11,Masculin,Urban,Ambii părinți,Universitar,Universitar,4,59,"Da, frecvent",10.0,2,5.0,Pozitivă,Sancțiuni,Neutru,Da,0.6,0
15,Masculin,Rural,Ambii părinți,Liceal,Postliceal,52,63,"Da, frecvent",7.3,5,2.3,Neutră,Nu,Neutru,Parțial,0.22,0
19,Masculin,Urban,Altă situație,Liceal,Gimnazial,20,16,Nu,6.9,0,3.5,Pozitivă,Nu,Stresat,Da,0.68,0
17,Masculin,Urban,Ambii părinți,Liceal,Gimnazial,42,16,Nu,7.0,3,0.2,Pozitivă,Nu,Stresat,Nu,0.96,0
17,Masculin,Urban,Monoparental,Primar,Postliceal,34,21,Nu,8.0,2,2.3,Pozitivă,Nu,Bine,Nu,0.19,0
17,Feminin,Rural,Ambii părinți,Universitar,Gimnazial,47,27,Nu,7.9,2,1.3,Neutră,Nu,Neutru,Parțial,0.1,1
18,Masculin,Urban,Altă situație,Gimnazial,Universitar,23,24,"Da, frecvent",5.7,3,4.1,Neutră,Nu,Neutru,Da,0.0,0
15,Masculin,Rural,Ambii părinți,Primar,Liceal,86,29,Nu,6.5,1,0.7,Negativă,Nu,Bine,Nu,0.47,0
12,Masculin,Urban,Ambii părinți,Primar,Liceal,11,18,Ocazional,6.2,4,4.8,Neutră,Nu,Bine,Da,0.35,0
18,Masculin,Rural,Ambii părinți,Liceal,Gimnazial,13,7,Nu,6.7,1,2.2,Neutră,Nu,Stresat,Parțial,0.78,0
15,Masculin,Rural,Ambii părinți,Universitar,Necunoscut,13,106,"Da, frecvent",9.7,2,1.3,Negativă,Nu,Izolat,Nu,1.16,0
15,Masculin,Urban,Altă situație,Universitar,Postliceal,71,14,"Da, frecvent",8.0,2,4.6,Pozitivă,Nu,Altul,Parțial,0.0,0
14,Feminin,Urban,Altă situație,Universitar,Universitar,87,3,"Da, frecvent",7.0,5,2.2,Neutră,Nu,Altul,Nu,0.41,0
12,Feminin,Urban,Ambii părinți,Liceal,Universitar,23,48,"Da, frecvent",8.8,3,4.1,Pozitivă,Nu,Altul,Parțial,0.14,0
19,Feminin,Urban,Ambii părinți,Liceal,Liceal,31,9,"Da, frecvent",7.4,5,3.9,Pozitivă,Avertismente,Bine,Parțial,0.6,0
18,Feminin,Urban,Ambii părinți,Liceal,Universitar,84,44,"Da, frecvent",4.8,0,2.0,Negativă,Nu,Neutru,Nu,0.8,1
16,Feminin,Rural,Ambii părinți,Primar,Liceal,119,13,Ocazional,9.4,0,5.4,Pozitivă,Nu,Bine,Parțial,0.08,0
14,Feminin,Rural,Ambii părinți,Universitar,Liceal,36,122,Nu,6.9,3,0.0,Negativă,Nu,Stresat,Nu,1.04,0
18,Feminin,Urban,Ambii părinți,Liceal,Gimnazial,5,79,"Da, frecvent",3.9,5,1.9,Negativă,Nu,Altul,Nu,0.72,1
15,Masculin,Rural,Ambii părinți,Liceal,Gimnazial,13,22,"Da, frecvent",4.9,1,5.6,Negativă,Nu,Bine,Da,0.24,0
14,Feminin,Urban,Tutore / plasament,Liceal,Postliceal,76,41,Ocazional,8.7,1,2.7,Neutră,Avertismente,Neutru,Da,0.52,0
15,Masculin,Rural,Ambii părinți,Universitar,Liceal,78,34,Ocazional,4.9,0,3.0,Neutră,Nu,Neutru,Parțial,0.0,0
13,Masculin,Urban,Ambii părinți,Gimnazial,Postliceal,62,13,Ocazional,9.0,5,2.7,Pozitivă,Nu,Bine,Nu,0.29,0
11,Feminin,Rural,Ambii părinți,Postliceal,Universitar,16,47,Nu,7.2,0,1.7,Pozitivă,Nu,Izolat,Nu,1.13,0
15,Feminin,Rural,Ambii părinți,Postliceal,Liceal,79,29,"Da, frecvent",8.1,3,3.0,Negativă,Nu,Neutru,Da,0.41,0
18,Feminin,Urban,Ambii părinți,Universitar,Gimnazial,17,33,Ocazional,6.7,2,3.9,Pozitivă,Nu,Neutru,Parțial,0.31,0
11,Masculin,Urban,Monoparental,Primar,Postliceal,44,44,Nu,7.8,2,0.3,Neutră,Avertismente,Altul,Parțial,0.67,0
18,Feminin,Urban,Ambii părinți,Gimnazial,Primar,34,25,Ocazional,7.5,4,1.7,Negativă,Nu,Bine,Parțial,0.59,0
18,Masculin,Rural,Monoparental,Liceal,Universitar,23,11,Ocazional,7.0,2,3.9,Pozitivă,Nu,Neutru,Parțial,0.09,0
13,Masculin,Rural,Tutore / plasament,Universitar,Liceal,59,41,Nu,5.6,0,0.0,Negativă,Nu,Stresat,Nu,1.27,1
16,Masculin,Rural,Tutore / plasament,Universitar,Liceal,70,50,"Da, frecvent",7.6,3,4.0,Pozitivă,Nu,Neutru,Parțial,0.55,0
12,Feminin,Rural,Monoparental,Liceal,Liceal,14,50,"Da, frecvent",4.6,0,6.8,Pozitivă,Nu,Neutru,Da,0.15,0
17,Feminin,Rural,Ambii părinți,Gimnazial,Liceal,36,51,"Da, frecvent",8.4,5,2.3,Neutră,Nu,Neutru,Parțial,0.0,0
17,Feminin,Rural,Ambii părinți,Gimnazial,Gimnazial,67,37,Nu,7.4,5,3.3,Pozitivă,Nu,Bine,Da,0.04,0
14,Feminin,Rural,Ambii părinți,Postliceal,Gimnazial,49,4,Nu,7.7,5,2.1,Neutră,Nu,Bine,Parțial,0.23,0
11,Feminin,Rural,Altă situație,Gimnazial,Liceal,68,126,"Da, frecvent",3.4,2,2.3,Pozitivă,Nu,Izolat,Nu,0.6,1
19,Masculin,Urban,Altă situație,Liceal,Universitar,51,50,Ocazional,5.5,2,3.3,Pozitivă,Avertismente,Bine,Parțial,0.36,1
15,Masculin,Rural,Ambii părinți,Universitar,Gimnazial,54,19,Ocazional,6.4,3,0.0,Negativă,Avertismente,Altul,Nu,0.84,1
19,Masculin,Urban,Ambii părinți,Liceal,Gimnazial,31,56,"Da, frecvent",8.0,5,3.3,Neutră,Nu,Bine,Parțial,0.17,0
17,Masculin,Urban,Ambii părinți,Liceal,Gimnazial,64,8,Nu,5.8,4,0.3,Neutră,Nu,Izolat,Parțial,1.02,0
18,Feminin,Rural,Ambii părinți,Primar,Liceal,8,45,Ocazional,10.0,2,4.7,Pozitivă,Nu,Altul,Parțial,0.27,0
17,Masculin,Urban,Altă situație,Gimnazial,Gimnazial,13,21,Nu,6.7,4,1.6,Negativă,Nu,Bine,Parțial,0.15,1
12,Masculin,Urban,Ambii părinți,Postliceal,Universitar,53,8,Nu,5.7,2,1.9,Negativă,Nu,Neutru,Da,1.05,0
14,Masculin,Urban,Ambii părinți,Liceal,Gimnazial,64,8,"Da, frecvent",6.8,4,3.3,Neutră,Nu,Stresat,Da,0.7,1
15,Masculin,Rural,Ambii părinți,Gimnazial,Postliceal,90,39,Nu,5.8,1,2.7,Pozitivă,Nu,Neutru,Parțial,0.0,1
15,Feminin,Rural,Ambii părinți,Gimnazial,Gimnazial,123,43,Nu,5.4,2,0.3,Negativă,Nu,Izolat,Da,0.71,1
11,Feminin,Urban,Ambii părinți,Gimnazial,Liceal,16,10,"Da, frecvent",8.5,4,4.8,Negativă,Nu,Bine,Da,0.16,0
15,Feminin,Urban,Tutore / plasament,Postliceal,Gimnazial,10,21,"Da, frecvent",7.8,1,4.8,Neutră,Nu,Altul,Parțial,0.0,0
12,Feminin,Rural,Ambii părinți,Liceal,Postliceal,75,36,Nu,7.8,3,0.0,Neutră,Avertismente,Neutru,Nu,0.79,0
17,Masculin,Rural,Ambii părinți,Liceal,Universitar,22,16,Ocazional,8.9,1,6.0,Pozitivă,Nu,Bine,Da,0.0,0
17,Feminin,Urban,Ambii părinți,Liceal,Gimnazial,33,111,Nu,7.8,2,0.3,Pozitivă,Avertismente,Neutru,Nu,0.88,0
19,Masculin,Rural,Ambii părinți,Gimnazial,Universitar,69,39,"Da, frecvent",5.6,1,4.7,Neutră,Avertismente,Bine,Da,0.65,1
17,Masculin,Rural,Ambii părinți,Liceal,Gimnazial,41,25,Nu,8.1,3,1.0,Neutră,Avertismente,Neutru,Da,0.42,0
14,Feminin,Urban,Ambii părinți,Primar,Liceal,62,63,Nu,5.5,4,2.7,Neutră,Nu,Bine,Da,0.31,0
19,Feminin,Rural,Ambii părinți,Universitar,Postliceal,14,42,"Da, frecvent",6.4,5,2.2,Neutră,Avertismente,Izolat,Da,0.85,0
14,Masculin,Rural,Ambii părinți,Primar,Gimnazial,46,36,"Da, frecvent",7.0,2,5.3,Pozitivă,Nu,Neutru,Da,0.0,0
13,Masculin,Rural,Monoparental,Liceal,Liceal,45,40,Ocazional,6.9,1,2.7,Negativă,Nu,Neutru,Da,0.45,0
19,Feminin,Urban,Monoparental,Primar,Primar,89,51,Nu,4.6,5,0.3,Pozitivă,Nu,Izolat,Parțial,0.66,1
14,Feminin,Rural,Tutore / plasament,Universitar,Postliceal,106,15,"Da, frecvent",5.7,2,2.6,Negativă,Nu,Izolat,Da,0.79,1
11,Masculin,Rural,Ambii părinți,Gimnazial,Liceal,21,2,Nu,7.1,3,1.2,Pozitivă,Sancțiuni,Stresat,Da,1.03,0
15,Feminin,Rural,Monoparental,Universitar,Universitar,11,67,"Da, frecvent",6.2,2,7.4,Pozitivă,Nu,Bine,Da,0.39,0
18,Masculin,Rural,Monoparental,Primar,Gimnazial,66,29,Nu,8.7,5,0.0,Neutră,Nu,Izolat,Nu,1.13,0
12,Feminin,Rural,Ambii părinți,Universitar,Universitar,4,18,"Da, frecvent",8.9,0,8.8,Pozitivă,Nu,Bine,Da,0.23,0
15,Feminin,Rural,Ambii părinți,Postliceal,Gimnazial,70,11,Nu,5.5,0,3.4,Pozitivă,Nu,Neutru,Parțial,0.09,1
12,Masculin,Rural,Ambii părinți,Gimnazial,Liceal,74,10,Ocazional,7.2,2,0.8,Neutră,Avertismente,Izolat,Parțial,1.14,0
17,Masculin,Urban,Monoparental,Gimnazial,Gimnazial,19,32,Ocazional,9.3,2,4.8,Pozitivă,Avertismente,Bine,Da,0.34,0
15,Masculin,Urban,Ambii părinți,Liceal,Gimnazial,0,27,Nu,6.9,4,4.7,Neutră,Nu,Bine,Da,0.36,0
13,Feminin,Urban,Ambii părinți,Universitar,Gimnazial,81,64,"Da, frecvent",6.5,2,4.3,Pozitivă,Nu,Neutru,Parțial,0.32,0
13,Altul / prefer să nu spun,Rural,Altă situație,Universitar,Postliceal,111,44,"Da, frecvent",8.3,1,3.7,Pozitivă,Nu,Neutru,Nu,0.7,0
16,Feminin,Urban,Ambii părinți,Gimnazial,Gimnazial,106,50,"Da, frecvent",6.7,0,4.0,Pozitivă,Nu,Neutru,Nu,0.21,0
17,Feminin,Rural,Altă situație,Liceal,Liceal,108,61,Ocazional,8.9,4,1.7,Neutră,Nu,Stresat,Da,0.53,0
19,Feminin,Urban,Monoparental,Gimnazial,Necunoscut,7,33,Nu,6.3,3,3.4,Pozitivă,Nu,Izolat,Da,0.8,0
14,Feminin,Urban,Monoparental,Gimnazial,Gimnazial,37,87,"Da, frecvent",6.4,5,4.3,Pozitivă,Nu,Altul,Da,0.1,0
12,Masculin,Rural,Monoparental,Postliceal,Primar,45,14,Nu,8.2,1,5.0,Pozitivă,Nu,Bine,Da,0.33,0
18,Feminin,Urban,Ambii părinți,Liceal,Gimnazial,39,60,Ocazional,7.2,1,1.7,Pozitivă,Nu,Stresat,Nu,1.14,0
16,Masculin,Rural,Monoparental,Gimnazial,Gimnazial,63,2,Nu,7.3,1,2.6,Neutră,Nu,Izolat,Da,1.01,0
17,Feminin,Urban,Monoparental,Universitar,Liceal,10,3,Ocazional,4.4,2,7.3,Pozitivă,Nu,Bine,Da,0.16,0
11,Altul / prefer să nu spun,Rural,Monoparental,Postliceal,Postliceal,4,8,Nu,6.6,0,6.3,Pozitivă,Nu,Neutru,Da,0.31,0
13,Feminin,Urban,Ambii părinți,Universitar,Gimnazial,2,25,Ocazional,8.3,0,3.8,Pozitivă,Sancțiuni,Bine,Nu,0.61,0
17,Masculin,Rural,Ambii părinți,Primar,Gimnazial,82,2,Nu,6.0,4,1.6,Negativă,Nu,Bine,Parțial,0.39,0
18,Feminin,Rural,Ambii părinți,Universitar,Postliceal,7,24,Ocazional,8.1,4,4.1,Pozitivă,Sancțiuni,Bine,Da,0.49,0
14,Feminin,Urban,Ambii părinți,Liceal,Gimnazial,39,19,"Da, frecvent",7.5,3,2.0,Negativă,Nu,Stresat,Da,0.88,0
18,Masculin,Urban,Ambii părinți,Liceal,Liceal,18,118,Nu,6.8,2,3.8,Pozitivă,Nu,Neutru,Da,0.48,0
18,Masculin,Urban,Monoparental,Primar,Universitar,19,5,Ocazional,9.0,2,4.5,Negativă,Nu,Bine,Da,0.11,0
14,Masculin,Rural,Monoparental,Universitar,Gimnazial,28,31,"Da, frecvent",6.6,3,3.0,Pozitivă,Nu,Neutru,Nu,0.35,0
19,Feminin,Rural,Monoparental,Liceal,Liceal,20,43,Ocazional,6.7,1,4.0,Neutră,Nu,Bine,Parțial,0.16,0
13,Masculin,Urban,Ambii părinți,Universitar,Universitar,4,82,Nu,6.8,4,4.3,Pozitivă,Nu,Bine,Parțial,0.27,0
13,Masculin,Urban,Ambii părinți,Postliceal,Postliceal,28,49,Nu,7.2,0,0.0,Negativă,Nu,Izolat,Parțial,0.7,0
17,Masculin,Rural,Ambii părinți,Universitar,Universitar,14,68,"Da, frecvent",8.2,4,3.5,Pozitivă,Avertismente,Neutru,Parțial,0.45,0
16,Feminin,Rural,Ambii părinți,Postliceal,Universitar,14,34,Nu,5.0,4,0.0,Neutră,Avertismente,Stresat,Nu,1.14,1
12,Masculin,Rural,Ambii părinți,Universitar,Liceal,137,12,Ocazional,8.3,3,4.4,Pozitivă,Avertismente,Bine,Da,0.09,0
18,Masculin,Rural,Ambii părinți,Gimnazial,Liceal,5,5,"Da, frecvent",7.2,1,7.0,Neutră,Nu,Bine,Parțial,0.36,0
12,Masculin,Rural,Ambii părinți,Gimnazial,Postliceal,27,53,"Da, frecvent",7.9,5,0.0,Neutră,Sancțiuni,Izolat,Parțial,0.79,0
18,Feminin,Rural,Ambii părinți,Postliceal,Postliceal,42,18,"Da, frecvent",10.0,4,5.8,Pozitivă,Nu,Bine,Da,0.0,0
11,Feminin,Urban,Ambii părinți,Liceal,Postliceal,137,1,Ocazional,6.4,5,2.3,Neutră,Sancțiuni,Bine,Da,0.67,1
18,Masculin,Urban,Ambii părinți,Liceal,Liceal,9,20,"Da, frecvent",5.4,0,3.2,Neutră,Nu,Stresat,Nu,0.84,0
18,Masculin,Urban,Ambii părinți,Postliceal,Universitar,101,26,"Da, frecvent",7.4,3,2.0,Neutră,Nu,Neutru,Nu,0.3,0
18,Masculin,Rural,Monoparental,Liceal,Gimnazial,28,76,Ocazional,7.6,0,4.0,Pozitivă,Nu,Izolat,Da,0.65,0
16,Feminin,Urban,Ambii părinți,Universitar,Gimnazial,29,21,Nu,8.3,0,4.0,Pozitivă,Nu,Altul,Da,0.34,0
15,Feminin,Rural,Ambii părinți,Liceal,Liceal,60,27,Ocazional,6.3,0,4.0,Neutră,Nu,Bine,Parțial,0.05,0
17,Masculin,Rural,Ambii părinți,Universitar,Gimnazial,114,27,Ocazional,5.9,4,2.7,Pozitivă,Nu,Bine,Nu,0.46,1
13,Feminin,Rural,Altă situație,Gimnazial,Postliceal,20,59,Nu,5.0,4,0.0,Neutră,Avertismente,Neutru,Parțial,0.29,0
18,Feminin,Rural,Ambii părinți,Postliceal,Gimnazial,45,13,"Da, frecvent",5.2,5,2.7,Pozitivă,Avertismente,Bine,Nu,0.76,1
16,Masculin,Urban,Monoparental,Universitar,Postliceal,39,38,Nu,6.5,3,0.0,Negativă,Nu,Neutru,Nu,0.71,0
15,Masculin,Rural,Ambii părinți,Gimnazial,Liceal,38,16,"Da, frecvent",6.9,3,5.2,Neutră,Nu,Bine,Da,0.4,0
15,Masculin,Urban,Monoparental,Liceal,Gimnazial,69,74,"Da, frecvent",10.0,1,4.7,Pozitivă,Nu,Izolat,Da,0.42,0
16,Feminin,Rural,Tutore / plasament,Gimnazial,Gimnazial,16,88,Ocazional,4.7,4,2.3,Neutră,Nu,Izolat,Da,0.65,0
11,Feminin,Rural,Ambii părinți,Liceal,Liceal,23,31,"Da, frecvent",7.6,5,2.4,Neutră,Nu,Bine,Nu,0.64,0
12,Masculin,Rural,Monoparental,Liceal,Postliceal,4,36,"Da, frecvent",6.1,2,7.0,Pozitivă,Nu,Bine,Parțial,0.32,0
13,Feminin,Rural,Ambii părinți,Gimnazial,Liceal,56,22,Nu,7.4,4,0.7,Pozitivă,Nu,Altul,Nu,0.31,0
12,Feminin,Urban,Monoparental,Universitar,Gimnazial,36,3,Ocazional,6.3,3,4.8,Pozitivă,Nu,Bine,Parțial,0.15,1
14,Feminin,Rural,Ambii părinți,Gimnazial,Gimnazial,112,27,"Da, frecvent",8.5,3,5.0,Pozitivă,Nu,Bine,Parțial,0.2,0
17,Masculin,Rural,Ambii părinți,Liceal,Gimnazial,9,25,Ocazional,8.5,4,5.9,Pozitivă,Nu,Bine,Da,0.08,0
16,Masculin,Rural,Altă situație,Liceal,Primar,151,19,Nu,6.9,1,4.7,Pozitivă,Nu,Bine,Da,0.25,0
15,Masculin,Urban,Tutore / plasament,Primar,Necunoscut,64,21,Nu,9.1,5,1.3,Pozitivă,Nu,Bine,Nu,0.44,0
18,Masculin,Urban,Ambii părinți,Gimnazial,Gimnazial,62,39,"Da, frecvent",8.2,5,4.3,Pozitivă,Nu,Bine,Parțial,0.0,0
16,Feminin,Rural,Altă situație,Necunoscut,Gimnazial,18,36,Nu,9.0,0,2.5,Pozitivă,Avertismente,Bine,Nu,0.61,0
11,Feminin,Urban,Ambii părinți,Postliceal,Universitar,26,22,Nu,7.0,3,2.0,Pozitivă,Nu,Stresat,Da,0.62,0
17,Feminin,Rural,Ambii părinți,Primar,Postliceal,22,79,Ocazional,8.4,0,4.2,Neutră,Nu,Bine,Parțial,0.1,0
16,Feminin,Rural,Tutore / plasament,Universitar,Liceal,96,2,"Da, frecvent",6.0,2,4.2,Pozitivă,Nu,Stresat,Parțial,0.75,0
16,Feminin,Rural,Ambii părinți,Liceal,Postliceal,3,13,Ocazional,5.9,2,4.4,Pozitivă,Sancțiuni,Neutru,Da,0.53,1
16,Feminin,Urban,Ambii părinți,Primar,Universitar,30,53,"Da, frecvent",10.0,3,2.0,Negativă,Nu,Neutru,Parțial,0.22,0
15,Feminin,Rural,Monoparental,Postliceal,Gimnazial,32,3,Nu,5.6,2,0.2,Neutră,Avertismente,Altul,Nu,0.94,1
11,Masculin,Urban,Ambii părinți,Liceal,Gimnazial,21,2,Nu,6.5,2,0.5,Negativă,Avertismente,Neutru,Parțial,0.7,1
16,Masculin,Rural,Ambii părinți,Gimnazial,Universitar,12,13,"Da, frecvent",4.4,4,2.0,Negativă,Sancțiuni,Bine,Parțial,0.96,1
18,Feminin,Rural,Ambii părinți,Universitar,Universitar,30,25,"Da, frecvent",5.9,4,1.7,Neutră,Avertismente,Neutru,Parțial,0.76,0
13,Feminin,Urban,Monoparental,Gimnazial,Necunoscut,56,17,Nu,5.7,0,2.2,Neutră,Nu,Bine,Nu,0.16,0
16,Masculin,Urban,Ambii părinți,Gimnazial,Gimnazial,36,32,Ocazional,6.2,2,3.3,Pozitivă,Nu,Bine,Nu,0.26,0
11,Masculin,Urban,Ambii părinți,Gimnazial,Universitar,12,2,Ocazional,7.5,4,0.6,Neutră,Sancțiuni,Izolat,Parțial,0.97,1
14,Masculin,Rural,Monoparental,Universitar,Liceal,33,12,Nu,7.9,0,1.4,Neutră,Nu,Izolat,Parțial,0.76,0
14,Feminin,Rural,Ambii părinți,Postliceal,Postliceal,113,46,"Da, frecvent",5.7,3,2.0,Neutră,Avertismente,Neutru,Parțial,0.63,0
19,Masculin,Urban,Ambii părinți,Universitar,Universitar,16,39,Ocazional,6.0,2,2.0,Pozitivă,Avertismente,Neutru,Nu,0.73,0
12,Feminin,Urban,Monoparental,Gimnazial,Gimnazial,41,14,Nu,8.6,4,0.0,Negativă,Nu,Neutru,Nu,0.45,0
13,Feminin,Rural,Monoparental,Universitar,Gimnazial,47,30,"Da, frecvent",9.5,4,4.7,Pozitivă,Nu,Bine,Parțial,0.45,0
14,Feminin,Urban,Ambii părinți,Liceal,Liceal,6,25,"Da, frecvent",8.9,3,6.5,Neutră,Nu,Bine,Da,0.07,0
19,Feminin,Rural,Tutore / plasament,Gimnazial,Universitar,25,25,Nu,4.8,2,0.0,Negativă,Nu,Neutru,Nu,0.68,1
18,Feminin,Rural,Monoparental,Primar,Primar,25,34,"Da, frecvent",8.8,4,3.7,Negativă,Nu,Bine,Da,0.34,0
11,Feminin,Rural,Ambii părinți,Universitar,Universitar,35,92,"Da, frecvent",9.7,2,6.3,Pozitivă,Nu,Bine,Da,0.14,0
13,Masculin,Rural,Monoparental,Gimnazial,Liceal,94,93,Ocazional,4.7,2,2.3,Pozitivă,Sancțiuni,Neutru,Da,0.62,1
18,Feminin,Rural,Monoparental,Postliceal,Liceal,8,3,Nu,8.6,2,2.5,Neutră,Avertismente,Neutru,Parțial,0.78,0
11,Feminin,Rural,Ambii părinți,Liceal,Liceal,98,21,Ocazional,7.4,2,4.3,Neutră,Nu,Bine,Da,0.2,0
18,Feminin,Urban,Ambii părinți,Primar,Universitar,59,7,"Da, frecvent",6.6,3,3.6,Pozitivă,Avertismente,Izolat,Da,0.96,0
13,Feminin,Urban,Monoparental,Necunoscut,Gimnazial,154,37,Ocazional,7.2,3,0.0,Neutră,Nu,Stresat,Nu,1.17,1
19,Feminin,Rural,Altă situație,Universitar,Liceal,221,22,Ocazional,7.7,5,0.3,Negativă,Nu,Neutru,Parțial,0.44,0
13,Feminin,Urban,Ambii părinți,Liceal,Gimnazial,6,61,Nu,8.7,2,3.8,Pozitivă,Sancțiuni,Bine,Da,0.53,0
14,Feminin,Rural,Monoparental,Postliceal,Universitar,13,26,Nu,8.6,4,1.6,Pozitivă,Sancțiuni,Neutru,Da,0.68,0
16,Masculin,Rural,Monoparental,Liceal,Universitar,13,82,"Da, frecvent",5.0,1,3.6,Neutră,Nu,Stresat,Parțial,0.76,0
12,Masculin,Rural,Tutore / plasament,Postliceal,Gimnazial,57,96,Nu,6.2,5,1.3,Neutră,Nu,Neutru,Da,0.59,1
16,Masculin,Urban,Altă situație,Gimnazial,Gimnazial,27,80,Nu,7.2,5,0.3,Negativă,Nu,Neutru,Da,0.35,0
15,Masculin,Rural,Ambii părinți,Liceal,Liceal,16,1,Nu,9.3,3,2.6,Neutră,Nu,Bine,Nu,0.56,0
18,Masculin,Rural,Ambii părinți,Liceal,Liceal,1,34,Ocazional,3.3,4,5.6,Pozitivă,Nu,Bine,Parțial,0.23,1
19,Altul / prefer să nu spun,Urban,Ambii părinți,Liceal,Universitar,80,19,"Da, frecvent",6.2,3,2.0,Neutră,Nu,Izolat,Parțial,0.78,0
16,Masculin,Rural,Ambii părinți,Liceal,Liceal,32,22,Ocazional,5.0,1,1.7,Negativă,Avertismente,Bine,Parțial,0.63,1
14,Masculin,Rural,Ambii părinți,Gimnazial,Liceal,15,53,Ocazional,5.2,5,3.1,Pozitivă,Nu,Neutru,Parțial,0.09,0
14,Masculin,Rural,Monoparental,Necunoscut,Postliceal,18,20,Ocazional,8.5,4,2.2,Pozitivă,Nu,Izolat,Parțial,0.79,0
14,Masculin,Rural,Tutore / plasament,Primar,Liceal,24,28,"Da, frecvent",6.4,2,4.3,Neutră,Nu,Bine,Parțial,0.0,0
18,Feminin,Urban,Ambii părinți,Primar,Gimnazial,13,29,"Da, frecvent",3.8,1,5.6,Pozitivă,Nu,Altul,Parțial,0.05,1
13,Feminin,Rural,Monoparental,Liceal,Gimnazial,69,2,"Da, frecvent",6.9,4,2.6,Negativă,Nu,Izolat,Da,0.9,0
12,Feminin,Rural,Ambii părinți,Liceal,Gimnazial,22,17,"Da, frecvent",10.0,2,3.7,Pozitivă,Nu,Stresat,Parțial,0.92,0
14,Feminin,Urban,Ambii părinți,Gimnazial,Liceal,61,64,"Da, frecvent",4.6,4,3.7,Pozitivă,Nu,Stresat,Da,0.71,1
11,Masculin,Urban,Ambii părinți,Liceal,Gimnazial,18,1,"Da, frecvent",7.8,1,2.1,Negativă,Nu,Izolat,Nu,1.11,0
11,Feminin,Urban,Ambii părinți,Postliceal,Liceal,40,43,"Da, frecvent",9.3,3,4.0,Pozitivă,Nu,Bine,Nu,0.16,0
11,Masculin,Urban,Ambii părinți,Gimnazial,Gimnazial,40,10,"Da, frecvent",7.0,0,3.5,Pozitivă,Nu,Stresat,Nu,1.21,0
17,Masculin,Rural,Monoparental,Necunoscut,Postliceal,34,18,Nu,9.8,4,1.8,Pozitivă,Avertismente,Bine,Parțial,0.7,0
17,Masculin,Urban,Monoparental,Liceal,Primar,101,50,Ocazional,6.2,2,0.0,Negativă,Avertismente,Izolat,Parțial,1.47,1
17,Feminin,Rural,Ambii părinți,Postliceal,Liceal,109,8,"Da, frecvent",9.1,1,3.3,Negativă,Nu,Neutru,Parțial,0.09,0
15,Feminin,Urban,Ambii părinți,Gimnazial,Primar,66,20,Nu,8.8,3,2.0,Pozitivă,Nu,Stresat,Da,0.76,0
17,Masculin,Rural,Ambii părinți,Postliceal,Liceal,85,38,Ocazional,7.1,3,2.0,Neutră,Nu,Bine,Nu,0.18,1
12,Masculin,Urban,Altă situație,Universitar,Primar,63,12,"Da, frecvent",5.0,1,6.1,Neutră,Nu,Bine,Da,0.29,0
19,Altul / prefer să nu spun,Rural,Tutore / plasament,Gimnazial,Liceal,20,5,Ocazional,5.7,5,2.4,Pozitivă,Nu,Izolat,Parțial,0.76,1
15,Masculin,Urban,Ambii părinți,Gimnazial,Universitar,29,26,"Da, frecvent",3.8,0,4.0,Pozitivă,Nu,Neutru,Nu,0.44,1
19,Masculin,Rural,Ambii părinți,Gimnazial,Gimnazial,2,3,Ocazional,7.9,1,3.4,Negativă,Avertismente,Neutru,Parțial,0.57,0
12,Feminin,Urban,Ambii părinți,Primar,Postliceal,11,18,"Da, frecvent",7.8,1,4.8,Pozitivă,Nu,Stresat,Parțial,0.51,0
15,Feminin,Urban,Monoparental,Necunoscut,Liceal,6,11,Ocazional,7.2,5,3.3,Neutră,Sancțiuni,Bine,Da,0.38,0
17,Feminin,Rural,Ambii părinți,Liceal,Liceal,15,32,"Da, frecvent",6.9,1,6.4,Pozitivă,Nu,Bine,Parțial,0.21,0
15,Masculin,Rural,Ambii părinți,Liceal,Liceal,44,33,"Da, frecvent",9.0,1,4.7,Neutră,Nu,Bine,Parțial,0.11,0
15,Masculin,Rural,Ambii părinți,Universitar,Liceal,20,13,Ocazional,7.5,3,2.7,Pozitivă,Nu,Izolat,Parțial,0.75,0
12,Feminin,Urban,Ambii părinți,Universitar,Postliceal,72,81,"Da, frecvent",6.3,1,3.7,Pozitivă,Avertismente,Bine,Nu,0.52,0
14,Masculin,Urban,Ambii părinți,Universitar,Universitar,11,62,Ocazional,7.3,1,6.8,Pozitivă,Nu,Bine,Da,0.15,0
13,Feminin,Rural,Ambii părinți,Liceal,Universitar,59,9,"Da, frecvent",10.0,1,3.2,Negativă,Nu,Altul,Parțial,0.6,0
13,Feminin,Rural,Monoparental,Liceal,Gimnazial,10,136,Ocazional,8.0,3,4.2,Pozitivă,Nu,Izolat,Da,0.76,0
17,Feminin,Urban,Ambii părinți,Gimnazial,Postliceal,95,48,Ocazional,6.6,4,1.7,Pozitivă,Nu,Stresat,Parțial,0.77,0
16,Feminin,Rural,Ambii părinți,Liceal,Gimnazial,11,35,Nu,7.0,2,3.4,Pozitivă,Avertismente,Neutru,Da,0.57,0
16,Masculin,Rural,Ambii părinți,Liceal,Liceal,51,37,Ocazional,7.7,5,0.3,Pozitivă,Avertismente,Izolat,Parțial,0.96,0
14,Feminin,Rural,Ambii părinți,Gimnazial,Primar,16,6,Nu,6.5,1,4.0,Neutră,Nu,Altul,Da,0.44,0
19,Masculin,Urban,Monoparental,Liceal,Gimnazial,122,70,"Da, frecvent",6.4,5,3.3,Pozitivă,Nu,Izolat,Da,0.76,1
11,Masculin,Urban,Altă situație,Liceal,Liceal,118,2,Nu,7.1,4,1.6,Neutră,Nu,Neutru,Parțial,0.18,0
14,Feminin,Urban,Ambii părinți,Gimnazial,Universitar,50,37,Ocazional,9.2,0,2.0,Neutră,Nu,Stresat,Parțial,0.82,0
12,Feminin,Rural,Tutore / plasament,Gimnazial,Primar,49,62,Ocazional,8.2,4,0.0,Negativă,Avertismente,Stresat,Parțial,1.42,0
14,Masculin,Urban,Monoparental,Liceal,Liceal,68,10,Nu,6.5,5,0.0,Neutră,Nu,Stresat,Nu,0.68,1
19,Feminin,Rural,Monoparental,Liceal,Liceal,58,51,Nu,8.3,4,0.7,Pozitivă,Avertismente,Stresat,Da,1.06,0
14,Masculin,Rural,Ambii părinți,Postliceal,Universitar,76,29,Nu,7.1,1,2.7,Neutră,Avertismente,Bine,Da,0.9,0
19,Feminin,Rural,Ambii părinți,Postliceal,Postliceal,11,53,"Da, frecvent",7.6,2,3.4,Neutră,Nu,Stresat,Parțial,1.0,0
15,Masculin,Urban,Ambii părinți,Gimnazial,Gimnazial,34,60,Ocazional,7.5,5,0.0,Negativă,Nu,Neutru,Nu,0.53,0
17,Masculin,Urban,Altă situație,Primar,Gimnazial,17,86,"Da, frecvent",4.1,1,5.2,Negativă,Nu,Bine,Da,0.48,1
15,Feminin,Rural,Ambii părinți,Gimnazial,Liceal,117,72,Ocazional,2.8,2,4.3,Neutră,Nu,Bine,Da,0.09,1
13,Feminin,Rural,Ambii părinți,Gimnazial,Gimnazial,7,2,Ocazional,7.4,3,5.3,Pozitivă,Nu,Bine,Nu,0.41,0
17,Masculin,Rural,Ambii părinți,Liceal,Universitar,134,9,"Da, frecvent",5.9,4,4.2,Pozitivă,Nu,Neutru,Parțial,0.07,0
19,Feminin,Urban,Ambii părinți,Necunoscut,Universitar,35,40,"Da, frecvent",4.8,5,1.3,Negativă,Nu,Bine,Nu,0.46,1
13,Feminin,Rural,Ambii părinți,Gimnazial,Universitar,77,61,Nu,5.9,4,0.0,Negativă,Nu,Stresat,Da,0.79,0
18,Feminin,Urban,Monoparental,Liceal,Gimnazial,19,8,"Da, frecvent",8.4,2,4.4,Pozitivă,Sancțiuni,Altul,Da,0.8,0
13,Feminin,Urban,Ambii părinți,Postliceal,Postliceal,6,47,"Da, frecvent",7.6,2,5.8,Neutră,Nu,Bine,Parțial,0.06,0
17,Masculin,Urban,Monoparental,Liceal,Postliceal,113,76,"Da, frecvent",8.2,3,6.0,Pozitivă,Nu,Bine,Da,0.36,0
18,Masculin,Rural,Monoparental,Primar,Primar,54,59,Ocazional,7.7,0,5.0,Pozitivă,Nu,Bine,Parțial,0.07,0
15,Feminin,Urban,Ambii părinți,Gimnazial,Gimnazial,8,46,"Da, frecvent",5.8,2,5.7,Pozitivă,Nu,Stresat,Da,0.6,0
17,Masculin,Urban,Monoparental,Universitar,Gimnazial,31,25,Nu,8.2,2,1.3,Pozitivă,Sancțiuni,Bine,Parțial,0.57,0
13,Feminin,Rural,Ambii părinți,Gimnazial,Liceal,28,24,"Da, frecvent",7.9,5,2.3,Neutră,Nu,Bine,Nu,0.12,0
11,Feminin,Rural,Monoparental,Postliceal,Universitar,52,120,"Da, frecvent",6.9,5,3.3,Pozitivă,Nu,Bine,Nu,0.47,0
11,Masculin,Urban,Monoparental,Universitar,Universitar,11,16,"Da, frecvent",7.2,1,7.0,Neutră,Nu,Bine,Da,0.13,0
15,Altul / prefer să nu spun,Urban,Ambii părinți,Gimnazial,Gimnazial,8,9,"Da, frecvent",8.2,3,2.9,Neutră,Sancțiuni,Stresat,Da,0.95,0
19,Feminin,Rural,Ambii părinți,Postliceal,Liceal,39,5,Ocazional,6.1,2,1.1,Neutră,Nu,Stresat,Nu,0.76,0
12,Feminin,Urban,Ambii părinți,Gimnazial,Gimnazial,12,44,"Da, frecvent",8.6,4,3.7,Pozitivă,Sancțiuni,Bine,Parțial,0.85,0
15,Masculin,Urban,Ambii părinți,Gimnazial,Gimnazial,116,39,Ocazional,7.9,2,3.3,Pozitivă,Nu,Neutru,Parțial,0.14,0
17,Masculin,Rural,Ambii părinți,Liceal,Primar,71,27,Ocazional,7.1,3,0.0,Neutră,Sancțiuni,Neutru,Nu,0.69,0
12,Feminin,Urban,Ambii părinți,Necunoscut,Postliceal,69,39,"Da, frecvent",9.2,4,3.7,Neutră,Nu,Altul,Da,0.31,0
17,Feminin,Rural,Monoparental,Gimnazial,Postliceal,2,53,"Da, frecvent",5.3,4,3.5,Pozitivă,Avertismente,Stresat,Parțial,0.9,1
13,Masculin,Urban,Ambii părinți,Gimnazial,Universitar,20,22,Ocazional,6.5,4,1.0,Pozitivă,Nu,Stresat,Nu,1.1,1
18,Feminin,Urban,Ambii părinți,Universitar,Universitar,25,41,Ocazional,6.1,1,1.7,Negativă,Nu,Altul,Parțial,0.34,0
16,Feminin,Urban,Ambii părinți,Gimnazial,Gimnazial,10,20,Ocazional,7.6,4,3.8,Pozitivă,Nu,Neutru,Parțial,0.0,0
15,Feminin,Urban,Ambii părinți,Universitar,Postliceal,58,43,Nu,8.8,1,2.7,Pozitivă,Nu,Bine,Nu,0.25,0
12,Feminin,Urban,Altă situație,Postliceal,Gimnazial,51,77,"Da, frecvent",5.7,4,1.7,Negativă,Nu,Stresat,Da,0.7,1
15,Feminin,Urban,Ambii părinți,Liceal,Liceal,66,58,Ocazional,10.0,5,1.3,Neutră,Nu,Bine,Nu,0.36,0
18,Masculin,Rural,Ambii părinți,Universitar,Liceal,84,98,Ocazional,6.2,2,3.3,Pozitivă,Avertismente,Neutru,Da,0.36,0
11,Masculin,Rural,Ambii părinți,Postliceal,Primar,80,16,"Da, frecvent",7.6,5,0.0,Negativă,Nu,Stresat,Nu,0.94,0
17,Masculin,Urban,Ambii părinți,Gimnazial,Gimnazial,235,12,Ocazional,7.1,0,5.4,Pozitivă,Nu,Neutru,Da,0.2,0
15,Altul / prefer să nu spun,Rural,Ambii părinți,Necunoscut,Gimnazial,33,38,Ocazional,7.2,2,3.3,Negativă,Nu,Bine,Da,0.36,1
17,Feminin,Rural,Monoparental,Universitar,Gimnazial,28,16,Ocazional,6.0,5,1.5,Neutră,Nu,Neutru,Parțial,0.37,0
16,Feminin,Rural,Ambii părinți,Universitar,Universitar,57,44,Ocazional,8.6,4,1.7,Neutră,Nu,Bine,Nu,0.56,0
14,Masculin,Urban,Monoparental,Liceal,Gimnazial,96,32,"Da, frecvent",5.9,1,2.7,Negativă,Nu,Bine,Nu,0.56,1
13,Feminin,Urban,Ambii părinți,Liceal,Liceal,4,10,Ocazional,4.6,3,4.2,Neutră,Nu,Neutru,Parțial,0.24,0
16,Masculin,Urban,Monoparental,Liceal,Necunoscut,14,40,Nu,5.5,0,2.8,Pozitivă,Avertismente,Bine,Nu,0.45,1
12,Masculin,Urban,Ambii părinți,Primar,Liceal,18,10,Ocazional,9.1,4,2.7,Neutră,Nu,Altul,Parțial,0.28,0
16,Feminin,Urban,Ambii părinți,Liceal,Liceal,37,81,Ocazional,8.9,0,2.0,Neutră,Nu,Neutru,Nu,0.42,1
11,Feminin,Rural,Monoparental,Liceal,Universitar,20,22,Ocazional,4.3,3,2.3,Neutră,Nu,Izolat,Da,0.87,1
16,Feminin,Rural,Monoparental,Postliceal,Gimnazial,85,12,Ocazional,8.2,2,4.7,Pozitivă,Nu,Altul,Da,0.09,0
16,Feminin,Urban,Ambii părinți,Liceal,Gimnazial,42,33,"Da, frecvent",4.3,3,4.0,Pozitivă,Avertismente,Neutru,Da,0.45,0
11,Feminin,Rural,Altă situație,Liceal,Liceal,30,36,Ocazional,7.1,2,0.0,Negativă,Avertismente,Neutru,Nu,0.85,1
17,Feminin,Urban,Tutore / plasament,Postliceal,Liceal,52,15,Ocazional,5.4,0,3.2,Pozitivă,Avertismente,Izolat,Da,1.31,0
14,Masculin,Rural,Ambii părinți,Liceal,Universitar,2,15,"Da, frecvent",8.3,3,7.1,Neutră,Nu,Bine,Da,0.2,0
18,Masculin,Rural,Monoparental,Universitar,Primar,50,3,"Da, frecvent",7.9,5,4.2,Neutră,Nu,Neutru,Da,0.0,0
11,Masculin,Urban,Ambii părinți,Postliceal,Liceal,12,55,"Da, frecvent",8.5,3,7.0,Pozitivă,Nu,Bine,Da,0.27,0
12,Feminin,Rural,Ambii părinți,Primar,Postliceal,73,79,Ocazional,6.7,0,3.0,Pozitivă,Nu,Stresat,Parțial,0.62,0
15,Feminin,Rural,Ambii părinți,Primar,Necunoscut,3,62,"Da, frecvent",6.8,0,6.8,Pozitivă,Nu,Izolat,Da,0.9,0
12,Feminin,Rural,Tutore / plasament,Postliceal,Gimnazial,55,12,Nu,5.0,1,2.1,Pozitivă,Nu,Neutru,Nu,0.45,0
13,Feminin,Rural,Ambii părinți,Liceal,Gimnazial,13,39,Nu,5.7,1,0.6,Negativă,Nu,Neutru,Nu,0.77,1
16,Masculin,Rural,Ambii părinți,Universitar,Universitar,98,33,Nu,8.4,0,3.0,Pozitivă,Nu,Neutru,Parțial,0.34,0
12,Feminin,Urban,Ambii părinți,Gimnazial,Liceal,4,5,"Da, frecvent",7.6,5,6.7,Pozitivă,Nu,Neutru,Da,0.32,0
17,Feminin,Urban,Ambii părinți,Primar,Primar,35,15,Ocazional,7.2,4,0.9,Neutră,Nu,Neutru,Nu,0.55,0
11,Masculin,Rural,Tutore / plasament,Liceal,Primar,64,37,Nu,8.9,4,0.0,Negativă,Nu,Izolat,Parțial,1.05,0
12,Feminin,Urban,Monoparental,Postliceal,Universitar,47,1,Ocazional,5.3,5,5.3,Pozitivă,Nu,Bine,Da,0.03,0
16,Feminin,Rural,Ambii părinți,Necunoscut,Liceal,47,8,"Da, frecvent",8.1,5,5.9,Pozitivă,Nu,Bine,Da,0.0,0
18,Feminin,Urban,Tutore / plasament,Universitar,Liceal,7,50,Nu,5.4,1,4.1,Neutră,Avertismente,Bine,Da,0.35,0
12,Masculin,Urban,Monoparental,Liceal,Universitar,7,11,Ocazional,9.2,0,3.9,Neutră,Nu,Stresat,Parțial,0.83,0
13,Masculin,Urban,Ambii părinți,Universitar,Gimnazial,45,5,Nu,7.9,4,0.4,Neutră,Avertismente,Izolat,Da,0.65,1
19,Feminin,Rural,Ambii părinți,Primar,Gimnazial,39,60,Nu,8.5,5,0.0,Pozitivă,Sancțiuni,Bine,Nu,0.7,0
19,Masculin,Urban,Ambii părinți,Liceal,Liceal,10,11,Nu,6.1,4,1.3,Negativă,Nu,Neutru,Parțial,0.3,0
16,Masculin,Urban,Ambii părinți,Universitar,Universitar,9,50,Ocazional,10.0,5,3.6,Neutră,Nu,Altul,Da,0.37,0
15,Masculin,Urban,Ambii părinți,Liceal,Gimnazial,31,96,"Da, frecvent",9.9,3,3.0,Negativă,Avertismente,Bine,Da,0.68,0
14,Feminin,Rural,Monoparental,Universitar,Postliceal,23,7,Ocazional,7.7,2,0.1,Negativă,Avertismente,Izolat,Parțial,1.18,0
16,Feminin,Rural,Tutore / plasament,Gimnazial,Gimnazial,150,23,Ocazional,8.7,0,4.0,Neutră,Nu,Altul,Da,0.39,0
16,Masculin,Urban,Ambii părinți,Gimnazial,Gimnazial,103,34,Ocazional,6.7,4,0.7,Pozitivă,Sancțiuni,Stresat,Da,1.03,0
13,Feminin,Rural,Tutore / plasament,Liceal,Universitar,70,59,Ocazional,5.3,1,2.7,Neutră,Avertismente,Bine,Parțial,0.45,1
11,Masculin,Urban,Tutore / plasament,Universitar,Gimnazial,113,15,Ocazional,8.2,1,2.9,Neutră,Avertismente,Neutru,Da,0.41,0
12,Masculin,Rural,Ambii părinți,Liceal,Primar,17,0,Ocazional,5.8,5,5.9,Pozitivă,Nu,Bine,Da,0.2,0
19,Feminin,Urban,Ambii părinți,Universitar,Universitar,20,7,Nu,8.9,3,4.0,Pozitivă,Nu,Bine,Parțial,0.09,0
14,Masculin,Rural,Monoparental,Gimnazial,Liceal,91,18,Nu,8.6,2,3.4,Pozitivă,Nu,Bine,Parțial,0.09,0
15,Masculin,Rural,Monoparental,Postliceal,Liceal,35,50,Ocazional,7.4,4,2.7,Negativă,Nu,Bine,Da,0.61,0
15,Masculin,Rural,Ambii părinți,Liceal,Universitar,37,23,Ocazional,7.4,4,0.7,Neutră,Nu,Altul,Nu,0.36,0
18,Feminin,Urban,Monoparental,Gimnazial,Gimnazial,9,48,Ocazional,8.5,2,3.6,Neutră,Nu,Neutru,Parțial,0.07,0
11,Masculin,Rural,Ambii părinți,Postliceal,Postliceal,87,18,Ocazional,7.5,5,2.4,Neutră,Avertismente,Bine,Da,0.32,0
11,Masculin,Rural,Monoparental,Postliceal,Gimnazial,57,31,"Da, frecvent",6.5,0,3.0,Neutră,Nu,Neutru,Nu,0.39,0
13,Masculin,Rural,Monoparental,Liceal,Gimnazial,26,53,Nu,5.0,2,0.3,Negativă,Nu,Neutru,Parțial,0.25,1
15,Masculin,Rural,Ambii părinți,Gimnazial,Postliceal,20,65,Nu,8.4,2,2.7,Pozitivă,Nu,Bine,Nu,0.28,0
17,Masculin,Rural,Ambii părinți,Gimnazial,Gimnazial,99,113,Ocazional,7.6,0,4.0,Pozitivă,Sancțiuni,Bine,Da,0.35,0
15,Feminin,Urban,Ambii părinți,Universitar,Universitar,17,35,Nu,10.0,4,0.2,Neutră,Sancțiuni,Neutru,Da,0.54,0
14,Feminin,Rural,Tutore / plasament,Postliceal,Universitar,5,2,Nu,7.0,0,3.5,Neutră,Nu,Izolat,Parțial,0.47,0
19,Feminin,Urban,Tutore / plasament,Universitar,Universitar,104,40,Nu,7.5,4,0.0,Negativă,Nu,Bine,Nu,0.62,1
12,Masculin,Rural,Monoparental,Postliceal,Gimnazial,106,2,Nu,7.6,4,0.0,Negativă,Nu,Izolat,Nu,1.0,1
16,Masculin,Urban,Ambii părinți,Universitar,Gimnazial,17,44,Ocazional,8.0,2,2.9,Neutră,Nu,Neutru,Parțial,0.28,0
15,Masculin,Urban,Ambii părinți,Gimnazial,Universitar,173,30,Nu,5.7,1,0.7,Pozitivă,Avertismente,Neutru,Nu,0.79,0
15,Feminin,Rural,Ambii părinți,Liceal,Liceal,31,62,Nu,7.0,5,1.3,Pozitivă,Sancțiuni,Bine,Da,0.52,0
18,Masculin,Rural,Ambii părinți,Postliceal,Postliceal,17,18,Ocazional,8.3,4,3.4,Pozitivă,Nu,Neutru,Parțial,0.3,0
13,Masculin,Rural,Ambii părinți,Gimnazial,Universitar,56,31,"Da, frecvent",6.6,0,5.0,Neutră,Nu,Bine,Parțial,0.43,0
19,Feminin,Rural,Monoparental,Gimnazial,Gimnazial,7,41,"Da, frecvent",8.2,4,6.1,Neutră,Nu,Bine,Da,0.38,0
13,Masculin,Urban,Ambii părinți,Postliceal,Gimnazial,12,1,Ocazional,7.2,0,6.0,Pozitivă,Nu,Izolat,Da,0.46,0
15,Masculin,Urban,Monoparental,Universitar,Liceal,45,39,Nu,7.7,3,2.0,Neutră,Nu,Neutru,Da,0.04,0
15,Masculin,Urban,Altă situație,Postliceal,Liceal,38,12,Ocazional,8.7,1,5.1,Neutră,Nu,Bine,Da,0.06,0
18,Feminin,Rural,Monoparental,Primar,Gimnazial,76,36,Nu,6.8,3,3.0,Pozitivă,Avertismente,Bine,Da,0.61,0
14,Masculin,Rural,Ambii părinți,Necunoscut,Liceal,8,46,Nu,5.1,4,4.0,Neutră,Nu,Bine,Da,0.06,1
13,Masculin,Rural,Tutore / plasament,Gimnazial,Universitar,151,43,"Da, frecvent",6.7,4,2.7,Pozitivă,Nu,Izolat,Parțial,0.6,1
11,Masculin,Rural,Monoparental,Gimnazial,Liceal,22,60,"Da, frecvent",5.9,4,3.8,Neutră,Nu,Bine,Parțial,0.02,0
14,Masculin,Urban,Ambii părinți,Necunoscut,Gimnazial,37,3,Nu,4.1,4,1.5,Neutră,Avertismente,Neutru,Da,0.55,1
18,Altul / prefer să nu spun,Rural,Monoparental,Universitar,Postliceal,21,111,"Da, frecvent",7.0,4,1.9,Pozitivă,Avertismente,Stresat,Parțial,1.16,1
11,Feminin,Rural,Tutore / plasament,Universitar,Universitar,7,6,Nu,7.4,5,3.4,Neutră,Avertismente,Bine,Da,0.28,0
19,Masculin,Rural,Ambii părinți,Universitar,Universitar,33,31,Nu,8.5,5,0.3,Neutră,Nu,Neutru,Parțial,0.06,0
15,Feminin,Urban,Ambii părinți,Postliceal,Gimnazial,63,19,Ocazional,5.5,4,1.7,Pozitivă,Nu,Neutru,Nu,0.01,0
12,Altul / prefer să nu spun,Urban,Ambii părinți,Gimnazial,Universitar,28,24,Ocazional,7.2,2,0.0,Negativă,Nu,Izolat,Nu,0.67,0
13,Feminin,Urban,Ambii părinți,Liceal,Universitar,13,99,Nu,8.7,1,0.6,Neutră,Sancțiuni,Neutru,Parțial,0.59,0
15,Feminin,Urban,Monoparental,Universitar,Postliceal,79,7,Nu,6.3,1,3.3,Neutră,Nu,Bine,Parțial,0.21,0
13,Masculin,Rural,Ambii părinți,Universitar,Gimnazial,81,87,Ocazional,7.9,3,5.0,Pozitivă,Nu,Bine,Da,0.18,0
11,Feminin,Urban,Ambii părinți,Liceal,Primar,27,52,Nu,9.3,3,3.0,Pozitivă,Nu,Bine,Parțial,0.44,0
16,Masculin,Rural,Ambii părinți,Liceal,Liceal,48,26,Ocazional,4.5,2,4.3,Pozitivă,Nu,Neutru,Da,0.0,0
17,Feminin,Rural,Ambii părinți,Gimnazial,Gimnazial,78,26,"Da, frecvent",7.5,2,4.3,Pozitivă,Nu,Altul,Parțial,0.0,0
12,Masculin,Rural,Ambii părinți,Liceal,Gimnazial,62,43,Ocazional,8.7,4,1.7,Neutră,Nu,Bine,Nu,0.15,0
13,Masculin,Urban,Ambii părinți,Universitar,Universitar,47,17,Nu,6.6,3,0.1,Negativă,Nu,Bine,Nu,0.17,0
13,Feminin,Urban,Ambii părinți,Primar,Gimnazial,60,21,Nu,9.0,0,3.0,Pozitivă,Nu,Neutru,Parțial,0.04,0
16,Masculin,Urban,Ambii părinți,Liceal,Universitar,51,31,"Da, frecvent",8.0,0,5.0,Neutră,Nu,Bine,Parțial,0.25,0
17,Feminin,Urban,Tutore / plasament,Universitar,Liceal,35,80,Ocazional,9.6,1,2.7,Neutră,Nu,Neutru,Parțial,0.2,0
17,Masculin,Urban,Altă situație,Liceal,Universitar,8,23,Ocazional,7.9,2,4.7,Neutră,Nu,Bine,Parțial,0.33,0
19,Masculin,Rural,Ambii părinți,Liceal,Gimnazial,11,3,Nu,9.7,4,0.0,Negativă,Nu,Izolat,Nu,1.17,0
17,Masculin,Urban,Ambii părinți,Liceal,Liceal,53,32,Nu,7.5,2,3.3,Pozitivă,Nu,Bine,Parțial,0.08,0
13,Feminin,Urban,Ambii părinți,Primar,Liceal,21,25,"Da, frecvent",5.2,2,3.6,Neutră,Nu,Neutru,Parțial,0.06,0
11,Feminin,Urban,Ambii părinți,Gimnazial,Universitar,51,14,Nu,6.2,0,4.3,Pozitivă,Nu,Neutru,Da,0.23,0
16,Masculin,Rural,Ambii părinți,Gimnazial,Gimnazial,8,37,Ocazional,8.5,0,6.3,Pozitivă,Nu,Bine,Parțial,0.0,0
19,Masculin,Rural,Tutore / plasament,Gimnazial,Gimnazial,15,14,Nu,8.5,5,3.4,Neutră,Nu,Bine,Da,0.0,0
19,Masculin,Rural,Monoparental,Gimnazial,Universitar,28,23,Nu,6.7,5,2.3,Pozitivă,Nu,Neutru,Da,0.22,0
13,Feminin,Rural,Ambii părinți,Gimnazial,Gimnazial,1,31,"Da, frecvent",9.6,0,5.9,Pozitivă,Nu,Stresat,Parțial,0.74,0
13,Feminin,Rural,Altă situație,Primar,Liceal,13,34,Nu,6.6,2,1.3,Pozitivă,Avertismente,Neutru,Nu,0.98,1
11,Masculin,Rural,Ambii părinți,Universitar,Primar,17,39,Ocazional,7.7,5,2.9,Pozitivă,Nu,Neutru,Parțial,0.28,0
12,Feminin,Urban,Ambii părinți,Gimnazial,Primar,41,44,Nu,7.7,4,2.7,Pozitivă,Nu,Neutru,Da,0.21,0
15,Feminin,Rural,Ambii părinți,Liceal,Liceal,27,30,"Da, frecvent",5.2,0,6.0,Pozitivă,Nu,Neutru,Da,0.09,0
15,Masculin,Rural,Ambii părinți,Universitar,Liceal,43,4,Nu,6.9,2,2.1,Pozitivă,Avertismente,Stresat,Da,0.9,0
14,Feminin,Urban,Tutore / plasament,Gimnazial,Liceal,36,35,"Da, frecvent",10.0,5,4.3,Neutră,Nu,Bine,Da,0.1,0
13,Masculin,Rural,Ambii părinți,Liceal,Liceal,26,59,"Da, frecvent",5.8,1,4.7,Neutră,Nu,Neutru,Da,0.32,0
18,Feminin,Rural,Monoparental,Universitar,Postliceal,17,2,Nu,8.0,3,1.5,Negativă,Nu,Izolat,Da,0.98,0
15,Masculin,Rural,Ambii părinți,Liceal,Necunoscut,37,4,"Da, frecvent",5.5,1,4.5,Negativă,Nu,Neutru,Da,0.52,1
18,Masculin,Urban,Tutore / plasament,Gimnazial,Gimnazial,96,12,"Da, frecvent",5.8,1,4.1,Negativă,Nu,Neutru,Da,0.37,1
19,Masculin,Rural,Monoparental,Postliceal,Gimnazial,17,56,Nu,5.1,5,0.9,Neutră,Nu,Stresat,Da,0.54,1
13,Feminin,Rural,Ambii părinți,Postliceal,Gimnazial,146,11,Ocazional,8.4,1,3.1,Pozitivă,Nu,Neutru,Nu,0.56,0
12,Masculin,Urban,Ambii părinți,Liceal,Universitar,38,57,Ocazional,5.9,3,2.0,Pozitivă,Nu,Neutru,Nu,0.54,0
19,Masculin,Urban,Tutore / plasament,Primar,Liceal,73,33,Nu,8.9,2,0.3,Negativă,Nu,Bine,Nu,0.58,1
16,Feminin,Urban,Ambii părinți,Primar,Postliceal,48,15,Ocazional,6.4,3,2.2,Negativă,Avertismente,Bine,Da,0.8,1
13,Feminin,Urban,Ambii părinți,Universitar,Liceal,55,184,"Da, frecvent",7.3,4,4.7,Neutră,Nu,Bine,Da,0.24,0
16,Feminin,Rural,Tutore / plasament,Liceal,Liceal,13,6,Ocazional,7.7,3,2.6,Neutră,Nu,Stresat,Parțial,0.62,0
15,Masculin,Rural,Ambii părinți,Gimnazial,Universitar,21,27,Nu,4.8,0,2.2,Pozitivă,Nu,Neutru,Nu,0.3,1
19,Masculin,Urban,Ambii părinți,Liceal,Liceal,28,9,"Da, frecvent",7.4,1,4.2,Pozitivă,Nu,Izolat,Parțial,0.54,0
13,Masculin,Urban,Ambii părinți,Universitar,Liceal,59,36,Ocazional,7.6,1,1.7,Neutră,Avertismente,Bine,Nu,0.65,0
19,Masculin,Rural,Ambii părinți,Primar,Gimnazial,28,10,Ocazional,8.7,4,4.2,Pozitivă,Nu,Bine,Parțial,0.34,0
19,Masculin,Urban,Ambii părinți,Primar,Liceal,77,17,"Da, frecvent",5.8,4,2.8,Pozitivă,Nu,Neutru,Nu,0.5,0
12,Feminin,Rural,Ambii părinți,Liceal,Gimnazial,23,12,"Da, frecvent",6.0,0,3.5,Neutră,Avertismente,Bine,Nu,0.8,0
12,Feminin,Urban,Ambii părinți,Postliceal,Universitar,16,21,Nu,8.0,3,1.7,Neutră,Avertismente,Neutru,Da,0.67,0
15,Masculin,Urban,Ambii părinți,Liceal,Liceal,20,59,"Da, frecvent",9.1,2,4.7,Negativă,Nu,Bine,Da,0.28,0
11,Feminin,Rural,Ambii părinți,Universitar,Gimnazial,65,5,"Da, frecvent",6.3,2,6.1,Pozitivă,Nu,Bine,Parțial,0.0,0
13,Masculin,Urban,Altă situație,Primar,Gimnazial,122,11,Nu,5.4,5,2.8,Pozitivă,Nu,Neutru,Da,0.12,1
14,Masculin,Rural,Ambii părinți,Liceal,Liceal,157,18,Ocazional,6.7,0,2.1,Neutră,Sancțiuni,Neutru,Da,0.49,0
19,Feminin,Urban,Ambii părinți,Liceal,Universitar,59,21,Nu,5.7,4,1.7,Neutră,Nu,Bine,Parțial,0.27,0
19,Masculin,Rural,Ambii părinți,Liceal,Gimnazial,74,76,Nu,7.7,3,0.0,Negativă,Sancțiuni,Bine,Parțial,0.79,0
12,Feminin,Rural,Monoparental,Liceal,Gimnazial,5,12,Ocazional,5.6,1,5.6,Pozitivă,Nu,Bine,Nu,0.53,0
19,Masculin,Rural,Ambii părinți,Universitar,Liceal,8,56,Ocazional,8.5,1,6.0,Pozitivă,Avertismente,Bine,Da,0.14,0
11,Masculin,Urban,Ambii părinți,Liceal,Universitar,13,83,"Da, frecvent",7.4,0,4.9,Pozitivă,Nu,Altul,Nu,0.21,0
17,Masculin,Rural,Monoparental,Postliceal,Universitar,101,23,"Da, frecvent",8.5,3,1.0,Neutră,Sancțiuni,Stresat,Da,1.03,0
18,Feminin,Rural,Ambii părinți,Gimnazial,Gimnazial,100,9,"Da, frecvent",3.7,3,3.6,Pozitivă,Avertismente,Bine,Nu,0.79,1
19,Feminin,Urban,Monoparental,Liceal,Liceal,185,68,Ocazional,4.6,1,4.7,Pozitivă,Avertismente,Bine,Da,0.88,1
13,Feminin,Urban,Tutore / plasament,Liceal,Universitar,13,53,Ocazional,8.9,2,3.3,Pozitivă,Sancțiuni,Bine,Parțial,0.32,0
19,Feminin,Rural,Monoparental,Liceal,Universitar,31,8,Nu,6.1,5,0.9,Pozitivă,Avertismente,Bine,Nu,0.57,1
12,Feminin,Urban,Ambii părinți,Gimnazial,Liceal,4,93,"Da, frecvent",5.0,4,4.3,Neutră,Nu,Izolat,Da,0.62,0
15,Feminin,Rural,Ambii părinți,Universitar,Postliceal,6,13,Ocazional,6.8,3,4.8,Pozitivă,Nu,Bine,Nu,0.22,0
15,Altul / prefer să nu spun,Rural,Ambii părinți,Universitar,Liceal,25,22,"Da, frecvent",7.4,0,1.0,Negativă,Avertismente,Izolat,Parțial,1.09,0
13,Feminin,Urban,Monoparental,Universitar,Gimnazial,14,46,"Da, frecvent",6.9,3,2.8,Neutră,Avertismente,Izolat,Da,1.06,0
11,Feminin,Rural,Tutore / plasament,Universitar,Primar,14,85,Nu,7.8,2,2.2,Pozitivă,Nu,Stresat,Parțial,0.88,0
17,Masculin,Rural,Tutore / plasament,Gimnazial,Liceal,18,34,Nu,7.6,5,2.8,Pozitivă,Nu,Neutru,Da,0.17,1
14,Masculin,Urban,Ambii părinți,Liceal,Primar,110,20,Ocazional,7.5,1,3.7,Pozitivă,Avertismente,Bine,Parțial,0.35,0
16,Masculin,Rural,Monoparental,Liceal,Liceal,86,17,Ocazional,9.0,5,2.5,Pozitivă,Nu,Izolat,Da,0.66,0
14,Masculin,Urban,Ambii părinți,Universitar,Universitar,11,20,Ocazional,7.1,5,1.4,Neutră,Nu,Izolat,Parțial,0.51,0
14,Masculin,Urban,Monoparental,Gimnazial,Universitar,84,135,Nu,7.0,4,0.0,Negativă,Nu,Neutru,Parțial,0.53,1
18,Masculin,Rural,Ambii părinți,Gimnazial,Primar,15,39,Ocazional,8.2,3,4.8,Pozitivă,Avertismente,Bine,Da,0.76,0
11,Masculin,Urban,Ambii părinți,Postliceal,Primar,5,30,Nu,7.9,3,5.6,Pozitivă,Nu,Bine,Da,0.0,0
17,Masculin,Rural,Ambii părinți,Gimnazial,Postliceal,18,53,"Da, frecvent",5.8,5,2.8,Negativă,Nu,Bine,Parțial,0.39,0
17,Feminin,Urban,Altă situație,Postliceal,Liceal,45,22,Ocazional,7.0,5,3.3,Neutră,Nu,Bine,Da,0.01,0
14,Feminin,Rural,Ambii părinți,Gimnazial,Gimnazial,13,82,Ocazional,7.7,4,3.6,Pozitivă,Nu,Neutru,Parțial,0.16,0
13,Feminin,Urban,Ambii părinți,Postliceal,Universitar,58,42,"Da, frecvent",6.3,1,1.7,Pozitivă,Avertismente,Izolat,Nu,1.23,1
11,Feminin,Rural,Ambii părinți,Universitar,Gimnazial,19,20,Ocazional,6.3,2,4.8,Pozitivă,Nu,Neutru,Da,0.0,0
19,Masculin,Rural,Ambii părinți,Liceal,Primar,47,16,Ocazional,5.2,4,2.9,Pozitivă,Nu,Neutru,Parțial,0.37,0
19,Feminin,Rural,Tutore / plasament,Gimnazial,Postliceal,11,3,"Da, frecvent",3.1,0,2.9,Negativă,Nu,Stresat,Nu,1.07,1
13,Feminin,Rural,Ambii părinți,Primar,Liceal,34,58,Nu,6.6,4,0.0,Neutră,Nu,Neutru,Nu,0.27,0
11,Feminin,Rural,Ambii părinți,Primar,Liceal,13,5,"Da, frecvent",7.3,2,6.0,Pozitivă,Avertismente,Neutru,Da,0.52,0
12,Masculin,Rural,Monoparental,Gimnazial,Postliceal,26,78,Nu,5.6,3,0.0,Negativă,Nu,Stresat,Nu,0.94,1
11,Feminin,Rural,Ambii părinți,Liceal,Universitar,148,11,Ocazional,9.0,5,4.8,Pozitivă,Nu,Bine,Da,0.12,0
18,Masculin,Rural,Ambii părinți,Liceal,Primar,22,12,"Da, frecvent",5.6,5,2.9,Pozitivă,Nu,Izolat,Parțial,0.37,0
19,Masculin,Rural,Ambii părinți,Gimnazial,Liceal,7,111,"Da, frecvent",8.4,2,5.8,Negativă,Nu,Bine,Da,0.0,0
12,Feminin,Rural,Ambii părinți,Gimnazial,Gimnazial,36,55,Ocazional,7.7,4,2.7,Neutră,Nu,Neutru,Da,0.0,0
17,Masculin,Urban,Ambii părinți,Universitar,Liceal,37,30,Nu,10.0,0,2.0,Neutră,Nu,Neutru,Parțial,0.05,0
12,Feminin,Rural,Ambii părinți,Gimnazial,Liceal,37,103,Ocazional,7.9,4,2.7,Pozitivă,Avertismente,Neutru,Da,0.18,0
14,Feminin,Rural,Ambii părinți,Gimnazial,Liceal,55,25,Ocazional,5.1,0,3.0,Pozitivă,Avertismente,Neutru,Parțial,0.41,1
16,Masculin,Urban,Monoparental,Liceal,Gimnazial,21,17,"Da, frecvent",8.6,5,3.7,Negativă,Nu,Bine,Da,0.25,0
17,Masculin,Urban,Tutore / plasament,Primar,Universitar,60,32,Nu,9.5,1,0.7,Pozitivă,Nu,Stresat,Nu,0.89,0
18,Feminin,Rural,Tutore / plasament,Universitar,Liceal,33,62,Nu,4.6,4,0.7,Negativă,Nu,Bine,Parțial,0.46,0
11,Masculin,Urban,Ambii părinți,Gimnazial,Universitar,7,6,Ocazional,8.0,3,3.1,Neutră,Avertismente,Neutru,Parțial,0.81,0
12,Feminin,Urban,Ambii părinți,Postliceal,Liceal,67,12,Nu,8.3,1,3.1,Pozitivă,Nu,Izolat,Da,0.78,0
13,Masculin,Urban,Altă situație,Liceal,Universitar,40,9,Ocazional,6.8,5,0.0,Negativă,Nu,Neutru,Nu,0.37,0
13,Masculin,Urban,Monoparental,Universitar,Liceal,57,7,Ocazional,3.7,1,1.3,Negativă,Nu,Izolat,Parțial,1.02,1
19,Masculin,Rural,Ambii părinți,Postliceal,Liceal,8,22,Ocazional,6.7,5,3.7,Negativă,Nu,Bine,Da,0.6,0
17,Masculin,Rural,Ambii părinți,Universitar,Postliceal,71,7,"Da, frecvent",6.3,3,5.6,Pozitivă,Nu,Bine,Parțial,0.0,0
13,Feminin,Rural,Ambii părinți,Liceal,Universitar,178,2,"Da, frecvent",9.2,2,4.2,Neutră,Sancțiuni,Bine,Da,0.31,0
19,Masculin,Rural,Ambii părinți,Liceal,Liceal,7,12,Nu,7.0,1,4.5,Pozitivă,Nu,Izolat,Da,0.44,1
15,Masculin,Rural,Ambii părinți,Postliceal,Liceal,79,11,Nu,6.5,0,3.4,Pozitivă,Nu,Stresat,Da,0.6,0
15,Masculin,Urban,Ambii părinți,Liceal,Liceal,40,40,Ocazional,6.3,4,0.0,Negativă,Nu,Izolat,Parțial,0.97,1
14,Feminin,Rural,Altă situație,Liceal,Liceal,33,57,"Da, frecvent",7.6,4,2.7,Negativă,Nu,Neutru,Da,0.62,0
12,Feminin,Urban,Ambii părinți,Gimnazial,Liceal,71,14,"Da, frecvent",7.2,5,3.6,Pozitivă,Nu,Bine,Nu,0.51,0
19,Feminin,Urban,Ambii părinți,Gimnazial,Universitar,65,12,Ocazional,6.0,5,3.7,Neutră,Nu,Bine,Da,0.22,1
11,Feminin,Rural,Ambii părinți,Liceal,Liceal,96,106,Ocazional,7.5,1,2.7,Negativă,Nu,Neutru,Da,0.36,0
12,Feminin,Rural,Monoparental,Primar,Liceal,9,56,"Da, frecvent",6.3,3,6.2,Neutră,Nu,Bine,Da,0.22,0
13,Feminin,Urban,Monoparental,Liceal,Liceal,99,36,"Da, frecvent",3.5,5,4.3,Pozitivă,Nu,Neutru,Da,0.23,1
13,Masculin,Rural,Ambii părinți,Primar,Necunoscut,47,19,Nu,8.0,3,2.0,Pozitivă,Nu,Izolat,Da,0.93,0
12,Feminin,Rural,Ambii părinți,Liceal,Gimnazial,4,55,"Da, frecvent",7.9,4,4.3,Neutră,Sancțiuni,Bine,Da,0.5,0
11,Masculin,Urban,Monoparental,Postliceal,Gimnazial,22,8,Ocazional,7.4,4,0.0,Negativă,Sancțiuni,Stresat,Da,1.3,0
17,Masculin,Urban,Monoparental,Liceal,Gimnazial,41,57,Nu,6.5,5,0.3,Pozitivă,Nu,Neutru,Nu,0.28,0
19,Masculin,Urban,Ambii părinți,Postliceal,Postliceal,21,41,"Da, frecvent",7.0,2,6.6,Pozitivă,Nu,Bine,Da,0.17,0
12,Feminin,Rural,Tutore / plasament,Primar,Liceal,29,48,Ocazional,8.2,1,4.7,Neutră,Nu,Bine,Da,0.1,0
13,Masculin,Urban,Ambii părinți,Primar,Liceal,18,30,"Da, frecvent",6.2,5,2.8,Neutră,Nu,Neutru,Parțial,0.0,0
15,Masculin,Rural,Ambii părinți,Postliceal,Gimnazial,250,5,"Da, frecvent",8.3,2,1.1,Negativă,Avertismente,Stresat,Parțial,1.41,1
19,Masculin,Urban,Ambii părinți,Universitar,Universitar,61,8,Nu,5.0,1,2.3,Negativă,Nu,Neutru,Da,0.62,0
17,Masculin,Rural,Ambii părinți,Postliceal,Liceal,36,43,Ocazional,7.3,3,2.0,Neutră,Nu,Bine,Nu,0.34,0
17,Masculin,Rural,Ambii părinți,Postliceal,Liceal,10,39,"Da, frecvent",7.1,5,3.5,Negativă,Nu,Bine,Parțial,0.41,0
16,Masculin,Rural,Ambii părinți,Postliceal,Gimnazial,96,16,"Da, frecvent",8.5,4,0.9,Neutră,Avertismente,Stresat,Parțial,1.21,0
14,Masculin,Urban,Monoparental,Postliceal,Gimnazial,54,15,"Da, frecvent",5.8,2,4.6,Neutră,Nu,Bine,Parțial,0.12,0
12,Feminin,Rural,Ambii părinți,Postliceal,Primar,12,69,Nu,6.0,5,1.3,Pozitivă,Nu,Neutru,Nu,0.38,1
18,Masculin,Rural,Altă situație,Postliceal,Liceal,12,27,Nu,5.1,0,6.0,Pozitivă,Nu,Bine,Da,0.11,0
18,Feminin,Urban,Ambii părinți,Primar,Liceal,30,11,Ocazional,6.3,5,0.8,Pozitivă,Nu,Stresat,Nu,0.8,0
11,Masculin,Urban,Ambii părinți,Primar,Gimnazial,36,78,"Da, frecvent",7.5,1,4.7,Negativă,Nu,Bine,Da,0.44,0
17,Masculin,Urban,Tutore / plasament,Liceal,Liceal,59,73,Nu,4.6,1,3.7,Pozitivă,Nu,Bine,Parțial,0.24,1
11,Feminin,Urban,Monoparental,Liceal,Primar,32,27,Nu,6.5,1,3.7,Pozitivă,Nu,Neutru,Da,0.32,0
17,Masculin,Urban,Monoparental,Universitar,Liceal,64,32,"Da, frecvent",8.0,2,1.3,Negativă,Nu,Stresat,Parțial,0.9,0
18,Feminin,Urban,Monoparental,Liceal,Gimnazial,21,56,Ocazional,7.0,0,1.2,Neutră,Nu,Izolat,Nu,0.68,0
12,Feminin,Urban,Ambii părinți,Gimnazial,Gimnazial,32,46,Ocazional,7.2,4,0.7,Neutră,Avertismente,Altul,Parțial,0.7,0
14,Feminin,Rural,Ambii părinți,Universitar,Primar,99,5,Ocazional,5.0,0,3.8,Neutră,Avertismente,Neutru,Da,0.37,0
12,Feminin,Urban,Ambii părinți,Gimnazial,Postliceal,66,80,Ocazional,7.0,0,3.0,Pozitivă,Nu,Neutru,Nu,0.21,0
16,Feminin,Urban,Ambii părinți,Universitar,Universitar,34,4,"Da, frecvent",7.1,0,3.8,Pozitivă,Avertismente,Neutru,Nu,0.6,0
19,Feminin,Rural,Ambii părinți,Gimnazial,Liceal,46,39,Ocazional,6.9,5,2.3,Neutră,Nu,Neutru,Da,0.0,0
11,Masculin,Urban,Ambii părinți,Liceal,Gimnazial,32,7,Ocazional,7.3,0,4.6,Negativă,Nu,Bine,Da,0.31,0
14,Masculin,Urban,Tutore / plasament,Liceal,Necunoscut,6,46,Ocazional,6.7,4,3.2,Pozitivă,Nu,Stresat,Parțial,0.81,0
19,Feminin,Urban,Tutore / plasament,Gimnazial,Necunoscut,126,13,Ocazional,6.5,3,3.4,Pozitivă,Nu,Altul,Parțial,0.07,1
13,Masculin,Urban,Monoparental,Primar,Liceal,13,14,"Da, frecvent",5.6,4,6.9,Pozitivă,Nu,Bine,Da,0.39,0
12,Feminin,Rural,Monoparental,Gimnazial,Gimnazial,23,53,Ocazional,8.5,2,4.4,Neutră,Nu,Bine,Da,0.38,0
15,Masculin,Urban,Ambii părinți,Liceal,Postliceal,219,7,Nu,5.4,5,3.0,Pozitivă,Nu,Bine,Parțial,0.31,1
15,Feminin,Urban,Ambii părinți,Liceal,Universitar,10,16,Ocazional,7.3,2,3.7,Pozitivă,Nu,Neutru,Nu,0.0,0
16,Masculin,Rural,Monoparental,Universitar,Universitar,31,7,Nu,9.6,1,3.3,Pozitivă,Avertismente,Neutru,Da,0.76,0
13,Feminin,Rural,Monoparental,Primar,Liceal,104,30,Nu,8.6,5,0.0,Neutră,Sancțiuni,Bine,Parțial,0.46,0
19,Masculin,Urban,Ambii părinți,Liceal,Liceal,148,7,Nu,7.8,2,1.0,Neutră,Nu,Neutru,Nu,0.65,0
15,Feminin,Urban,Ambii părinți,Primar,Necunoscut,53,36,Ocazional,7.4,0,4.0,Pozitivă,Nu,Stresat,Da,0.59,0
13,Masculin,Rural,Ambii părinți,Universitar,Primar,97,72,"Da, frecvent",6.9,3,6.0,Pozitivă,Nu,Bine,Da,0.12,0
19,Feminin,Rural,Ambii părinți,Universitar,Gimnazial,28,2,Nu,5.8,1,2.6,Pozitivă,Avertismente,Stresat,Da,1.07,0
19,Masculin,Rural,Ambii părinți,Necunoscut,Universitar,90,13,Ocazional,6.7,4,1.0,Neutră,Nu,Stresat,Parțial,0.53,0
15,Masculin,Urban,Ambii părinți,Universitar,Gimnazial,33,8,Nu,7.9,0,2.6,Pozitivă,Avertismente,Neutru,Parțial,0.21,0
11,Masculin,Urban,Ambii părinți,Liceal,Liceal,24,5,Ocazional,7.6,4,0.4,Negativă,Avertismente,Bine,Nu,0.47,0
16,Masculin,Urban,Altă situație,Postliceal,Gimnazial,22,36,Ocazional,8.2,4,1.8,Pozitivă,Nu,Izolat,Parțial,1.23,0
15,Altul / prefer să nu spun,Rural,Ambii părinți,Gimnazial,Gimnazial,63,32,"Da, frecvent",8.8,0,5.0,Neutră,Avertismente,Bine,Da,0.2,1
12,Feminin,Rural,Monoparental,Universitar,Primar,62,80,Ocazional,6.9,3,4.0,Pozitivă,Nu,Bine,Parțial,0.0,0
16,Feminin,Urban,Monoparental,Liceal,Liceal,34,49,Ocazional,7.4,3,4.0,Neutră,Nu,Bine,Da,0.25,0
18,Feminin,Rural,Ambii părinți,Liceal,Liceal,51,28,Nu,4.4,5,0.0,Neutră,Avertismente,Izolat,Parțial,0.79,1
11,Feminin,Urban,Monoparental,Universitar,Liceal,10,34,Nu,10.0,1,3.8,Pozitivă,Nu,Bine,Nu,0.06,0
17,Masculin,Rural,Ambii părinți,Universitar,Gimnazial,28,16,Ocazional,6.5,2,3.5,Pozitivă,Nu,Neutru,Parțial,0.0,0
12,Altul / prefer să nu spun,Rural,Ambii părinți,Universitar,Universitar,10,35,Ocazional,8.0,2,3.5,Pozitivă,Nu,Stresat,Parțial,0.75,0
17,Altul / prefer să nu spun,Rural,Ambii părinți,Primar,Liceal,10,4,"Da, frecvent",6.5,2,6.3,Neutră,Nu,Neutru,Da,0.0,0
14,Masculin,Urban,Tutore / plasament,Gimnazial,Universitar,47,23,"Da, frecvent",6.5,5,1.3,Negativă,Nu,Neutru,Parțial,0.47,0
11,Masculin,Rural,Altă situație,Gimnazial,Liceal,36,40,Nu,6.8,3,2.0,Neutră,Nu,Bine,Parțial,0.14,0
19,Masculin,Urban,Ambii părinți,Liceal,Primar,22,22,Nu,5.4,0,0.2,Neutră,Nu,Stresat,Nu,0.92,1
12,Masculin,Rural,Ambii părinți,Liceal,Universitar,27,13,Ocazional,3.6,5,2.7,Pozitivă,Nu,Bine,Nu,0.27,1
16,Feminin,Urban,Ambii părinți,Gimnazial,Universitar,50,29,Nu,8.7,0,3.0,Pozitivă,Nu,Bine,Nu,0.3,0
12,Masculin,Rural,Monoparental,Universitar,Primar,64,11,"Da, frecvent",7.9,5,3.8,Neutră,Nu,Bine,Parțial,0.0,0
19,Masculin,Urban,Ambii părinți,Gimnazial,Liceal,55,21,Nu,5.8,2,1.3,Pozitivă,Nu,Neutru,Nu,0.21,0
17,Feminin,Urban,Ambii părinți,Postliceal,Postliceal,4,53,Ocazional,7.7,4,4.3,Pozitivă,Avertismente,Bine,Parțial,0.3,0
18,Feminin,Urban,Monoparental,Universitar,Gimnazial,1,55,"Da, frecvent",8.3,5,5.2,Pozitivă,Nu,Neutru,Parțial,0.42,0
14,Altul / prefer să nu spun,Urban,Ambii părinți,Liceal,Liceal,14,33,Nu,6.1,5,4.2,Pozitivă,Nu,Bine,Da,0.08,0
15,Altul / prefer să nu spun,Urban,Ambii părinți,Liceal,Gimnazial,115,9,"Da, frecvent",7.7,0,1.6,Negativă,Avertismente,Neutru,Nu,0.49,0
16,Masculin,Rural,Ambii părinți,Gimnazial,Primar,26,19,Ocazional,8.5,2,3.4,Pozitivă,Nu,Bine,Nu,0.4,0
18,Masculin,Urban,Ambii părinți,Gimnazial,Universitar,7,30,"Da, frecvent",5.1,0,6.4,Pozitivă,Nu,Neutru,Parțial,0.01,0
18,Feminin,Urban,Ambii părinți,Postliceal,Liceal,25,13,"Da, frecvent",7.8,3,4.4,Pozitivă,Nu,Stresat,Da,0.69,0
11,Feminin,Urban,Ambii părinți,Liceal,Universitar,2,97,Ocazional,7.6,2,7.2,Pozitivă,Nu,Bine,Da,0.1,0
16,Masculin,Urban,Ambii părinți,Primar,Postliceal,7,13,Ocazional,9.7,5,4.1,Pozitivă,Nu,Stresat,Da,0.97,0
11,Masculin,Rural,Tutore / plasament,Necunoscut,Necunoscut,23,28,"Da, frecvent",7.9,3,2.1,Pozitivă,Avertismente,Neutru,Nu,0.63,0
13,Masculin,Rural,Ambii părinți,Postliceal,Liceal,20,58,Nu,6.5,2,4.7,Pozitivă,Nu,Bine,Da,0.3,1
18,Masculin,Urban,Tutore / plasament,Universitar,Liceal,23,86,"Da, frecvent",6.7,0,5.1,Pozitivă,Avertismente,Bine,Parțial,0.63,0
13,Feminin,Rural,Ambii părinți,Liceal,Gimnazial,52,9,Ocazional,9.9,1,4.2,Neutră,Avertismente,Bine,Da,0.25,0
18,Masculin,Rural,Monoparental,Universitar,Liceal,78,4,Ocazional,6.6,4,1.5,Neutră,Nu,Stresat,Parțial,0.73,0
15,Feminin,Rural,Ambii părinți,Gimnazial,Liceal,38,32,"Da, frecvent",7.9,0,3.0,Neutră,Avertismente,Bine,Nu,0.56,0
13,Feminin,Urban,Monoparental,Gimnazial,Postliceal,81,106,Nu,6.8,5,0.3,Pozitivă,Nu,Altul,Nu,0.13,1
14,Feminin,Urban,Ambii părinți,Universitar,Liceal,20,5,Ocazional,8.6,3,1.1,Pozitivă,Sancțiuni,Stresat,Parțial,0.83,0
15,Feminin,Rural,Ambii părinți,Universitar,Gimnazial,91,20,"Da, frecvent",8.7,3,3.0,Negativă,Nu,Neutru,Da,0.5,0
17,Masculin,Rural,Ambii părinți,Liceal,Universitar,39,35,Ocazional,7.1,2,4.3,Pozitivă,Nu,Altul,Da,0.63,0
16,Feminin,Rural,Ambii părinți,Gimnazial,Universitar,72,29,Ocazional,6.5,0,4.0,Pozitivă,Nu,Bine,Nu,0.21,0
19,Feminin,Rural,Tutore / plasament,Gimnazial,Liceal,20,40,"Da, frecvent",6.5,1,3.0,Pozitivă,Nu,Stresat,Nu,0.94,0
18,Masculin,Urban,Altă situație,Universitar,Postliceal,37,76,"Da, frecvent",4.7,3,5.0,Pozitivă,Avertismente,Bine,Da,0.56,1
17,Masculin,Rural,Monoparental,Universitar,Liceal,164,59,Ocazional,7.2,2,3.3,Neutră,Nu,Neutru,Da,0.05,0
16,Feminin,Rural,Ambii părinți,Liceal,Universitar,37,19,Ocazional,7.2,1,2.7,Neutră,Avertismente,Bine,Parțial,0.75,0
13,Feminin,Urban,Tutore / plasament,Primar,Liceal,77,5,"Da, frecvent",6.0,4,2.4,Pozitivă,Nu,Izolat,Nu,1.3,0
14,Feminin,Rural,Monoparental,Postliceal,Liceal,85,63,Ocazional,4.5,2,2.3,Pozitivă,Sancțiuni,Bine,Parțial,0.39,1
12,Masculin,Urban,Ambii părinți,Postliceal,Primar,59,19,"Da, frecvent",7.4,2,5.4,Pozitivă,Nu,Neutru,Da,0.46,0
14,Feminin,Rural,Ambii părinți,Liceal,Gimnazial,68,29,"Da, frecvent",7.6,4,1.7,Pozitivă,Nu,Izolat,Nu,0.8,0
19,Feminin,Rural,Monoparental,Liceal,Universitar,21,54,Ocazional,7.7,0,3.2,Negativă,Nu,Bine,Parțial,0.18,0
14,Feminin,Rural,Ambii părinți,Necunoscut,Liceal,14,61,"Da, frecvent",5.7,0,2.8,Neutră,Sancțiuni,Altul,Parțial,0.47,1
12,Masculin,Rural,Ambii părinți,Gimnazial,Primar,11,52,"Da, frecvent",7.7,1,5.8,Pozitivă,Avertismente,Neutru,Da,0.66,0
16,Feminin,Urban,Monoparental,Liceal,Gimnazial,50,93,"Da, frecvent",6.8,0,5.0,Pozitivă,Nu,Stresat,Da,0.68,0
19,Masculin,Urban,Ambii părinți,Liceal,Liceal,36,26,Ocazional,8.3,2,2.3,Neutră,Avertismente,Neutru,Da,0.63,0
18,Feminin,Urban,Ambii părinți,Liceal,Postliceal,47,14,Ocazional,5.7,0,4.3,Pozitivă,Nu,Stresat,Da,0.74,0
13,Masculin,Urban,Ambii părinți,Universitar,Liceal,8,10,Ocazional,8.7,3,0.8,Negativă,Nu,Izolat,Nu,1.34,0
15,Feminin,Urban,Monoparental,Liceal,Postliceal,17,15,Ocazional,9.2,0,2.8,Negativă,Nu,Neutru,Parțial,0.45,0
15,Feminin,Urban,Altă situație,Liceal,Universitar,75,15,Ocazional,7.3,1,1.9,Pozitivă,Nu,Stresat,Nu,1.18,0
13,Feminin,Urban,Monoparental,Gimnazial,Liceal,41,33,"Da, frecvent",7.7,1,3.7,Neutră,Nu,Altul,Parțial,0.0,0
13,Masculin,Urban,Monoparental,Postliceal,Universitar,39,43,"Da, frecvent",8.2,3,4.0,Pozitivă,Nu,Stresat,Da,0.66,0
13,Masculin,Urban,Ambii părinți,Gimnazial,Gimnazial,28,8,"Da, frecvent",5.7,2,4.9,Pozitivă,Nu,Altul,Parțial,0.15,0
19,Feminin,Rural,Ambii părinți,Primar,Liceal,15,55,Nu,6.4,4,0.0,Negativă,Nu,Stresat,Parțial,0.75,1
17,Feminin,Urban,Ambii părinți,Liceal,Gimnazial,93,59,"Da, frecvent",7.4,4,2.7,Neutră,Nu,Bine,Nu,0.17,0
18,Masculin,Rural,Ambii părinți,Liceal,Primar,106,44,"Da, frecvent",9.9,2,2.3,Neutră,Nu,Stresat,Parțial,0.77,0
18,Masculin,Rural,Monoparental,Necunoscut,Primar,37,17,Ocazional,5.4,0,2.2,Negativă,Nu,Stresat,Da,1.02,1
19,Feminin,Rural,Monoparental,Postliceal,Gimnazial,31,74,Ocazional,9.4,5,3.3,Pozitivă,Nu,Bine,Parțial,0.17,0
11,Feminin,Urban,Ambii părinți,Universitar,Universitar,112,25,Nu,6.8,2,1.3,Neutră,Nu,Bine,Nu,0.54,0
18,Masculin,Urban,Tutore / plasament,Liceal,Liceal,17,12,Ocazional,7.1,3,3.0,Negativă,Nu,Bine,Parțial,0.15,0
11,Masculin,Rural,Monoparental,Liceal,Universitar,22,8,"Da, frecvent",8.8,5,2.1,Neutră,Avertismente,Stresat,Da,0.98,0
15,Masculin,Rural,Ambii părinți,Necunoscut,Liceal,73,30,Ocazional,9.9,3,3.0,Pozitivă,Nu,Stresat,Da,0.49,0
16,Masculin,Urban,Ambii părinți,Liceal,Liceal,22,17,Nu,7.7,3,0.3,Pozitivă,Nu,Stresat,Nu,0.93,0
14,Masculin,Urban,Ambii părinți,Universitar,Gimnazial,35,6,Nu,8.7,2,1.0,Negativă,Sancțiuni,Bine,Da,0.79,0
12,Feminin,Rural,Ambii părinți,Liceal,Liceal,1,4,Ocazional,5.8,4,5.4,Pozitivă,Avertismente,Bine,Parțial,0.74,0
12,Feminin,Urban,Ambii părinți,Gimnazial,Liceal,108,35,Ocazional,6.4,1,3.7,Negativă,Nu,Bine,Da,0.14,1
18,Feminin,Rural,Ambii părinți,Liceal,Universitar,68,5,"Da, frecvent",5.2,2,4.1,Pozitivă,Avertismente,Stresat,Da,1.12,0
13,Feminin,Urban,Ambii părinți,Gimnazial,Universitar,88,60,Nu,6.4,2,2.3,Pozitivă,Nu,Izolat,Da,0.96,1
13,Feminin,Urban,Ambii părinți,Primar,Gimnazial,12,9,Ocazional,7.9,0,5.6,Pozitivă,Nu,Izolat,Da,0.52,0
19,Feminin,Rural,Monoparental,Gimnazial,Liceal,127,39,"Da, frecvent",7.4,1,5.7,Neutră,Nu,Bine,Da,0.0,0
12,Masculin,Urban,Monoparental,Gimnazial,Liceal,32,30,Ocazional,9.5,1,2.7,Pozitivă,Nu,Stresat,Parțial,0.43,0
19,Feminin,Rural,Ambii părinți,Liceal,Liceal,94,13,Ocazional,10.0,0,4.4,Pozitivă,Avertismente,Neutru,Da,0.61,0
19,Feminin,Urban,Ambii părinți,Universitar,Gimnazial,49,81,"Da, frecvent",6.9,4,1.7,Negativă,Nu,Izolat,Da,0.77,0
16,Masculin,Urban,Ambii părinți,Liceal,Postliceal,70,45,Nu,6.1,4,0.7,Pozitivă,Nu,Stresat,Parțial,0.79,1
12,Masculin,Rural,Ambii părinți,Universitar,Universitar,52,24,Ocazional,8.7,5,1.3,Neutră,Nu,Neutru,Parțial,0.11,0
12,Masculin,Urban,Ambii părinți,Liceal,Liceal,21,10,"Da, frecvent",8.9,0,4.8,Pozitivă,Nu,Stresat,Parțial,1.02,0
13,Masculin,Urban,Ambii părinți,Primar,Liceal,4,42,Nu,7.7,2,3.0,Neutră,Nu,Bine,Nu,0.49,0
16,Masculin,Rural,Ambii părinți,Gimnazial,Gimnazial,100,47,Nu,8.1,3,1.0,Neutră,Nu,Stresat,Da,0.56,0
12,Feminin,Rural,Altă situație,Universitar,Universitar,77,27,"Da, frecvent",7.9,2,0.3,Negativă,Avertismente,Stresat,Parțial,1.2,1
15,Feminin,Rural,Ambii părinți,Liceal,Gimnazial,100,24,Ocazional,5.7,0,4.0,Pozitivă,Nu,Izolat,Da,0.84,1
12,Masculin,Urban,Monoparental,Universitar,Gimnazial,6,45,Nu,5.4,2,4.8,Neutră,Nu,Bine,Da,0.0,0
15,Feminin,Urban,Ambii părinți,Liceal,Gimnazial,23,23,Ocazional,7.0,0,4.1,Pozitivă,Nu,Izolat,Da,0.91,0
11,Feminin,Rural,Ambii părinți,Postliceal,Universitar,5,12,Nu,6.8,0,4.0,Neutră,Nu,Bine,Nu,0.3,0
17,Feminin,Urban,Tutore / plasament,Universitar,Postliceal,18,5,"Da, frecvent",7.5,4,4.9,Pozitivă,Nu,Stresat,Da,0.85,0
11,Feminin,Urban,Ambii părinți,Necunoscut,Primar,87,24,Nu,6.9,0,1.0,Neutră,Nu,Izolat,Parțial,0.66,0
12,Feminin,Rural,Monoparental,Primar,Gimnazial,70,5,Ocazional,4.7,1,4.4,Pozitivă,Nu,Bine,Nu,0.26,0
12,Feminin,Urban,Altă situație,Universitar,Universitar,62,48,"Da, frecvent",4.1,5,3.3,Neutră,Nu,Neutru,Da,0.03,1
18,Masculin,Urban,Ambii părinți,Liceal,Liceal,23,24,Nu,8.1,5,1.4,Pozitivă,Avertismente,Neutru,Da,0.81,0
11,Masculin,Urban,Ambii părinți,Universitar,Primar,8,54,"Da, frecvent",6.2,0,5.3,Neutră,Nu,Stresat,Da,0.65,0
14,Feminin,Urban,Ambii părinți,Liceal,Universitar,28,32,"Da, frecvent",6.8,2,6.3,Pozitivă,Nu,Bine,Da,0.7,0
16,Masculin,Rural,Ambii părinți,Liceal,Gimnazial,10,40,"Da, frecvent",6.3,2,2.5,Neutră,Nu,Izolat,Nu,0.93,0
15,Feminin,Rural,Ambii părinți,Liceal,Liceal,77,13,"Da, frecvent",5.8,3,1.4,Negativă,Sancțiuni,Altul,Da,0.55,0
17,Masculin,Urban,Ambii părinți,Universitar,Gimnazial,130,22,"Da, frecvent",5.8,4,1.7,Pozitivă,Avertismente,Stresat,Parțial,0.76,1
18,Masculin,Urban,Tutore / plasament,Gimnazial,Postliceal,48,31,"Da, frecvent",8.5,0,6.0,Pozitivă,Nu,Neutru,Da,0.37,0
14,Feminin,Rural,Monoparental,Liceal,Universitar,6,28,"Da, frecvent",6.8,2,4.8,Neutră,Nu,Neutru,Parțial,0.12,0
18,Masculin,Urban,Ambii părinți,Liceal,Liceal,103,27,"Da, frecvent",8.0,1,6.7,Pozitivă,Nu,Bine,Da,0.3,0
13,Masculin,Rural,Ambii părinți,Postliceal,Postliceal,39,8,"Da, frecvent",8.2,5,3.9,Pozitivă,Nu,Stresat,Da,1.12,0
19,Masculin,Rural,Monoparental,Liceal,Universitar,34,2,Nu,7.5,1,5.6,Pozitivă,Nu,Bine,Da,0.27,1
15,Masculin,Rural,Tutore / plasament,Postliceal,Universitar,57,7,"Da, frecvent",8.2,0,5.6,Pozitivă,Nu,Bine,Nu,0.41,0
17,Masculin,Urban,Ambii părinți,Liceal,Liceal,8,0,Nu,7.1,3,3.3,Negativă,Nu,Bine,Parțial,0.57,0
18,Feminin,Rural,Ambii părinți,Postliceal,Liceal,23,3,"Da, frecvent",9.0,5,4.3,Pozitivă,Nu,Stresat,Da,0.84,0
18,Masculin,Urban,Tutore / plasament,Postliceal,Universitar,32,33,"Da, frecvent",8.3,4,1.7,Neutră,Nu,Neutru,Nu,0.12,0
18,Masculin,Rural,Tutore / plasament,Postliceal,Primar,45,20,Ocazional,8.4,0,1.0,Pozitivă,Avertismente,Stresat,Nu,1.49,0
15,Masculin,Rural,Tutore / plasament,Universitar,Primar,49,11,Ocazional,5.8,4,3.1,Pozitivă,Avertismente,Bine,Parțial,0.49,1
11,Feminin,Rural,Ambii părinți,Liceal,Gimnazial,57,19,Ocazional,7.5,1,2.7,Neutră,Nu,Bine,Nu,0.63,0
15,Masculin,Rural,Ambii părinți,Gimnazial,Universitar,19,2,Nu,4.5,0,4.3,Neutră,Nu,Neutru,Da,0.24,1
12,Feminin,Rural,Ambii părinți,Postliceal,Gimnazial,3,23,"Da, frecvent",9.1,3,2.8,Negativă,Nu,Neutru,Nu,0.76,0
19,Masculin,Urban,Ambii părinți,Primar,Gimnazial,27,6,"Da, frecvent",6.2,4,4.4,Pozitivă,Nu,Bine,Nu,0.31,0
13,Feminin,Urban,Tutore / plasament,Gimnazial,Liceal,31,66,Nu,6.4,5,1.3,Pozitivă,Nu,Neutru,Parțial,0.0,1
13,Masculin,Rural,Ambii părinți,Universitar,Gimnazial,3,41,"Da, frecvent",5.2,3,5.8,Pozitivă,Nu,Neutru,Parțial,0.25,0
13,Masculin,Rural,Monoparental,Liceal,Gimnazial,18,38,Nu,7.0,2,0.8,Neutră,Avertismente,Izolat,Da,1.23,0
16,Feminin,Urban,Tutore / plasament,Liceal,Liceal,41,28,Ocazional,6.7,3,3.0,Neutră,Nu,Neutru,Da,0.05,0
16,Masculin,Rural,Altă situație,Necunoscut,Gimnazial,21,44,"Da, frecvent",9.7,1,4.9,Neutră,Nu,Bine,Parțial,0.11,0
19,Feminin,Rural,Monoparental,Gimnazial,Necunoscut,39,23,"Da, frecvent",8.3,0,3.0,Negativă,Nu,Bine,Nu,0.15,0
14,Masculin,Urban,Tutore / plasament,Primar,Gimnazial,20,11,Ocazional,6.4,2,5.1,Pozitivă,Avertismente,Bine,Da,0.47,1
13,Masculin,Urban,Ambii părinți,Gimnazial,Universitar,61,39,Ocazional,4.8,1,2.7,Negativă,Nu,Bine,Parțial,0.12,0
11,Feminin,Urban,Ambii părinți,Gimnazial,Liceal,11,56,Nu,3.9,0,2.1,Negativă,Nu,Stresat,Da,0.99,1
11,Feminin,Urban,Ambii părinți,Postliceal,Gimnazial,35,9,"Da, frecvent",5.7,4,4.2,Pozitivă,Nu,Stresat,Da,0.76,0
14,Feminin,Urban,Altă situație,Universitar,Gimnazial,36,4,Nu,5.2,5,4.1,Pozitivă,Nu,Bine,Da,0.15,1
19,Feminin,Urban,Tutore / plasament,Liceal,Liceal,75,100,"Da, frecvent",7.6,4,0.7,Neutră,Nu,Izolat,Nu,1.14,0
15,Masculin,Urban,Ambii părinți,Gimnazial,Liceal,25,73,"Da, frecvent",6.9,5,3.3,Pozitivă,Sancțiuni,Bine,Da,0.54,1
19,Masculin,Urban,Ambii părinți,Liceal,Gimnazial,128,25,Ocazional,7.1,2,3.3,Pozitivă,Nu,Stresat,Da,0.73,0
11,Feminin,Rural,Ambii părinți,Primar,Universitar,124,1,Nu,5.8,4,4.6,Pozitivă,Nu,Bine,Da,0.21,1
11,Masculin,Urban,Ambii părinți,Postliceal,Liceal,12,32,Ocazional,7.3,1,4.7,Neutră,Nu,Bine,Parțial,0.05,0
18,Feminin,Rural,Monoparental,Liceal,Universitar,34,140,Nu,5.1,2,0.0,Negativă,Nu,Stresat,Parțial,1.08,0
11,Masculin,Rural,Ambii părinți,Primar,Gimnazial,7,44,Ocazional,7.0,0,4.4,Negativă,Avertismente,Bine,Da,0.54,0
11,Feminin,Rural,Monoparental,Universitar,Gimnazial,53,41,Nu,8.3,3,2.0,Negativă,Nu,Bine,Da,0.43,0
14,Masculin,Rural,Ambii părinți,Universitar,Liceal,20,24,Nu,6.6,2,0.7,Pozitivă,Sancțiuni,Stresat,Da,1.27,0
19,Masculin,Rural,Ambii părinți,Gimnazial,Gimnazial,39,38,Ocazional,7.7,3,2.0,Neutră,Nu,Stresat,Da,0.52,0
17,Feminin,Urban,Ambii părinți,Postliceal,Gimnazial,27,44,Ocazional,4.3,5,0.0,Pozitivă,Avertismente,Izolat,Nu,1.01,1
11,Masculin,Rural,Altă situație,Liceal,Gimnazial,243,29,Ocazional,4.2,0,2.0,Neutră,Nu,Neutru,Nu,0.16,1
18,Altul / prefer să nu spun,Urban,Ambii părinți,Gimnazial,Primar,30,21,Nu,7.6,2,1.3,Negativă,Avertismente,Bine,Da,1.03,0
18,Feminin,Rural,Ambii părinți,Gimnazial,Universitar,27,30,Ocazional,8.6,2,1.3,Negativă,Nu,Neutru,Parțial,0.24,0
18,Feminin,Rural,Ambii părinți,Postliceal,Gimnazial,79,29,"Da, frecvent",6.8,4,2.7,Neutră,Nu,Stresat,Da,0.48,1
19,Masculin,Urban,Tutore / plasament,Universitar,Necunoscut,89,2,Nu,10.0,3,4.9,Pozitivă,Nu,Bine,Da,0.22,0
13,Feminin,Urban,Monoparental,Liceal,Gimnazial,44,121,Ocazional,5.1,4,3.7,Pozitivă,Nu,Bine,Parțial,0.0,0
19,Feminin,Rural,Monoparental,Liceal,Liceal,91,41,Ocazional,6.1,5,0.0,Neutră,Avertismente,Stresat,Parțial,0.88,0
13,Feminin,Urban,Ambii părinți,Postliceal,Liceal,214,64,Ocazional,7.3,1,3.7,Pozitivă,Nu,Stresat,Da,0.95,0
18,Masculin,Urban,Tutore / plasament,Liceal,Liceal,25,33,"Da, frecvent",7.8,2,5.3,Pozitivă,Avertismente,Bine,Da,0.33,0
16,Feminin,Urban,Ambii părinți,Primar,Universitar,9,15,Ocazional,6.3,2,2.8,Negativă,Nu,Stresat,Da,0.85,0
18,Feminin,Rural,Monoparental,Liceal,Universitar,50,54,"Da, frecvent",5.6,4,5.7,Pozitivă,Nu,Bine,Da,0.2,0
16,Masculin,Rural,Ambii părinți,Universitar,Primar,84,3,Nu,8.0,2,3.2,Pozitivă,Nu,Neutru,Parțial,0.2,0
16,Masculin,Rural,Ambii părinți,Universitar,Liceal,120,42,Ocazional,7.3,4,0.7,Pozitivă,Nu,Stresat,Nu,0.8,0
16,Masculin,Urban,Altă situație,Universitar,Universitar,58,53,Nu,6.6,1,4.7,Pozitivă,Nu,Bine,Da,0.25,0
18,Feminin,Urban,Altă situație,Gimnazial,Primar,36,23,"Da, frecvent",7.8,5,3.3,Pozitivă,Avertismente,Bine,Parțial,0.76,1
17,Masculin,Urban,Ambii părinți,Liceal,Liceal,15,39,Nu,6.9,2,2.1,Pozitivă,Nu,Neutru,Nu,0.16,0
12,Masculin,Rural,Ambii părinți,Liceal,Gimnazial,100,2,"Da, frecvent",6.9,5,5.2,Neutră,Nu,Bine,Da,0.06,0
18,Feminin,Rural,Tutore / plasament,Gimnazial,Liceal,46,40,"Da, frecvent",6.9,2,3.3,Pozitivă,Nu,Izolat,Parțial,0.68,1
15,Masculin,Rural,Altă situație,Gimnazial,Liceal,3,18,Nu,6.0,0,5.8,Pozitivă,Nu,Altul,Da,0.28,0
13,Feminin,Urban,Monoparental,Universitar,Liceal,163,39,Ocazional,5.8,1,1.7,Negativă,Nu,Neutru,Parțial,0.36,1
15,Feminin,Rural,Ambii părinți,Postliceal,Universitar,9,24,Nu,6.4,2,0.0,Neutră,Sancțiuni,Stresat,Nu,1.23,1
19,Feminin,Urban,Ambii părinți,Postliceal,Liceal,85,24,Ocazional,7.1,0,1.0,Neutră,Nu,Izolat,Nu,0.62,0
18,Masculin,Rural,Tutore / plasament,Gimnazial,Universitar,43,40,"Da, frecvent",4.5,4,1.7,Neutră,Nu,Stresat,Parțial,0.5,1
18,Feminin,Rural,Monoparental,Liceal,Postliceal,4,19,Ocazional,8.4,2,2.1,Neutră,Nu,Stresat,Nu,0.93,0
15,Feminin,Rural,Monoparental,Primar,Liceal,32,23,Nu,7.1,4,2.7,Pozitivă,Nu,Bine,Parțial,0.06,1
18,Feminin,Rural,Monoparental,Gimnazial,Liceal,25,103,Ocazional,5.6,5,0.0,Negativă,Nu,Stresat,Nu,1.04,1
14,Feminin,Rural,Ambii părinți,Liceal,Liceal,5,68,Nu,9.4,0,3.6,Pozitivă,Avertismente,Bine,Nu,0.69,0
17,Feminin,Urban,Ambii părinți,Gimnazial,Universitar,53,21,"Da, frecvent",7.2,1,4.7,Neutră,Nu,Bine,Parțial,0.57,0
16,Masculin,Urban,Monoparental,Universitar,Gimnazial,76,25,Ocazional,5.2,3,2.0,Neutră,Avertismente,Neutru,Da,0.41,1
13,Feminin,Urban,Ambii părinți,Liceal,Universitar,34,14,Nu,9.3,5,1.6,Negativă,Nu,Bine,Da,0.6,0
13,Feminin,Rural,Monoparental,Gimnazial,Liceal,25,18,Nu,9.0,5,0.0,Neutră,Avertismente,Bine,Nu,0.94,0
11,Masculin,Rural,Monoparental,Primar,Liceal,57,19,"Da, frecvent",5.8,1,4.7,Pozitivă,Avertismente,Neutru,Da,0.64,0
12,Feminin,Rural,Monoparental,Postliceal,Liceal,22,28,"Da, frecvent",6.6,1,4.8,Pozitivă,Avertismente,Bine,Parțial,0.35,0
14,Masculin,Rural,Ambii părinți,Gimnazial,Liceal,24,2,"Da, frecvent",6.5,1,3.6,Neutră,Nu,Izolat,Parțial,0.72,0
15,Feminin,Urban,Monoparental,Gimnazial,Postliceal,35,18,"Da, frecvent",4.5,2,3.4,Pozitivă,Nu,Altul,Nu,0.28,0
12,Feminin,Rural,Ambii părinți,Liceal,Postliceal,5,15,Nu,7.6,3,0.0,Negativă,Nu,Stresat,Nu,1.46,0
14,Feminin,Rural,Ambii părinți,Gimnazial,Gimnazial,2,75,Ocazional,8.3,2,5.2,Negativă,Nu,Bine,Da,0.42,0
16,Feminin,Urban,Ambii părinți,Liceal,Liceal,11,25,"Da, frecvent",8.0,4,4.8,Pozitivă,Nu,Neutru,Parțial,0.11,0
13,Feminin,Urban,Ambii părinți,Liceal,Liceal,53,32,Nu,7.1,2,0.3,Pozitivă,Sancțiuni,Bine,Nu,1.02,0
14,Masculin,Urban,Tutore / plasament,Gimnazial,Liceal,23,17,Nu,8.4,3,1.2,Negativă,Nu,Neutru,Da,0.29,0
14,Feminin,Urban,Tutore / plasament,Universitar,Liceal,10,25,Ocazional,5.5,3,5.2,Pozitivă,Nu,Bine,Parțial,0.25,1
15,Masculin,Rural,Ambii părinți,Liceal,Gimnazial,144,18,Nu,9.6,1,2.8,Pozitivă,Nu,Neutru,Parțial,0.28,0
14,Masculin,Rural,Monoparental,Liceal,Postliceal,25,28,Ocazional,6.0,0,6.0,Pozitivă,Nu,Bine,Da,0.21,0
17,Feminin,Rural,Ambii părinți,Primar,Liceal,35,39,"Da, frecvent",6.2,1,5.7,Pozitivă,Nu,Altul,Da,0.13,0
13,Masculin,Urban,Monoparental,Liceal,Liceal,99,6,Nu,6.3,4,4.4,Pozitivă,Nu,Bine,Da,0.3,0
14,Feminin,Rural,Tutore / plasament,Gimnazial,Postliceal,40,43,"Da, frecvent",6.2,4,1.7,Neutră,Nu,Neutru,Nu,0.24,0
14,Feminin,Rural,Ambii părinți,Liceal,Postliceal,57,10,Nu,6.8,0,3.5,Neutră,Avertismente,Bine,Da,0.7,0
12,Feminin,Urban,Ambii părinți,Gimnazial,Postliceal,14,106,Ocazional,6.8,2,4.2,Pozitivă,Nu,Neutru,Parțial,0.1,0
17,Masculin,Rural,Ambii părinți,Necunoscut,Gimnazial,37,28,Nu,7.3,4,0.0,Neutră,Sancțiuni,Izolat,Parțial,1.29,0
13,Masculin,Urban,Ambii părinți,Gimnazial,Gimnazial,130,31,"Da, frecvent",6.0,4,5.7,Pozitivă,Nu,Bine,Da,0.34,1
13,Feminin,Urban,Tutore / plasament,Universitar,Postliceal,50,32,Ocazional,7.3,0,4.0,Neutră,Nu,Bine,Parțial,0.25,0
18,Masculin,Urban,Ambii părinți,Universitar,Gimnazial,44,26,Nu,5.6,4,2.7,Pozitivă,Avertismente,Bine,Da,0.48,1
19,Masculin,Urban,Ambii părinți,Liceal,Gimnazial,27,13,Nu,8.1,4,0.0,Negativă,Avertismente,Neutru,Da,0.9,0
17,Feminin,Rural,Ambii părinți,Gimnazial,Gimnazial,7,31,Nu,8.1,0,3.4,Negativă,Nu,Neutru,Da,0.45,0
19,Masculin,Urban,Tutore / plasament,Liceal,Gimnazial,91,30,"Da, frecvent",7.1,2,2.3,Neutră,Nu,Stresat,Parțial,0.12,0
18,Masculin,Urban,Ambii părinți,Necunoscut,Necunoscut,33,11,Ocazional,6.2,0,2.4,Neutră,Nu,Izolat,Parțial,0.55,0
15,Masculin,Urban,Monoparental,Liceal,Gimnazial,16,6,Ocazional,7.5,3,5.4,Neutră,Nu,Bine,Da,0.18,0
17,Altul / prefer să nu spun,Urban,Monoparental,Liceal,Gimnazial,6,54,"Da, frecvent",5.9,5,4.8,Pozitivă,Nu,Izolat,Da,0.75,0
13,Feminin,Urban,Ambii părinți,Primar,Universitar,46,18,Ocazional,7.1,1,2.8,Neutră,Nu,Stresat,Da,0.83,0
15,Feminin,Urban,Ambii părinți,Universitar,Universitar,9,22,Nu,6.9,2,2.6,Negativă,Nu,Neutru,Da,0.63,1
15,Masculin,Rural,Ambii părinți,Gimnazial,Gimnazial,91,30,Ocazional,10.0,3,1.0,Negativă,Sancțiuni,Bine,Da,0.81,0
19,Feminin,Urban,Ambii părinți,Primar,Universitar,18,12,"Da, frecvent",5.4,0,3.9,Neutră,Avertismente,Stresat,Da,0.67,0
18,Feminin,Rural,Monoparental,Gimnazial,Gimnazial,38,34,Nu,3.4,1,1.7,Neutră,Nu,Neutru,Parțial,0.19,1
15,Altul / prefer să nu spun,Urban,Monoparental,Liceal,Universitar,49,23,Nu,6.2,1,2.7,Pozitivă,Nu,Bine,Nu,0.57,0
16,Feminin,Rural,Ambii părinți,Universitar,Primar,44,25,Ocazional,4.7,0,6.0,Pozitivă,Nu,Bine,Da,0.17,0
12,Feminin,Rural,Ambii părinți,Universitar,Liceal,76,62,Nu,6.1,4,0.7,Neutră,Nu,Neutru,Parțial,0.19,1
18,Masculin,Urban,Ambii părinți,Gimnazial,Gimnazial,20,29,Nu,5.3,4,1.0,Negativă,Nu,Neutru,Da,0.26,0
15,Feminin,Urban,Ambii părinți,Liceal,Postliceal,35,21,"Da, frecvent",5.8,0,4.0,Negativă,Avertismente,Bine,Da,0.87,0
15,Feminin,Rural,Monoparental,Universitar,Primar,59,9,Nu,5.6,0,1.6,Negativă,Nu,Izolat,Da,0.84,1
17,Masculin,Rural,Monoparental,Liceal,Liceal,121,32,Nu,8.4,0,5.0,Pozitivă,Nu,Bine,Da,0.26,0
16,Feminin,Rural,Monoparental,Gimnazial,Postliceal,71,52,Nu,7.0,5,0.3,Neutră,Avertismente,Bine,Parțial,0.58,0
11,Feminin,Urban,Ambii părinți,Liceal,Primar,83,21,"Da, frecvent",8.6,3,5.0,Neutră,Nu,Bine,Da,0.16,0
13,Feminin,Urban,Ambii părinți,Liceal,Universitar,25,52,Ocazional,7.2,3,0.0,Neutră,Sancțiuni,Stresat,Nu,1.34,1
12,Masculin,Rural,Ambii părinți,Necunoscut,Liceal,50,32,Nu,8.4,0,2.0,Pozitivă,Sancțiuni,Bine,Parțial,0.54,0
17,Feminin,Rural,Altă situație,Postliceal,Gimnazial,107,27,Ocazional,6.7,0,2.0,Neutră,Nu,Stresat,Parțial,0.93,0
11,Masculin,Urban,Monoparental,Primar,Gimnazial,34,36,"Da, frecvent",9.3,5,4.3,Pozitivă,Nu,Neutru,Da,0.27,0
12,Feminin,Rural,Tutore / plasament,Postliceal,Liceal,51,6,"Da, frecvent",7.8,5,5.0,Neutră,Nu,Bine,Da,0.34,0
16,Feminin,Rural,Ambii părinți,Gimnazial,Gimnazial,4,18,Nu,6.0,3,2.8,Negativă,Nu,Bine,Parțial,0.21,0
17,Masculin,Urban,Ambii părinți,Universitar,Liceal,64,19,Ocazional,8.0,0,2.0,Neutră,Avertismente,Neutru,Parțial,0.35,0
15,Masculin,Urban,Monoparental,Liceal,Liceal,44,22,Nu,7.1,0,3.0,Pozitivă,Nu,Neutru,Parțial,0.16,0
18,Masculin,Urban,Ambii părinți,Gimnazial,Liceal,61,93,Ocazional,6.8,5,2.3,Pozitivă,Sancțiuni,Bine,Da,0.63,1
19,Feminin,Urban,Monoparental,Liceal,Liceal,26,28,Nu,7.2,3,0.0,Neutră,Sancțiuni,Neutru,Parțial,0.6,0
12,Masculin,Rural,Ambii părinți,Gimnazial,Universitar,3,5,"Da, frecvent",8.2,1,6.2,Neutră,Nu,Neutru,Parțial,0.01,0
19,Masculin,Urban,Altă situație,Gimnazial,Gimnazial,67,14,Nu,4.1,0,4.3,Pozitivă,Nu,Altul,Da,0.29,0
16,Feminin,Urban,Ambii părinți,Liceal,Liceal,16,25,Nu,6.6,3,0.0,Neutră,Nu,Stresat,Nu,0.79,1
16,Feminin,Rural,Tutore / plasament,Universitar,Universitar,5,29,Ocazional,8.1,5,2.9,Negativă,Nu,Bine,Parțial,0.47,0
11,Masculin,Rural,Ambii părinți,Universitar,Gimnazial,41,0,"Da, frecvent",7.4,5,5.3,Pozitivă,Nu,Neutru,Da,0.2,0
16,Feminin,Rural,Ambii părinți,Liceal,Liceal,133,38,Nu,5.5,4,2.7,Neutră,Nu,Bine,Da,0.11,0
17,Masculin,Rural,Ambii părinți,Primar,Universitar,14,40,Nu,3.8,0,1.8,Negativă,Nu,Neutru,Parțial,0.25,1
16,Masculin,Urban,Ambii părinți,Liceal,Liceal,17,8,Ocazional,9.5,4,3.8,Neutră,Nu,Bine,Parțial,0.17,0
11,Feminin,Rural,Altă situație,Liceal,Necunoscut,70,51,Ocazional,6.8,4,0.0,Negativă,Nu,Izolat,Nu,1.11,1
15,Feminin,Urban,Tutore / plasament,Gimnazial,Gimnazial,29,21,Nu,9.2,5,0.3,Neutră,Nu,Neutru,Parțial,0.0,0
19,Feminin,Urban,Altă situație,Universitar,Liceal,67,10,Nu,8.2,0,2.5,Neutră,Nu,Izolat,Da,0.81,0
17,Feminin,Urban,Altă situație,Necunoscut,Gimnazial,27,8,Ocazional,6.0,5,3.9,Pozitivă,Nu,Neutru,Da,0.36,0
12,Feminin,Rural,Monoparental,Primar,Primar,23,38,Ocazional,3.6,4,2.8,Pozitivă,Nu,Neutru,Parțial,0.3,1
19,Masculin,Rural,Ambii părinți,Universitar,Necunoscut,14,15,"Da, frecvent",6.5,4,5.8,Pozitivă,Nu,Bine,Parțial,0.21,0
19,Feminin,Urban,Tutore / plasament,Postliceal,Gimnazial,47,31,Nu,7.0,0,2.0,Neutră,Nu,Bine,Nu,0.27,1
12,Masculin,Rural,Ambii părinți,Gimnazial,Necunoscut,14,7,Nu,7.7,5,1.8,Pozitivă,Nu,Stresat,Parțial,0.72,0
18,Feminin,Rural,Monoparental,Postliceal,Postliceal,21,19,"Da, frecvent",5.5,0,3.3,Pozitivă,Nu,Izolat,Nu,0.88,0
14,Feminin,Urban,Ambii părinți,Gimnazial,Universitar,90,36,"Da, frecvent",7.3,1,3.7,Neutră,Nu,Bine,Nu,0.37,0
16,Feminin,Rural,Monoparental,Primar,Universitar,179,61,"Da, frecvent",7.3,0,5.0,Pozitivă,Nu,Neutru,Parțial,0.32,0
15,Masculin,Urban,Ambii părinți,Necunoscut,Liceal,53,66,"Da, frecvent",8.5,1,5.7,Pozitivă,Nu,Bine,Parțial,0.13,0
18,Feminin,Rural,Ambii părinți,Postliceal,Necunoscut,93,60,Nu,6.7,3,1.0,Neutră,Nu,Neutru,Parțial,0.0,0
19,Feminin,Urban,Ambii părinți,Gimnazial,Universitar,24,146,Nu,7.7,5,0.3,Pozitivă,Nu,Izolat,Parțial,0.84,0
18,Masculin,Urban,Ambii părinți,Liceal,Liceal,28,32,Ocazional,7.5,5,1.3,Neutră,Nu,Bine,Nu,0.42,0
19,Masculin,Urban,Ambii părinți,Universitar,Postliceal,43,7,"Da, frecvent",8.3,0,5.6,Pozitivă,Sancțiuni,Bine,Da,0.53,0
19,Feminin,Urban,Ambii părinți,Liceal,Gimnazial,17,14,"Da, frecvent",6.0,5,0.2,Neutră,Avertismente,Stresat,Nu,1.04,1
11,Masculin,Rural,Ambii părinți,Universitar,Primar,22,64,Nu,2.8,0,3.2,Neutră,Nu,Bine,Parțial,0.0,1
13,Feminin,Rural,Ambii părinți,Universitar,Gimnazial,65,12,"Da, frecvent",6.8,4,4.1,Neutră,Nu,Bine,Parțial,0.02,0
17,Feminin,Urban,Ambii părinți,Liceal,Liceal,36,19,"Da, frecvent",6.8,1,6.7,Pozitivă,Nu,Bine,Da,0.04,0
16,Masculin,Rural,Monoparental,Postliceal,Gimnazial,31,50,Nu,5.5,4,0.7,Neutră,Nu,Stresat,Da,0.61,0
11,Feminin,Rural,Ambii părinți,Postliceal,Liceal,29,14,Ocazional,5.0,2,3.6,Pozitivă,Nu,Altul,Parțial,0.0,0
11,Feminin,Rural,Ambii părinți,Universitar,Postliceal,11,67,Nu,6.3,5,0.0,Neutră,Sancțiuni,Izolat,Da,1.44,0
15,Masculin,Rural,Ambii părinți,Liceal,Postliceal,41,100,"Da, frecvent",6.9,3,3.0,Pozitivă,Sancțiuni,Neutru,Da,0.77,0
16,Feminin,Urban,Ambii părinți,Primar,Universitar,17,31,"Da, frecvent",7.2,3,4.6,Pozitivă,Nu,Stresat,Da,0.75,1
12,Masculin,Urban,Ambii părinți,Gimnazial,Universitar,4,113,Nu,3.9,2,3.0,Pozitivă,Sancțiuni,Neutru,Da,0.49,1
12,Masculin,Rural,Monoparental,Liceal,Universitar,9,82,Nu,4.6,1,1.9,Pozitivă,Avertismente,Neutru,Nu,1.03,1
12,Masculin,Rural,Ambii părinți,Universitar,Liceal,30,51,Nu,8.7,3,3.0,Pozitivă,Nu,Bine,Parțial,0.44,0
16,Masculin,Rural,Ambii părinți,Universitar,Gimnazial,60,35,Ocazional,6.8,3,4.0,Pozitivă,Avertismente,Bine,Da,0.37,0
11,Masculin,Rural,Ambii părinți,Liceal,Universitar,75,32,"Da, frecvent",7.1,0,2.0,Negativă,Nu,Neutru,Nu,0.59,0
16,Altul / prefer să nu spun,Urban,Ambii părinți,Gimnazial,Gimnazial,6,23,Ocazional,5.2,0,5.5,Neutră,Nu,Altul,Da,0.12,0
15,Feminin,Rural,Ambii părinți,Primar,Gimnazial,55,41,"Da, frecvent",7.1,2,1.3,Neutră,Avertismente,Neutru,Nu,0.65,0
15,Feminin,Urban,Monoparental,Universitar,Gimnazial,139,2,"Da, frecvent",6.6,4,3.6,Pozitivă,Nu,Altul,Nu,0.32,1
17,Masculin,Urban,Ambii părinți,Liceal,Liceal,78,85,Ocazional,6.2,2,4.3,Pozitivă,Nu,Bine,Parțial,0.13,0
15,Masculin,Rural,Monoparental,Universitar,Postliceal,40,115,"Da, frecvent",5.1,2,2.3,Negativă,Avertismente,Bine,Parțial,0.74,1
17,Feminin,Urban,Ambii părinți,Gimnazial,Primar,43,49,"Da, frecvent",5.9,5,1.3,Pozitivă,Avertismente,Altul,Nu,0.74,1
17,Masculin,Rural,Ambii părinți,Liceal,Universitar,39,79,"Da, frecvent",9.9,1,4.7,Negativă,Nu,Bine,Da,0.61,0
19,Feminin,Urban,Ambii părinți,Universitar,Gimnazial,21,29,"Da, frecvent",6.6,2,4.6,Neutră,Nu,Neutru,Da,0.0,0
18,Masculin,Rural,Ambii părinți,Gimnazial,Gimnazial,81,22,Nu,8.2,5,3.3,Pozitivă,Nu,Bine,Da,0.32,0
15,Feminin,Rural,Ambii părinți,Primar,Gimnazial,12,18,Nu,6.8,3,1.1,Neutră,Avertismente,Izolat,Da,0.86,0
15,Feminin,Rural,Monoparental,Postliceal,Liceal,42,15,"Da, frecvent",6.7,0,6.2,Neutră,Nu,Bine,Da,0.19,0
13,Feminin,Rural,Monoparental,Liceal,Universitar,87,34,"Da, frecvent",6.2,1,0.7,Negativă,Nu,Izolat,Nu,1.29,0
16,Feminin,Urban,Ambii părinți,Universitar,Primar,40,66,Nu,9.0,5,1.3,Neutră,Avertismente,Bine,Da,0.6,0
12,Feminin,Urban,Ambii părinți,Universitar,Gimnazial,6,2,"Da, frecvent",7.6,4,7.1,Pozitivă,Nu,Bine,Parțial,0.09,0
19,Feminin,Urban,Tutore / plasament,Postliceal,Primar,112,9,Nu,6.0,5,0.9,Neutră,Nu,Stresat,Da,0.75,1
18,Feminin,Urban,Ambii părinți,Primar,Universitar,32,14,"Da, frecvent",6.5,2,5.6,Pozitivă,Nu,Neutru,Da,0.45,1
12,Feminin,Rural,Ambii părinți,Liceal,Necunoscut,8,4,Ocazional,8.6,3,5.1,Pozitivă,Nu,Bine,Nu,0.24,0
18,Feminin,Rural,Tutore / plasament,Universitar,Postliceal,149,44,"Da, frecvent",3.1,0,3.0,Neutră,Nu,Neutru,Nu,0.45,1
12,Feminin,Urban,Ambii părinți,Liceal,Liceal,27,40,Nu,7.5,4,1.7,Pozitivă,Avertismente,Bine,Parțial,0.67,0
17,Feminin,Urban,Ambii părinți,Universitar,Universitar,15,54,Ocazional,7.9,3,2.8,Negativă,Nu,Bine,Parțial,0.28,0
11,Feminin,Rural,Ambii părinți,Postliceal,Gimnazial,44,1,"Da, frecvent",6.1,0,4.0,Negativă,Nu,Bine,Nu,0.86,0
15,Feminin,Rural,Ambii părinți,Gimnazial,Primar,9,49,Ocazional,7.3,5,4.6,Pozitivă,Nu,Neutru,Da,0.52,0
16,Feminin,Urban,Ambii părinți,Liceal,Liceal,21,66,Ocazional,7.8,2,4.6,Pozitivă,Nu,Bine,Parțial,0.35,0
17,Feminin,Rural,Monoparental,Postliceal,Gimnazial,101,45,Nu,5.4,5,0.3,Pozitivă,Avertismente,Izolat,Da,1.25,1
14,Masculin,Rural,Ambii părinți,Primar,Liceal,28,27,Ocazional,8.3,5,2.3,Pozitivă,Nu,Stresat,Da,0.39,0
19,Altul / prefer să nu spun,Rural,Ambii părinți,Liceal,Liceal,52,23,"Da, frecvent",7.5,2,4.3,Pozitivă,Nu,Bine,Nu,0.11,0
17,Masculin,Urban,Ambii părinți,Postliceal,Gimnazial,105,36,Ocazional,6.9,0,1.0,Negativă,Nu,Neutru,Nu,0.53,1
12,Masculin,Rural,Monoparental,Gimnazial,Liceal,27,33,"Da, frecvent",7.2,0,5.0,Pozitivă,Nu,Neutru,Parțial,0.03,0
17,Masculin,Urban,Ambii părinți,Liceal,Liceal,14,14,Nu,8.1,1,3.8,Pozitivă,Nu,Stresat,Da,0.81,0
17,Feminin,Urban,Monoparental,Postliceal,Gimnazial,61,1,Nu,10.0,1,3.6,Pozitivă,Nu,Neutru,Parțial,0.0,0
14,Masculin,Rural,Ambii părinți,Universitar,Universitar,7,16,"Da, frecvent",8.0,2,5.0,Pozitivă,Nu,Neutru,Nu,0.46,0
17,Masculin,Rural,Ambii părinți,Liceal,Postliceal,12,105,Ocazional,8.2,5,2.3,Neutră,Nu,Bine,Nu,0.32,0
19,Masculin,Urban,Ambii părinți,Universitar,Primar,99,2,Ocazional,7.4,4,1.6,Negativă,Nu,Neutru,Parțial,0.25,1
18,Masculin,Rural,Ambii părinți,Universitar,Gimnazial,37,32,"Da, frecvent",9.8,1,4.7,Pozitivă,Avertismente,Bine,Parțial,0.84,0
17,Feminin,Urban,Ambii părinți,Liceal,Gimnazial,63,87,Ocazional,5.0,4,3.7,Pozitivă,Nu,Altul,Da,0.09,1
16,Masculin,Rural,Monoparental,Gimnazial,Primar,13,55,Ocazional,4.7,0,3.9,Negativă,Nu,Neutru,Da,0.06,1
13,Masculin,Rural,Tutore / plasament,Universitar,Primar,51,62,Ocazional,7.3,0,4.0,Neutră,Nu,Neutru,Da,0.23,0
18,Feminin,Rural,Monoparental,Gimnazial,Gimnazial,52,56,Ocazional,8.0,3,2.0,Neutră,Nu,Neutru,Parțial,0.22,0
14,Masculin,Rural,Ambii părinți,Universitar,Universitar,148,4,Ocazional,3.5,1,3.5,Pozitivă,Avertismente,Bine,Nu,0.67,1
15,Feminin,Rural,Ambii părinți,Liceal,Universitar,59,75,Nu,7.1,2,1.3,Neutră,Nu,Bine,Nu,0.77,0
13,Altul / prefer să nu spun,Rural,Monoparental,Liceal,Universitar,74,84,Ocazional,6.8,4,4.7,Pozitivă,Nu,Bine,Da,0.19,0
13,Masculin,Rural,Ambii părinți,Liceal,Liceal,40,6,Nu,8.1,2,3.0,Pozitivă,Nu,Stresat,Da,0.88,0
12,Feminin,Rural,Monoparental,Liceal,Postliceal,47,18,Ocazional,7.7,1,3.8,Neutră,Nu,Neutru,Da,0.21,0
19,Masculin,Urban,Tutore / plasament,Universitar,Postliceal,30,29,Ocazional,4.6,5,3.3,Pozitivă,Nu,Bine,Parțial,0.38,0
12,Feminin,Rural,Ambii părinți,Gimnazial,Universitar,28,18,"Da, frecvent",5.6,1,2.8,Neutră,Nu,Neutru,Nu,0.29,1
11,Masculin,Urban,Tutore / plasament,Universitar,Postliceal,22,13,Ocazional,6.0,3,2.5,Neutră,Nu,Bine,Nu,0.16,1
19,Masculin,Rural,Monoparental,Primar,Postliceal,28,13,Ocazional,8.1,0,1.4,Neutră,Avertismente,Neutru,Nu,0.84,0
15,Masculin,Urban,Ambii părinți,Universitar,Universitar,17,48,"Da, frecvent",7.6,0,5.6,Neutră,Nu,Bine,Parțial,0.2,0
14,Masculin,Urban,Tutore / plasament,Universitar,Liceal,69,60,"Da, frecvent",6.2,4,2.7,Pozitivă,Nu,Izolat,Parțial,0.84,1
17,Feminin,Rural,Ambii părinți,Liceal,Gimnazial,11,13,Ocazional,7.3,5,1.8,Neutră,Nu,Neutru,Nu,0.24,0
14,Feminin,Urban,Ambii părinți,Primar,Primar,134,60,"Da, frecvent",5.6,0,4.0,Neutră,Nu,Neutru,Parțial,0.24,1
12,Feminin,Urban,Ambii părinți,Universitar,Liceal,64,18,Ocazional,10.0,5,2.4,Pozitivă,Nu,Stresat,Da,0.41,0
17,Feminin,Rural,Ambii părinți,Universitar,Gimnazial,84,7,Ocazional,7.9,1,2.3,Negativă,Nu,Stresat,Da,0.81,0
12,Feminin,Urban,Ambii părinți,Liceal,Gimnazial,12,36,Ocazional,8.2,5,2.3,Negativă,Nu,Neutru,Da,0.22,0
15,Feminin,Urban,Tutore / plasament,Liceal,Primar,20,28,Nu,9.0,3,1.3,Neutră,Sancțiuni,Bine,Da,0.59,0
19,Feminin,Rural,Ambii părinți,Universitar,Gimnazial,39,37,Nu,8.5,4,2.7,Pozitivă,Nu,Bine,Parțial,0.06,0
19,Feminin,Urban,Ambii părinți,Gimnazial,Universitar,35,36,Nu,7.1,0,3.0,Neutră,Nu,Bine,Parțial,0.0,0
14,Masculin,Urban,Monoparental,Liceal,Liceal,64,33,Nu,6.8,0,3.0,Pozitivă,Nu,Stresat,Da,0.6,0
18,Feminin,Urban,Ambii părinți,Liceal,Gimnazial,35,25,"Da, frecvent",8.9,5,3.3,Pozitivă,Avertismente,Neutru,Da,0.61,0
16,Masculin,Urban,Monoparental,Gimnazial,Liceal,139,59,"Da, frecvent",7.1,0,6.0,Pozitivă,Avertismente,Bine,Da,0.52,0
15,Feminin,Urban,Ambii părinți,Universitar,Gimnazial,12,45,"Da, frecvent",6.1,5,3.3,Neutră,Nu,Bine,Nu,0.22,0
12,Feminin,Urban,Altă situație,Liceal,Postliceal,9,19,"Da, frecvent",9.9,0,6.3,Neutră,Nu,Neutru,Da,0.3,0
14,Masculin,Rural,Monoparental,Universitar,Liceal,19,18,Nu,5.8,3,1.5,Pozitivă,Sancțiuni,Neutru,Da,0.78,1
16,Feminin,Rural,Ambii părinți,Liceal,Primar,28,4,Nu,4.7,2,2.1,Pozitivă,Nu,Stresat,Parțial,0.86,1
19,Feminin,Urban,Ambii părinți,Liceal,Liceal,91,5,Ocazional,8.5,2,3.1,Pozitivă,Nu,Stresat,Parțial,0.28,0
11,Masculin,Urban,Ambii părinți,Liceal,Primar,49,23,Nu,6.1,4,2.7,Pozitivă,Avertismente,Bine,Da,0.54,0
17,Feminin,Rural,Altă situație,Liceal,Postliceal,31,53,Nu,7.7,0,1.0,Pozitivă,Nu,Stresat,Nu,0.87,0
18,Feminin,Rural,Monoparental,Universitar,Universitar,23,11,Ocazional,9.6,2,3.9,Pozitivă,Nu,Neutru,Parțial,0.0,0
19,Masculin,Urban,Ambii părinți,Postliceal,Universitar,32,47,"Da, frecvent",5.2,3,3.0,Pozitivă,Avertismente,Neutru,Parțial,0.27,1
14,Feminin,Rural,Ambii părinți,Universitar,Gimnazial,28,32,Nu,7.0,2,1.3,Pozitivă,Sancțiuni,Bine,Parțial,0.64,1
12,Masculin,Urban,Tutore / plasament,Liceal,Postliceal,124,12,Ocazional,9.2,1,3.1,Neutră,Nu,Stresat,Da,0.73,0
13,Feminin,Rural,Ambii părinți,Gimnazial,Universitar,80,29,"Da, frecvent",8.1,0,6.0,Neutră,Nu,Bine,Da,0.16,0
18,Masculin,Rural,Monoparental,Gimnazial,Universitar,20,28,"Da, frecvent",6.8,3,4.3,Neutră,Nu,Bine,Parțial,0.03,0
18,Masculin,Rural,Monoparental,Universitar,Gimnazial,35,12,Nu,10.0,0,4.4,Pozitivă,Avertismente,Bine,Da,0.69,0
16,Masculin,Urban,Ambii părinți,Liceal,Liceal,26,45,Nu,7.0,0,2.0,Pozitivă,Avertismente,Stresat,Da,0.83,0
12,Masculin,Urban,Ambii părinți,Liceal,Gimnazial,2,57,Ocazional,7.7,1,4.5,Pozitivă,Avertismente,Stresat,Da,0.89,0
12,Feminin,Urban,Ambii părinți,Liceal,Primar,21,20,Nu,9.4,4,2.9,Pozitivă,Nu,Bine,Parțial,0.09,0
15,Masculin,Urban,Ambii părinți,Liceal,Postliceal,22,8,Ocazional,8.5,0,4.8,Pozitivă,Nu,Bine,Nu,0.08,0
16,Feminin,Urban,Altă situație,Postliceal,Liceal,17,59,Nu,9.0,1,3.2,Neutră,Nu,Bine,Parțial,0.0,0
11,Masculin,Rural,Monoparental,Liceal,Gimnazial,21,4,Ocazional,5.8,0,3.0,Pozitivă,Nu,Stresat,Nu,1.09,0
17,Masculin,Urban,Monoparental,Necunoscut,Universitar,26,35,Nu,8.8,3,2.0,Pozitivă,Nu,Neutru,Parțial,0.0,0
15,Feminin,Rural,Ambii părinți,Gimnazial,Liceal,53,11,Nu,7.3,1,2.1,Pozitivă,Nu,Stresat,Parțial,0.84,1
11,Masculin,Urban,Ambii părinți,Liceal,Necunoscut,18,7,Nu,6.1,0,4.2,Pozitivă,Nu,Stresat,Da,0.81,0
11,Feminin,Urban,Monoparental,Primar,Universitar,102,16,"Da, frecvent",7.4,1,3.9,Neutră,Nu,Izolat,Da,0.67,1
15,Masculin,Rural,Ambii părinți,Universitar,Universitar,12,28,Nu,7.4,1,3.7,Pozitivă,Avertismente,Neutru,Da,0.24,0
17,Masculin,Rural,Ambii părinți,Liceal,Universitar,88,9,Ocazional,9.7,0,4.6,Pozitivă,Nu,Stresat,Da,0.71,0
18,Feminin,Urban,Ambii părinți,Liceal,Gimnazial,46,6,"Da, frecvent",7.6,2,3.0,Neutră,Avertismente,Neutru,Parțial,0.12,0
14,Masculin,Rural,Monoparental,Universitar,Primar,8,3,Ocazional,6.0,3,5.2,Pozitivă,Nu,Stresat,Da,0.6,0
13,Masculin,Urban,Monoparental,Liceal,Universitar,26,87,Ocazional,5.7,2,4.3,Pozitivă,Nu,Neutru,Da,0.19,0
19,Feminin,Urban,Ambii părinți,Gimnazial,Gimnazial,127,37,Ocazional,7.0,2,0.3,Neutră,Nu,Izolat,Nu,1.06,1
15,Masculin,Rural,Tutore / plasament,Liceal,Liceal,130,12,Ocazional,5.2,5,3.7,Pozitivă,Avertismente,Bine,Da,0.47,1
13,Feminin,Urban,Ambii părinți,Primar,Liceal,54,39,"Da, frecvent",6.1,1,0.7,Negativă,Nu,Stresat,Nu,0.99,1
14,Masculin,Rural,Ambii părinți,Universitar,Gimnazial,47,27,"Da, frecvent",6.8,2,1.3,Neutră,Avertismente,Neutru,Nu,0.58,1
11,Feminin,Urban,Ambii părinți,Postliceal,Gimnazial,52,49,Nu,6.5,3,3.0,Pozitivă,Nu,Altul,Da,0.07,1
13,Masculin,Rural,Monoparental,Universitar,Liceal,25,22,"Da, frecvent",8.1,0,7.0,Pozitivă,Nu,Bine,Da,0.26,0
15,Masculin,Rural,Ambii părinți,Universitar,Liceal,25,56,Ocazional,6.1,5,0.3,Pozitivă,Avertismente,Neutru,Nu,0.76,0
19,Feminin,Urban,Ambii părinți,Universitar,Postliceal,29,14,Ocazional,3.6,3,2.3,Neutră,Nu,Bine,Nu,0.35,1
17,Feminin,Urban,Ambii părinți,Liceal,Primar,141,32,"Da, frecvent",4.7,4,1.7,Pozitivă,Nu,Izolat,Nu,1.01,1
18,Masculin,Urban,Monoparental,Gimnazial,Liceal,49,53,"Da, frecvent",7.1,1,3.7,Neutră,Nu,Stresat,Da,0.7,0
15,Masculin,Rural,Monoparental,Liceal,Gimnazial,76,33,Ocazional,6.3,4,1.7,Pozitivă,Nu,Stresat,Parțial,0.46,0
11,Feminin,Rural,Ambii părinți,Universitar,Liceal,47,108,Nu,5.4,5,0.3,Neutră,Avertismente,Neutru,Da,0.3,0
14,Feminin,Rural,Tutore / plasament,Universitar,Gimnazial,126,48,Nu,9.8,3,0.0,Negativă,Sancțiuni,Stresat,Da,1.36,0
19,Feminin,Urban,Ambii părinți,Universitar,Gimnazial,17,38,Ocazional,8.3,1,4.2,Pozitivă,Avertismente,Neutru,Da,0.25,0
11,Altul / prefer să nu spun,Urban,Ambii părinți,Gimnazial,Universitar,6,19,"Da, frecvent",7.0,4,5.2,Pozitivă,Avertismente,Bine,Parțial,0.43,0
18,Feminin,Rural,Ambii părinți,Gimnazial,Gimnazial,1,33,Ocazional,7.4,5,2.2,Neutră,Nu,Stresat,Parțial,0.68,1
17,Masculin,Urban,Monoparental,Universitar,Postliceal,23,69,Ocazional,6.7,4,0.0,Neutră,Avertismente,Neutru,Nu,0.51,1
13,Feminin,Rural,Ambii părinți,Gimnazial,Gimnazial,23,17,Ocazional,5.3,3,5.2,Pozitivă,Nu,Bine,Da,0.0,0
18,Masculin,Urban,Ambii părinți,Liceal,Gimnazial,11,11,Ocazional,8.5,2,1.9,Neutră,Nu,Stresat,Nu,0.69,0
18,Feminin,Urban,Ambii părinți,Liceal,Gimnazial,28,17,Ocazional,8.3,1,4.8,Neutră,Nu,Bine,Da,0.0,0
11,Feminin,Rural,Ambii părinți,Gimnazial,Universitar,51,16,"Da, frecvent",4.3,4,0.0,Negativă,Nu,Stresat,Nu,1.21,1
11,Masculin,Rural,Monoparental,Postliceal,Liceal,46,43,Nu,7.4,2,1.3,Neutră,Nu,Neutru,Parțial,0.22,0
16,Masculin,Rural,Altă situație,Universitar,Gimnazial,13,98,Ocazional,7.6,1,2.6,Neutră,Sancțiuni,Neutru,Da,0.36,0
19,Feminin,Urban,Ambii părinți,Universitar,Liceal,56,5,"Da, frecvent",6.6,2,4.1,Pozitivă,Avertismente,Bine,Nu,0.45,0
11,Feminin,Rural,Monoparental,Liceal,Liceal,116,28,Nu,10.0,0,1.0,Pozitivă,Avertismente,Stresat,Parțial,1.26,0
16,Feminin,Rural,Ambii părinți,Liceal,Universitar,40,9,"Da, frecvent",9.9,3,2.6,Neutră,Avertismente,Stresat,Da,1.13,0
12,Feminin,Rural,Ambii părinți,Universitar,Necunoscut,16,36,"Da, frecvent",6.6,3,2.7,Neutră,Avertismente,Stresat,Da,0.94,0
16,Feminin,Rural,Ambii părinți,Liceal,Liceal,7,40,"Da, frecvent",6.8,2,2.8,Negativă,Nu,Neutru,Nu,0.76,0
16,Masculin,Rural,Altă situație,Liceal,Liceal,54,16,Nu,6.6,4,0.9,Pozitivă,Nu,Neutru,Nu,0.37,1
11,Feminin,Rural,Ambii părinți,Postliceal,Liceal,47,44,Ocazional,6.2,3,2.0,Pozitivă,Avertismente,Neutru,Parțial,0.56,0
17,Masculin,Urban,Monoparental,Gimnazial,Necunoscut,83,13,Ocazional,5.8,2,5.7,Pozitivă,Nu,Bine,Da,0.0,0
19,Feminin,Urban,Ambii părinți,Primar,Liceal,52,13,"Da, frecvent",7.8,4,6.0,Pozitivă,Nu,Bine,Da,0.0,0
18,Feminin,Rural,Monoparental,Universitar,Gimnazial,63,11,"Da, frecvent",9.8,0,6.4,Pozitivă,Nu,Neutru,Da,0.0,0
11,Masculin,Urban,Ambii părinți,Liceal,Universitar,91,17,Ocazional,9.3,3,2.2,Pozitivă,Nu,Stresat,Parțial,1.07,0
13,Feminin,Urban,Altă situație,Gimnazial,Universitar,99,26,Ocazional,8.2,0,6.0,Pozitivă,Nu,Bine,Da,0.0,0
13,Masculin,Rural,Monoparental,Gimnazial,Liceal,109,23,Ocazional,3.7,3,3.0,Pozitivă,Nu,Stresat,Da,0.71,1
15,Feminin,Urban,Ambii părinți,Necunoscut,Liceal,35,30,Ocazional,4.5,0,2.0,Pozitivă,Avertismente,Neutru,Nu,0.78,1
12,Masculin,Rural,Monoparental,Postliceal,Postliceal,212,42,Nu,8.6,5,0.0,Negativă,Nu,Bine,Nu,0.55,1
18,Masculin,Rural,Ambii părinți,Postliceal,Universitar,99,31,Ocazional,9.4,0,4.0,Negativă,Nu,Bine,Da,0.32,0
17,Masculin,Urban,Ambii părinți,Primar,Liceal,82,86,Ocazional,7.9,2,2.3,Pozitivă,Sancțiuni,Neutru,Da,0.47,0
18,Feminin,Rural,Ambii părinți,Universitar,Liceal,24,27,Ocazional,6.7,3,2.0,Neutră,Nu,Neutru,Parțial,0.24,0
12,Feminin,Urban,Monoparental,Universitar,Gimnazial,55,50,"Da, frecvent",9.0,2,5.3,Neutră,Nu,Bine,Da,0.0,0
11,Feminin,Rural,Monoparental,Liceal,Gimnazial,10,4,Ocazional,8.2,1,2.6,Negativă,Avertismente,Stresat,Da,1.17,0
19,Masculin,Rural,Ambii părinți,Gimnazial,Gimnazial,99,30,"Da, frecvent",8.7,1,3.7,Neutră,Avertismente,Altul,Da,0.09,1
13,Feminin,Urban,Tutore / plasament,Postliceal,Universitar,67,23,Nu,4.5,5,3.3,Pozitivă,Nu,Bine,Da,0.0,1
16,Feminin,Urban,Ambii părinți,Universitar,Gimnazial,7,21,Ocazional,7.6,0,5.4,Pozitivă,Nu,Bine,Nu,0.12,0
19,Feminin,Urban,Ambii părinți,Universitar,Liceal,69,68,Ocazional,9.6,4,0.0,Negativă,Sancțiuni,Neutru,Da,0.85,1
11,Feminin,Urban,Ambii părinți,Necunoscut,Universitar,4,111,Nu,7.8,1,2.3,Negativă,Nu,Altul,Parțial,0.3,0
11,Feminin,Urban,Ambii părinți,Postliceal,Liceal,63,42,Ocazional,8.4,0,3.0,Neutră,Nu,Izolat,Da,0.83,0
11,Feminin,Rural,Ambii părinți,Liceal,Gimnazial,3,3,"Da, frecvent",7.2,2,4.9,Neutră,Nu,Izolat,Parțial,0.77,0
12,Feminin,Urban,Ambii părinți,Liceal,Universitar,2,15,Nu,7.2,0,2.1,Neutră,Sancțiuni,Neutru,Parțial,0.55,0
11,Masculin,Rural,Ambii părinți,Universitar,Gimnazial,4,5,Ocazional,9.1,4,3.1,Neutră,Nu,Altul,Nu,0.18,0
18,Feminin,Urban,Ambii părinți,Gimnazial,Universitar,44,30,Ocazional,6.2,4,4.7,Pozitivă,Nu,Bine,Da,0.16,0
16,Feminin,Rural,Monoparental,Gimnazial,Primar,83,38,"Da, frecvent",6.0,1,5.7,Pozitivă,Nu,Bine,Parțial,0.2,1
19,Masculin,Urban,Ambii părinți,Postliceal,Liceal,106,3,Ocazional,6.4,4,0.0,Pozitivă,Sancțiuni,Stresat,Nu,1.65,0
18,Masculin,Urban,Monoparental,Liceal,Liceal,41,77,Ocazional,7.1,4,2.7,Neutră,Nu,Neutru,Da,0.09,1
19,Feminin,Rural,Ambii părinți,Universitar,Liceal,46,7,Nu,4.8,4,2.3,Pozitivă,Nu,Stresat,Da,0.83,0
13,Masculin,Urban,Ambii părinți,Gimnazial,Liceal,21,36,Nu,8.1,0,3.2,Neutră,Nu,Neutru,Da,0.13,0
13,Masculin,Rural,Ambii părinți,Liceal,Gimnazial,13,76,Ocazional,6.9,0,0.0,Negativă,Avertismente,Stresat,Nu,1.32,0
18,Masculin,Urban,Monoparental,Gimnazial,Liceal,44,30,Nu,8.3,0,5.0,Pozitivă,Nu,Bine,Da,0.31,0
13,Masculin,Rural,Ambii părinți,Postliceal,Gimnazial,33,12,Nu,4.1,4,2.1,Negativă,Nu,Bine,Da,0.69,1
11,Masculin,Rural,Ambii părinți,Universitar,Universitar,48,12,"Da, frecvent",8.3,1,2.1,Neutră,Nu,Stresat,Nu,0.95,0
17,Feminin,Rural,Monoparental,Liceal,Liceal,13,31,Ocazional,9.0,3,2.9,Neutră,Avertismente,Neutru,Da,0.38,0
18,Feminin,Urban,Monoparental,Liceal,Liceal,28,50,"Da, frecvent",7.7,2,6.3,Pozitivă,Nu,Bine,Da,0.23,0
19,Masculin,Urban,Ambii părinți,Gimnazial,Primar,53,35,"Da, frecvent",7.1,5,3.3,Pozitivă,Avertismente,Bine,Parțial,0.55,0
19,Altul / prefer să nu spun,Urban,Ambii părinți,Postliceal,Liceal,41,11,Nu,8.3,1,1.1,Negativă,Nu,Stresat,Da,1.3,0
12,Feminin,Urban,Ambii părinți,Necunoscut,Liceal,9,22,Nu,8.9,4,0.9,Neutră,Nu,Izolat,Parțial,0.83,0
17,Feminin,Urban,Ambii părinți,Universitar,Gimnazial,107,10,Nu,7.8,0,2.5,Neutră,Nu,Stresat,Da,0.53,0
18,Masculin,Rural,Monoparental,Gimnazial,Postliceal,94,10,Ocazional,7.9,5,1.8,Pozitivă,Nu,Stresat,Parțial,0.93,0
17,Feminin,Rural,Ambii părinți,Liceal,Primar,29,9,"Da, frecvent",9.4,3,3.6,Pozitivă,Nu,Stresat,Parțial,0.84,0
18,Masculin,Rural,Ambii părinți,Gimnazial,Gimnazial,86,18,"Da, frecvent",8.2,1,5.8,Neutră,Nu,Bine,Da,0.32,0
18,Masculin,Urban,Ambii părinți,Primar,Postliceal,1,25,"Da, frecvent",6.0,2,3.3,Neutră,Sancțiuni,Neutru,Parțial,0.58,1
15,Masculin,Urban,Ambii părinți,Gimnazial,Gimnazial,55,27,Ocazional,8.9,4,0.0,Negativă,Sancțiuni,Neutru,Nu,1.08,0
11,Masculin,Rural,Monoparental,Gimnazial,Gimnazial,13,34,Ocazional,6.9,2,5.2,Pozitivă,Nu,Altul,Da,0.23,0
15,Masculin,Urban,Ambii părinți,Gimnazial,Postliceal,83,12,Ocazional,7.1,0,4.4,Pozitivă,Nu,Bine,Nu,0.3,1
12,Masculin,Urban,Ambii părinți,Universitar,Postliceal,5,25,"Da, frecvent",7.2,1,5.2,Pozitivă,Nu,Altul,Nu,0.37,0
12,Masculin,Rural,Ambii părinți,Gimnazial,Primar,29,28,"Da, frecvent",8.5,5,1.3,Pozitivă,Sancțiuni,Stresat,Da,1.03,0
12,Masculin,Rural,Ambii părinți,Universitar,Gimnazial,6,63,"Da, frecvent",9.5,2,6.8,Pozitivă,Nu,Bine,Parțial,0.21,0
17,Masculin,Rural,Ambii părinți,Universitar,Liceal,57,4,Nu,7.1,2,2.1,Pozitivă,Nu,Neutru,Nu,0.36,1
15,Feminin,Urban,Ambii părinți,Liceal,Liceal,9,5,"Da, frecvent",9.5,1,6.7,Neutră,Nu,Bine,Parțial,0.09,0
15,Masculin,Rural,Monoparental,Liceal,Liceal,120,40,"Da, frecvent",7.3,0,4.0,Pozitivă,Nu,Neutru,Nu,0.32,0
17,Feminin,Urban,Monoparental,Universitar,Postliceal,95,44,Ocazional,9.1,1,2.7,Negativă,Nu,Neutru,Da,0.35,0
15,Masculin,Urban,Altă situație,Gimnazial,Universitar,62,40,"Da, frecvent",7.4,5,0.0,Negativă,Nu,Stresat,Nu,0.78,1
16,Masculin,Rural,Tutore / plasament,Liceal,Universitar,56,40,Ocazional,6.4,3,4.0,Pozitivă,Nu,Neutru,Da,0.33,0
11,Feminin,Urban,Ambii părinți,Liceal,Liceal,39,98,Nu,9.8,2,0.0,Neutră,Avertismente,Stresat,Parțial,1.11,0
18,Feminin,Rural,Ambii părinți,Universitar,Gimnazial,5,58,"Da, frecvent",6.3,3,5.6,Pozitivă,Nu,Bine,Nu,0.24,0
15,Feminin,Urban,Ambii părinți,Universitar,Gimnazial,83,4,"Da, frecvent",6.2,4,4.5,Pozitivă,Nu,Izolat,Da,0.81,1
12,Masculin,Urban,Monoparental,Universitar,Gimnazial,166,20,"Da, frecvent",5.3,5,2.3,Pozitivă,Nu,Izolat,Parțial,0.61,1
18,Feminin,Rural,Ambii părinți,Postliceal,Liceal,125,19,"Da, frecvent",8.9,1,4.7,Pozitivă,Nu,Neutru,Parțial,0.06,0
17,Feminin,Urban,Ambii părinți,Liceal,Universitar,13,23,Nu,9.2,4,1.6,Neutră,Nu,Bine,Nu,0.42,0
11,Masculin,Rural,Ambii părinți,Universitar,Liceal,118,16,Ocazional,7.6,4,0.0,Neutră,Sancțiuni,Altul,Parțial,0.76,0
12,Masculin,Urban,Ambii părinți,Universitar,Gimnazial,125,8,Ocazional,5.7,0,2.6,Neutră,Nu,Stresat,Parțial,0.75,1
11,Feminin,Rural,Monoparental,Liceal,Liceal,34,29,Ocazional,7.1,5,1.3,Neutră,Nu,Izolat,Da,0.56,0
13,Feminin,Urban,Monoparental,Necunoscut,Necunoscut,55,66,"Da, frecvent",6.7,1,5.7,Neutră,Nu,Bine,Da,0.09,0
11,Masculin,Urban,Ambii părinți,Universitar,Gimnazial,32,16,Ocazional,5.7,4,1.9,Neutră,Nu,Stresat,Da,0.85,0
17,Masculin,Rural,Tutore / plasament,Liceal,Universitar,110,33,"Da, frecvent",6.4,5,2.3,Negativă,Nu,Bine,Parțial,0.42,0
15,Masculin,Urban,Ambii părinți,Primar,Universitar,19,24,Nu,7.8,3,0.4,Neutră,Avertismente,Neutru,Parțial,0.67,0
19,Feminin,Urban,Ambii părinți,Gimnazial,Liceal,2,40,Nu,6.3,1,4.5,Pozitivă,Nu,Stresat,Da,0.77,0
17,Feminin,Rural,Ambii părinți,Universitar,Liceal,69,22,"Da, frecvent",7.5,5,3.3,Neutră,Nu,Neutru,Da,0.29,0
16,Feminin,Rural,Monoparental,Gimnazial,Liceal,82,14,Nu,4.6,2,2.6,Neutră,Avertismente,Bine,Da,0.86,1
15,Masculin,Rural,Ambii părinți,Liceal,Gimnazial,20,17,"Da, frecvent",9.5,4,2.1,Pozitivă,Avertismente,Neutru,Nu,0.46,0
11,Feminin,Rural,Ambii părinți,Liceal,Liceal,10,64,"Da, frecvent",6.6,4,5.8,Neutră,Nu,Bine,Da,0.58,1
11,Feminin,Rural,Altă situație,Universitar,Gimnazial,2,27,"Da, frecvent",8.3,1,4.5,Negativă,Nu,Neutru,Parțial,0.52,0
16,Masculin,Rural,Ambii părinți,Universitar,Postliceal,38,26,"Da, frecvent",7.4,3,2.0,Negativă,Nu,Bine,Nu,1.02,0
11,Masculin,Rural,Ambii părinți,Universitar,Universitar,52,63,"Da, frecvent",7.7,1,3.7,Pozitivă,Nu,Neutru,Nu,0.17,0
11,Masculin,Urban,Monoparental,Liceal,Gimnazial,87,72,Nu,5.5,0,3.0,Pozitivă,Nu,Neutru,Parțial,0.22,1
12,Feminin,Urban,Tutore / plasament,Gimnazial,Liceal,55,5,"Da, frecvent",6.0,4,5.4,Pozitivă,Nu,Altul,Da,0.18,0
18,Feminin,Rural,Monoparental,Postliceal,Gimnazial,22,49,"Da, frecvent",6.1,1,3.8,Neutră,Avertismente,Neutru,Da,0.66,0
15,Feminin,Rural,Altă situație,Gimnazial,Gimnazial,46,28,"Da, frecvent",7.1,3,4.0,Neutră,Nu,Neutru,Da,0.23,0
17,Feminin,Rural,Ambii părinți,Liceal,Postliceal,91,72,"Da, frecvent",9.0,0,3.0,Neutră,Nu,Altul,Nu,0.41,0
14,Masculin,Urban,Ambii părinți,Necunoscut,Gimnazial,51,4,"Da, frecvent",7.7,3,2.8,Negativă,Nu,Izolat,Da,1.04,1
12,Feminin,Urban,Monoparental,Liceal,Universitar,80,31,"Da, frecvent",5.8,1,3.7,Pozitivă,Avertismente,Stresat,Da,1.03,0
14,Masculin,Rural,Ambii părinți,Postliceal,Gimnazial,11,42,"Da, frecvent",7.2,1,6.8,Pozitivă,Nu,Neutru,Da,0.06,0
11,Masculin,Rural,Ambii părinți,Postliceal,Universitar,67,19,"Da, frecvent",7.0,0,5.0,Neutră,Nu,Bine,Parțial,0.23,0
17,Altul / prefer să nu spun,Urban,Altă situație,Universitar,Liceal,55,47,"Da, frecvent",6.6,5,3.3,Pozitivă,Avertismente,Neutru,Da,0.41,0
12,Feminin,Rural,Ambii părinți,Liceal,Liceal,27,50,Ocazional,7.1,3,2.0,Neutră,Nu,Izolat,Da,0.68,0
14,Feminin,Rural,Ambii părinți,Liceal,Universitar,92,24,Nu,8.2,3,3.0,Pozitivă,Nu,Altul,Da,0.0,0
19,Feminin,Rural,Tutore / plasament,Gimnazial,Liceal,169,22,"Da, frecvent",6.1,2,4.3,Neutră,Nu,Bine,Parțial,0.16,0
16,Feminin,Urban,Tutore / plasament,Liceal,Gimnazial,3,54,Nu,6.6,5,2.1,Negativă,Avertismente,Bine,Da,0.53,0
15,Feminin,Rural,Altă situație,Gimnazial,Universitar,29,31,Ocazional,8.5,0,3.0,Pozitivă,Nu,Izolat,Parțial,0.69,0
15,Feminin,Rural,Tutore / plasament,Liceal,Liceal,35,39,Ocazional,7.8,2,1.3,Neutră,Nu,Izolat,Parțial,0.5,0
18,Masculin,Rural,Ambii părinți,Universitar,Gimnazial,38,31,Ocazional,8.9,0,1.0,Negativă,Nu,Stresat,Parțial,0.9,0
13,Masculin,Urban,Tutore / plasament,Primar,Liceal,20,29,Ocazional,9.1,4,4.0,Pozitivă,Avertismente,Bine,Da,0.66,0
16,Masculin,Rural,Ambii părinți,Liceal,Liceal,5,22,Nu,5.2,5,0.9,Neutră,Nu,Stresat,Parțial,0.59,0
18,Feminin,Rural,Monoparental,Gimnazial,Liceal,30,42,"Da, frecvent",7.5,4,1.7,Negativă,Avertismente,Neutru,Da,0.53,0
16,Feminin,Urban,Ambii părinți,Gimnazial,Universitar,36,11,Ocazional,6.4,0,6.4,Pozitivă,Nu,Bine,Da,0.29,0
15,Feminin,Urban,Monoparental,Primar,Liceal,28,4,Ocazional,5.4,4,4.5,Pozitivă,Avertismente,Bine,Da,0.66,1
12,Feminin,Rural,Ambii părinți,Gimnazial,Gimnazial,36,26,Nu,6.0,1,2.7,Pozitivă,Nu,Bine,Nu,0.43,0
13,Feminin,Rural,Monoparental,Necunoscut,Gimnazial,47,73,Ocazional,6.7,2,4.3,Pozitivă,Nu,Neutru,Da,0.07,0
19,Altul / prefer să nu spun,Urban,Ambii părinți,Necunoscut,Gimnazial,31,31,Nu,6.7,3,3.0,Pozitivă,Nu,Bine,Parțial,0.04,1
15,Feminin,Urban,Ambii părinți,Postliceal,Postliceal,19,21,Ocazional,6.3,2,4.8,Pozitivă,Nu,Neutru,Da,0.09,0
13,Feminin,Urban,Ambii părinți,Liceal,Gimnazial,37,18,Ocazional,7.1,1,3.8,Pozitivă,Avertismente,Bine,Parțial,0.49,1
14,Masculin,Rural,Ambii părinți,Universitar,Liceal,50,17,Nu,10.0,3,1.2,Neutră,Avertismente,Neutru,Da,0.19,0
16,Masculin,Rural,Monoparental,Universitar,Liceal,40,0,Nu,4.7,1,3.7,Pozitivă,Nu,Altul,Parțial,0.0,0
15,Masculin,Urban,Ambii părinți,Liceal,Universitar,177,65,Ocazional,8.7,4,1.7,Pozitivă,Avertismente,Stresat,Da,1.28,0
17,Feminin,Urban,Ambii părinți,Primar,Primar,53,15,Nu,7.1,0,5.2,Pozitivă,Nu,Bine,Da,0.19,0
13,Masculin,Urban,Ambii părinți,Postliceal,Gimnazial,38,26,"Da, frecvent",6.5,4,1.7,Neutră,Nu,Stresat,Parțial,0.92,0
16,Feminin,Rural,Ambii părinți,Necunoscut,Universitar,16,19,Nu,4.3,5,3.0,Pozitivă,Avertismente,Bine,Da,0.68,1
14,Feminin,Rural,Monoparental,Gimnazial,Liceal,17,13,Nu,8.2,4,3.6,Pozitivă,Nu,Neutru,Da,0.09,0
19,Masculin,Rural,Ambii părinți,Liceal,Liceal,28,68,Ocazional,5.1,3,1.0,Negativă,Nu,Bine,Nu,0.5,1
12,Masculin,Urban,Ambii părinți,Liceal,Postliceal,29,8,"Da, frecvent",8.3,2,0.9,Neutră,Avertismente,Izolat,Nu,1.42,0
12,Feminin,Urban,Ambii părinți,Liceal,Universitar,28,43,"Da, frecvent",9.5,3,5.0,Neutră,Nu,Bine,Da,0.29,0
15,Masculin,Urban,Ambii părinți,Postliceal,Gimnazial,55,5,"Da, frecvent",5.3,3,2.8,Neutră,Nu,Izolat,Parțial,0.88,0
15,Feminin,Rural,Monoparental,Liceal,Universitar,90,23,"Da, frecvent",8.7,5,2.3,Pozitivă,Avertismente,Stresat,Da,1.05,0
17,Feminin,Rural,Ambii părinți,Universitar,Gimnazial,69,61,Ocazional,7.1,0,5.0,Pozitivă,Nu,Bine,Parțial,0.18,0
14,Feminin,Rural,Ambii părinți,Universitar,Necunoscut,62,16,Nu,4.2,3,0.2,Neutră,Nu,Izolat,Parțial,0.65,1
19,Masculin,Urban,Monoparental,Primar,Gimnazial,14,40,Ocazional,5.4,3,0.0,Negativă,Sancțiuni,Neutru,Parțial,0.69,1
15,Feminin,Rural,Ambii părinți,Universitar,Gimnazial,101,16,Ocazional,7.3,1,1.9,Negativă,Nu,Stresat,Da,0.78,0
12,Masculin,Urban,Ambii părinți,Universitar,Gimnazial,16,19,Nu,7.7,2,2.1,Neutră,Nu,Stresat,Da,0.69,0
12,Feminin,Rural,Ambii părinți,Liceal,Universitar,49,48,Nu,4.9,2,3.3,Pozitivă,Nu,Bine,Parțial,0.12,1
19,Masculin,Rural,Tutore / plasament,Liceal,Necunoscut,59,41,Ocazional,7.1,0,2.0,Neutră,Sancțiuni,Bine,Parțial,0.42,0
12,Masculin,Rural,Ambii părinți,Universitar,Gimnazial,103,73,Ocazional,8.3,2,1.3,Neutră,Nu,Izolat,Parțial,0.84,0
19,Feminin,Rural,Ambii părinți,Liceal,Gimnazial,153,16,Ocazional,8.5,1,5.9,Pozitivă,Nu,Bine,Da,0.0,0
13,Feminin,Urban,Tutore / plasament,Gimnazial,Gimnazial,27,35,Ocazional,6.5,2,3.3,Pozitivă,Nu,Izolat,Da,0.76,0
11,Feminin,Rural,Monoparental,Liceal,Gimnazial,45,27,"Da, frecvent",7.7,1,5.7,Pozitivă,Nu,Bine,Parțial,0.0,0
13,Masculin,Urban,Ambii părinți,Gimnazial,Universitar,96,35,Ocazional,8.6,4,3.7,Pozitivă,Nu,Neutru,Da,0.0,0
16,Feminin,Rural,Tutore / plasament,Postliceal,Primar,164,57,Ocazional,8.3,5,0.3,Neutră,Nu,Neutru,Nu,0.21,0
14,Masculin,Urban,Ambii părinți,Gimnazial,Universitar,30,13,"Da, frecvent",8.3,0,5.4,Pozitivă,Nu,Neutru,Parțial,0.23,0
18,Feminin,Urban,Monoparental,Postliceal,Universitar,15,33,Nu,7.3,1,1.4,Neutră,Nu,Altul,Nu,0.0,0
16,Masculin,Urban,Monoparental,Liceal,Gimnazial,7,67,Nu,7.0,0,6.4,Pozitivă,Nu,Bine,Da,0.18,0
14,Feminin,Urban,Ambii părinți,Universitar,Liceal,18,28,Ocazional,7.5,2,4.8,Pozitivă,Nu,Neutru,Da,0.16,0
16,Masculin,Rural,Ambii părinți,Liceal,Necunoscut,81,47,"Da, frecvent",6.0,2,3.3,Neutră,Nu,Bine,Nu,0.18,0
19,Altul / prefer să nu spun,Rural,Ambii părinți,Universitar,Universitar,85,2,"Da, frecvent",8.7,2,5.2,Neutră,Nu,Bine,Parțial,0.18,1
14,Feminin,Urban,Tutore / plasament,Universitar,Postliceal,53,29,Ocazional,5.0,0,4.0,Negativă,Nu,Bine,Da,0.13,0
12,Masculin,Rural,Ambii părinți,Gimnazial,Primar,28,17,Nu,6.4,5,0.0,Neutră,Sancțiuni,Neutru,Nu,0.69,1
14,Feminin,Rural,Ambii părinți,Postliceal,Primar,55,40,Ocazional,7.0,5,2.3,Neutră,Nu,Neutru,Da,0.0,0
18,Feminin,Urban,Monoparental,Gimnazial,Universitar,40,34,"Da, frecvent",7.8,5,4.3,Pozitivă,Nu,Bine,Parțial,0.52,0
12,Masculin,Urban,Monoparental,Universitar,Liceal,30,11,"Da, frecvent",8.0,2,4.8,Neutră,Nu,Altul,Da,0.31,0
19,Masculin,Rural,Ambii părinți,Postliceal,Postliceal,51,5,"Da, frecvent",9.2,4,4.4,Pozitivă,Nu,Bine,Nu,0.39,0
16,Masculin,Rural,Monoparental,Gimnazial,Postliceal,27,101,Ocazional,7.2,0,1.0,Neutră,Nu,Izolat,Nu,0.73,1
16,Feminin,Urban,Ambii părinți,Gimnazial,Liceal,51,36,Ocazional,6.1,3,4.0,Neutră,Nu,Bine,Da,0.1,0
13,Feminin,Rural,Monoparental,Liceal,Gimnazial,58,35,"Da, frecvent",6.9,3,4.0,Pozitivă,Nu,Stresat,Da,0.66,0
19,Feminin,Urban,Ambii părinți,Universitar,Liceal,71,13,Ocazional,6.7,4,1.0,Neutră,Sancțiuni,Bine,Parțial,0.54,1
11,Masculin,Urban,Ambii părinți,Universitar,Universitar,5,19,Nu,7.8,4,3.3,Neutră,Nu,Neutru,Da,0.22,1
13,Feminin,Rural,Monoparental,Primar,Liceal,102,68,Ocazional,5.6,0,3.0,Pozitivă,Nu,Izolat,Parțial,0.74,0
14,Feminin,Rural,Ambii părinți,Gimnazial,Primar,36,28,"Da, frecvent",6.9,2,2.3,Neutră,Nu,Stresat,Parțial,0.76,0
15,Feminin,Rural,Ambii părinți,Liceal,Universitar,155,70,Ocazional,9.4,2,3.3,Negativă,Nu,Bine,Da,0.32,0
15,Feminin,Urban,Ambii părinți,Liceal,Postliceal,82,36,Nu,7.4,2,0.0,Pozitivă,Avertismente,Stresat,Nu,1.31,0
12,Feminin,Urban,Monoparental,Gimnazial,Liceal,16,58,"Da, frecvent",5.6,3,3.7,Neutră,Nu,Neutru,Parțial,0.04,0
13,Feminin,Urban,Tutore / plasament,Liceal,Universitar,63,2,"Da, frecvent",6.6,4,3.6,Negativă,Avertismente,Bine,Da,0.51,0
11,Masculin,Urban,Monoparental,Universitar,Liceal,96,12,Ocazional,4.0,3,3.4,Pozitivă,Nu,Stresat,Da,1.03,1
16,Masculin,Urban,Altă situație,Liceal,Necunoscut,31,28,"Da, frecvent",7.0,1,2.7,Pozitivă,Nu,Izolat,Nu,0.97,0
14,Feminin,Rural,Tutore / plasament,Postliceal,Universitar,14,21,Nu,9.4,3,2.8,Neutră,Nu,Bine,Parțial,0.48,0
16,Masculin,Rural,Ambii părinți,Liceal,Gimnazial,12,40,Nu,5.4,3,0.0,Neutră,Nu,Stresat,Nu,0.85,0
16,Masculin,Rural,Ambii părinți,Liceal,Liceal,7,5,"Da, frecvent",5.1,1,5.8,Neutră,Nu,Izolat,Da,1.13,0
17,Feminin,Urban,Tutore / plasament,Liceal,Gimnazial,36,6,Nu,6.2,3,2.7,Neutră,Nu,Neutru,Da,0.16,0
15,Feminin,Urban,Tutore / plasament,Gimnazial,Postliceal,12,39,Ocazional,8.4,3,1.0,Neutră,Sancțiuni,Neutru,Parțial,0.71,0
16,Feminin,Rural,Altă situație,Gimnazial,Liceal,20,57,Ocazional,9.5,4,5.0,Pozitivă,Nu,Bine,Da,0.16,0
16,Feminin,Urban,Monoparental,Necunoscut,Liceal,158,19,"Da, frecvent",7.7,2,6.4,Pozitivă,Nu,Bine,Da,0.18,0
16,Masculin,Rural,Ambii părinți,Universitar,Universitar,58,75,Ocazional,5.3,5,0.3,Neutră,Avertismente,Neutru,Parțial,0.48,0
16,Altul / prefer să nu spun,Urban,Tutore / plasament,Postliceal,Liceal,15,25,Nu,7.1,3,3.8,Pozitivă,Nu,Neutru,Da,0.06,0
13,Feminin,Rural,Tutore / plasament,Gimnazial,Universitar,214,19,"Da, frecvent",9.6,5,2.4,Negativă,Avertismente,Bine,Da,0.88,0
13,Masculin,Rural,Monoparental,Primar,Postliceal,50,15,Ocazional,6.7,0,3.2,Pozitivă,Sancțiuni,Neutru,Da,0.5,0
18,Feminin,Rural,Tutore / plasament,Gimnazial,Liceal,201,12,Nu,7.3,0,4.4,Pozitivă,Nu,Neutru,Da,0.3,1
14,Masculin,Rural,Ambii părinți,Universitar,Primar,130,45,Ocazional,7.4,1,2.7,Neutră,Sancțiuni,Bine,Da,0.66,1
15,Masculin,Rural,Tutore / plasament,Universitar,Postliceal,52,11,"Da, frecvent",4.9,4,4.1,Pozitivă,Nu,Stresat,Da,0.95,1
12,Feminin,Urban,Ambii părinți,Liceal,Postliceal,36,9,"Da, frecvent",8.5,3,3.6,Pozitivă,Nu,Neutru,Nu,0.43,0
14,Feminin,Rural,Tutore / plasament,Universitar,Gimnazial,80,12,Ocazional,8.3,4,2.1,Negativă,Nu,Neutru,Da,0.08,0
15,Masculin,Rural,Ambii părinți,Gimnazial,Universitar,48,25,Nu,4.3,0,3.0,Neutră,Nu,Neutru,Da,0.09,1
16,Altul / prefer să nu spun,Rural,Ambii părinți,Liceal,Liceal,25,27,"Da, frecvent",5.2,2,4.3,Pozitivă,Nu,Bine,Nu,0.35,0
15,Feminin,Urban,Ambii părinți,Gimnazial,Gimnazial,23,43,"Da, frecvent",5.7,2,3.4,Pozitivă,Nu,Neutru,Nu,0.35,0
14,Feminin,Urban,Ambii părinți,Gimnazial,Universitar,91,23,Ocazional,8.1,5,1.3,Neutră,Nu,Stresat,Da,0.94,0
19,Feminin,Rural,Ambii părinți,Universitar,Liceal,15,5,Ocazional,6.0,0,2.5,Neutră,Nu,Stresat,Nu,1.1,0
15,Masculin,Rural,Altă situație,Universitar,Liceal,90,18,"Da, frecvent",7.7,5,1.4,Pozitivă,Nu,Stresat,Nu,0.87,0
18,Masculin,Urban,Ambii părinți,Gimnazial,Liceal,41,26,Ocazional,6.8,2,4.3,Pozitivă,Nu,Bine,Parțial,0.59,0
17,Masculin,Urban,Tutore / plasament,Gimnazial,Primar,5,14,Ocazional,7.2,4,0.6,Neutră,Sancțiuni,Stresat,Parțial,0.99,1
16,Masculin,Urban,Ambii părinți,Liceal,Liceal,96,33,"Da, frecvent",7.8,1,4.7,Pozitivă,Avertismente,Bine,Parțial,0.45,0
18,Masculin,Rural,Ambii părinți,Primar,Gimnazial,16,1,"Da, frecvent",7.5,0,3.6,Neutră,Sancțiuni,Bine,Nu,0.5,0
12,Masculin,Urban,Monoparental,Liceal,Gimnazial,18,23,Nu,7.1,4,3.2,Pozitivă,Nu,Bine,Parțial,0.0,0
19,Feminin,Urban,Monoparental,Liceal,Postliceal,33,65,Nu,7.6,1,0.0,Neutră,Nu,Izolat,Nu,0.69,0
18,Masculin,Urban,Ambii părinți,Gimnazial,Primar,38,55,"Da, frecvent",7.4,0,5.0,Neutră,Nu,Neutru,Da,0.33,0
15,Feminin,Rural,Monoparental,Gimnazial,Universitar,52,29,Nu,6.8,5,0.3,Pozitivă,Nu,Izolat,Parțial,0.83,0
17,Feminin,Urban,Monoparental,Gimnazial,Liceal,92,27,Ocazional,6.5,1,1.7,Neutră,Nu,Neutru,Nu,0.19,1
15,Masculin,Urban,Ambii părinți,Universitar,Gimnazial,89,38,Nu,9.7,5,1.3,Pozitivă,Nu,Izolat,Da,0.72,0
13,Masculin,Rural,Altă situație,Liceal,Universitar,22,9,Nu,6.5,2,1.1,Negativă,Avertismente,Neutru,Da,0.85,1
18,Masculin,Urban,Monoparental,Liceal,Liceal,23,52,Ocazional,9.0,1,1.7,Neutră,Nu,Neutru,Nu,0.0,0
13,Feminin,Rural,Monoparental,Gimnazial,Liceal,84,73,Ocazional,6.1,2,4.3,Pozitivă,Nu,Bine,Parțial,0.47,1
13,Masculin,Rural,Ambii părinți,Postliceal,Postliceal,12,23,"Da, frecvent",8.2,1,3.7,Neutră,Nu,Stresat,Parțial,0.89,0
15,Feminin,Urban,Ambii părinți,Gimnazial,Universitar,41,29,Ocazional,9.6,5,0.0,Negativă,Nu,Neutru,Nu,0.7,0
18,Feminin,Urban,Ambii părinți,Primar,Gimnazial,122,44,Ocazional,6.6,3,5.0,Pozitivă,Nu,Bine,Da,0.37,0
14,Feminin,Urban,Monoparental,Postliceal,Primar,26,13,Ocazional,6.2,4,2.0,Pozitivă,Sancțiuni,Bine,Parțial,0.13,0
15,Masculin,Urban,Monoparental,Postliceal,Necunoscut,7,75,"Da, frecvent",6.5,0,6.4,Neutră,Nu,Bine,Parțial,0.11,0
11,Feminin,Urban,Ambii părinți,Gimnazial,Primar,16,99,Nu,7.1,1,5.3,Pozitivă,Nu,Bine,Da,0.38,0
12,Masculin,Urban,Monoparental,Liceal,Postliceal,17,40,Nu,7.6,3,2.6,Neutră,Nu,Neutru,Da,0.15,0
11,Feminin,Urban,Ambii părinți,Universitar,Liceal,14,80,"Da, frecvent",7.0,2,5.2,Pozitivă,Nu,Neutru,Parțial,0.28,0
11,Feminin,Rural,Ambii părinți,Gimnazial,Liceal,31,8,Ocazional,6.5,5,0.0,Neutră,Sancțiuni,Izolat,Parțial,1.31,1
18,Masculin,Urban,Tutore / plasament,Gimnazial,Universitar,198,33,Nu,9.8,4,0.7,Pozitivă,Avertismente,Neutru,Parțial,0.63,0
18,Feminin,Urban,Ambii părinți,Liceal,Necunoscut,62,2,Ocazional,6.8,1,3.6,Pozitivă,Nu,Stresat,Parțial,0.65,0
18,Masculin,Rural,Ambii părinți,Gimnazial,Primar,34,18,Nu,6.2,2,0.0,Negativă,Sancțiuni,Stresat,Parțial,1.35,1
11,Masculin,Urban,Ambii părinți,Postliceal,Liceal,37,18,Ocazional,8.3,4,1.8,Neutră,Nu,Stresat,Da,0.4,0
11,Feminin,Urban,Ambii părinți,Postliceal,Postliceal,19,14,"Da, frecvent",8.3,2,6.0,Pozitivă,Avertismente,Bine,Da,0.59,0
13,Masculin,Urban,Monoparental,Liceal,Gimnazial,37,8,Ocazional,9.1,3,2.6,Neutră,Nu,Neutru,Parțial,0.28,0
16,Masculin,Urban,Altă situație,Liceal,Universitar,118,40,Ocazional,9.8,4,1.7,Neutră,Avertismente,Bine,Parțial,0.53,0
14,Masculin,Urban,Ambii părinți,Liceal,Liceal,43,12,"Da, frecvent",7.6,1,3.1,Pozitivă,Avertismente,Neutru,Nu,0.91,0
15,Masculin,Rural,Ambii părinți,Universitar,Gimnazial,89,40,Nu,6.7,0,4.0,Neutră,Nu,Bine,Da,0.2,0
12,Masculin,Rural,Ambii părinți,Primar,Universitar,80,25,Ocazional,4.4,2,0.3,Negativă,Nu,Neutru,Nu,0.58,1
17,Masculin,Urban,Ambii părinți,Liceal,Universitar,191,34,Ocazional,5.8,1,1.7,Pozitivă,Nu,Izolat,Nu,1.23,1
13,Feminin,Urban,Ambii părinți,Postliceal,Gimnazial,78,16,Ocazional,7.4,3,0.2,Negativă,Nu,Stresat,Parțial,0.73,0
11,Masculin,Rural,Ambii părinți,Liceal,Universitar,181,24,Ocazional,5.4,5,2.3,Neutră,Nu,Bine,Parțial,0.4,0
17,Masculin,Rural,Tutore / plasament,Primar,Gimnazial,94,112,Ocazional,4.9,4,1.7,Pozitivă,Nu,Neutru,Nu,0.59,1
19,Masculin,Urban,Ambii părinți,Liceal,Primar,52,33,Ocazional,7.2,4,2.7,Neutră,Nu,Neutru,Da,0.3,0
11,Masculin,Urban,Ambii părinți,Postliceal,Gimnazial,18,75,"Da, frecvent",8.2,3,3.5,Pozitivă,Nu,Izolat,Parțial,0.63,0
14,Feminin,Urban,Ambii părinți,Gimnazial,Universitar,89,72,Nu,6.8,5,0.0,Neutră,Avertismente,Stresat,Parțial,1.11,1
18,Masculin,Rural,Monoparental,Postliceal,Gimnazial,95,6,Nu,8.4,5,3.0,Neutră,Nu,Bine,Da,0.01,0
17,Altul / prefer să nu spun,Urban,Ambii părinți,Universitar,Gimnazial,97,72,Ocazional,8.0,4,0.7,Pozitivă,Nu,Izolat,Nu,0.8,1
18,Feminin,Urban,Ambii părinți,Postliceal,Postliceal,25,24,Nu,8.7,0,5.0,Pozitivă,Nu,Bine,Da,0.17,0
14,Feminin,Urban,Monoparental,Gimnazial,Liceal,61,18,Nu,10.0,1,2.8,Pozitivă,Sancțiuni,Bine,Da,0.34,0
14,Masculin,Urban,Ambii părinți,Universitar,Gimnazial,28,9,"Da, frecvent",10.0,5,4.9,Neutră,Nu,Bine,Da,0.11,0
17,Feminin,Rural,Tutore / plasament,Gimnazial,Gimnazial,23,6,"Da, frecvent",8.1,0,3.8,Negativă,Nu,Bine,Nu,0.35,0
12,Masculin,Rural,Ambii părinți,Universitar,Universitar,19,39,"Da, frecvent",6.5,3,3.4,Negativă,Nu,Neutru,Da,0.47,0
13,Feminin,Rural,Monoparental,Postliceal,Liceal,6,6,Ocazional,7.2,3,5.2,Neutră,Nu,Bine,Parțial,0.44,0
16,Feminin,Urban,Altă situație,Primar,Universitar,58,40,"Da, frecvent",9.3,2,3.3,Neutră,Sancțiuni,Bine,Da,0.9,0
17,Masculin,Urban,Ambii părinți,Universitar,Gimnazial,21,10,Ocazional,5.8,4,4.4,Pozitivă,Nu,Bine,Parțial,0.0,0
12,Masculin,Rural,Monoparental,Liceal,Liceal,26,21,Ocazional,9.1,0,2.0,Neutră,Nu,Izolat,Parțial,0.55,0
15,Masculin,Rural,Ambii părinți,Liceal,Universitar,34,27,"Da, frecvent",6.9,1,4.7,Pozitivă,Nu,Stresat,Da,0.69,0
14,Masculin,Urban,Monoparental,Liceal,Gimnazial,67,11,Ocazional,7.4,1,4.1,Pozitivă,Nu,Stresat,Da,0.85,0
15,Masculin,Urban,Tutore / plasament,Liceal,Gimnazial,51,7,"Da, frecvent",6.0,1,5.3,Pozitivă,Nu,Stresat,Da,0.68,0
19,Masculin,Rural,Monoparental,Postliceal,Liceal,49,19,Ocazional,5.2,2,1.4,Negativă,Nu,Stresat,Da,1.09,1
11,Masculin,Rural,Tutore / plasament,Universitar,Liceal,1,15,"Da, frecvent",6.7,2,6.5,Neutră,Nu,Bine,Parțial,0.27,0
19,Masculin,Rural,Ambii părinți,Gimnazial,Gimnazial,90,16,"Da, frecvent",8.9,5,2.5,Pozitivă,Nu,Izolat,Parțial,0.4,0
15,Masculin,Rural,Ambii părinți,Postliceal,Universitar,148,42,"Da, frecvent",6.1,2,3.3,Negativă,Nu,Neutru,Da,0.38,0
17,Feminin,Urban,Ambii părinți,Postliceal,Liceal,48,64,Nu,9.4,4,1.7,Neutră,Nu,Neutru,Da,0.0,0
14,Feminin,Urban,Monoparental,Postliceal,Liceal,12,18,"Da, frecvent",6.3,0,3.1,Neutră,Avertismente,Izolat,Parțial,0.97,1
13,Masculin,Urban,Tutore / plasament,Liceal,Gimnazial,24,42,Ocazional,5.6,0,4.0,Pozitivă,Nu,Bine,Nu,0.3,1
17,Masculin,Rural,Monoparental,Liceal,Liceal,13,15,Nu,7.5,2,3.5,Pozitivă,Avertismente,Bine,Parțial,0.65,0
17,Masculin,Rural,Ambii părinți,Universitar,Liceal,134,14,Ocazional,8.1,1,1.0,Pozitivă,Avertismente,Izolat,Nu,1.27,1
12,Feminin,Urban,Ambii părinți,Gimnazial,Universitar,26,19,"Da, frecvent",7.4,5,1.4,Neutră,Avertismente,Neutru,Parțial,0.44,0
17,Masculin,Rural,Monoparental,Gimnazial,Liceal,50,57,Ocazional,7.3,2,1.3,Neutră,Nu,Neutru,Nu,0.75,0
17,Feminin,Urban,Tutore / plasament,Liceal,Universitar,33,4,"Da, frecvent",9.3,2,5.1,Pozitivă,Avertismente,Altul,Da,0.36,0
14,Masculin,Urban,Ambii părinți,Gimnazial,Gimnazial,64,4,Nu,7.2,5,1.1,Pozitivă,Nu,Izolat,Parțial,0.77,0
19,Masculin,Urban,Ambii părinți,Primar,Liceal,16,86,Nu,6.4,5,1.0,Neutră,Nu,Izolat,Da,0.84,1
16,Masculin,Rural,Ambii părinți,Primar,Universitar,48,10,Ocazional,5.5,4,2.2,Negativă,Nu,Bine,Parțial,0.4,1
14,Masculin,Rural,Ambii părinți,Postliceal,Liceal,26,21,"Da, frecvent",8.9,2,2.3,Pozitivă,Nu,Izolat,Nu,0.76,0
11,Feminin,Rural,Altă situație,Necunoscut,Postliceal,100,16,Nu,6.5,1,1.9,Neutră,Nu,Neutru,Parțial,0.0,1
17,Feminin,Rural,Ambii părinți,Liceal,Universitar,2,74,Ocazional,6.6,0,2.8,Negativă,Avertismente,Stresat,Da,1.38,0
12,Masculin,Rural,Ambii părinți,Gimnazial,Universitar,29,56,"Da, frecvent",8.6,0,3.0,Neutră,Sancțiuni,Bine,Parțial,0.71,0
17,Masculin,Rural,Ambii părinți,Universitar,Gimnazial,93,7,Nu,10.0,4,2.3,Pozitivă,Nu,Neutru,Parțial,0.16,0
15,Masculin,Rural,Ambii părinți,Gimnazial,Gimnazial,84,27,"Da, frecvent",7.5,0,4.0,Neutră,Sancțiuni,Bine,Da,0.28,0
15,Feminin,Urban,Altă situație,Necunoscut,Liceal,6,34,Nu,6.9,2,1.8,Negativă,Nu,Izolat,Da,0.92,1
12,Feminin,Rural,Ambii părinți,Liceal,Necunoscut,77,41,Nu,7.1,3,0.0,Neutră,Sancțiuni,Neutru,Parțial,0.79,0
17,Feminin,Rural,Ambii părinți,Gimnazial,Liceal,15,2,"Da, frecvent",6.5,3,6.6,Pozitivă,Nu,Neutru,Da,0.0,0
12,Feminin,Rural,Ambii părinți,Liceal,Liceal,20,4,"Da, frecvent",6.6,0,8.1,Pozitivă,Nu,Bine,Da,0.11,0
14,Feminin,Urban,Altă situație,Liceal,Liceal,89,43,Ocazional,6.6,3,2.0,Pozitivă,Nu,Neutru,Nu,0.38,0
18,Masculin,Rural,Altă situație,Universitar,Primar,29,6,Nu,8.4,1,0.4,Pozitivă,Sancțiuni,Neutru,Nu,0.92,1
19,Masculin,Rural,Ambii părinți,Gimnazial,Gimnazial,6,33,"Da, frecvent",7.0,2,4.8,Neutră,Nu,Stresat,Da,0.62,0
19,Feminin,Urban,Ambii părinți,Universitar,Gimnazial,10,7,"Da, frecvent",9.0,4,4.5,Pozitivă,Nu,Neutru,Nu,0.46,0
19,Feminin,Rural,Ambii părinți,Universitar,Primar,42,4,Ocazional,6.9,2,2.1,Neutră,Avertismente,Bine,Nu,0.97,1
16,Feminin,Urban,Ambii părinți,Universitar,Postliceal,28,10,"Da, frecvent",6.6,2,3.8,Neutră,Nu,Neutru,Parțial,0.0,0
12,Masculin,Urban,Ambii părinți,Universitar,Gimnazial,27,24,"Da, frecvent",8.9,0,5.0,Neutră,Nu,Bine,Parțial,0.0,0
18,Feminin,Urban,Monoparental,Gimnazial,Gimnazial,63,32,Nu,7.1,5,0.3,Pozitivă,Nu,Neutru,Nu,0.35,0
18,Masculin,Rural,Tutore / plasament,Liceal,Liceal,54,35,Ocazional,6.9,3,2.0,Pozitivă,Avertismente,Neutru,Parțial,0.7,0
19,Masculin,Rural,Ambii părinți,Universitar,Gimnazial,30,48,Ocazional,7.1,4,3.7,Pozitivă,Avertismente,Bine,Da,0.58,0
16,Feminin,Urban,Ambii părinți,Liceal,Liceal,85,11,"Da, frecvent",9.2,2,4.8,Negativă,Nu,Bine,Da,0.56,0
12,Masculin,Rural,Ambii părinți,Primar,Gimnazial,64,45,Ocazional,7.5,1,2.7,Pozitivă,Nu,Stresat,Parțial,0.41,0
15,Masculin,Urban,Ambii părinți,Gimnazial,Primar,51,26,Ocazional,8.8,1,4.7,Pozitivă,Nu,Neutru,Da,0.23,0
15,Feminin,Urban,Ambii părinți,Gimnazial,Postliceal,24,29,Ocazional,6.8,0,6.0,Pozitivă,Nu,Bine,Da,0.0,0
18,Feminin,Rural,Ambii părinți,Universitar,Gimnazial,97,120,Nu,8.6,5,0.3,Neutră,Nu,Neutru,Parțial,0.41,0
14,Masculin,Rural,Altă situație,Liceal,Gimnazial,27,40,"Da, frecvent",7.4,3,4.0,Neutră,Nu,Neutru,Da,0.38,0
13,Masculin,Rural,Ambii părinți,Postliceal,Gimnazial,30,20,Ocazional,8.3,2,3.3,Negativă,Nu,Bine,Da,0.31,0
11,Masculin,Rural,Tutore / plasament,Universitar,Liceal,137,17,Nu,8.5,4,1.8,Pozitivă,Nu,Bine,Nu,0.0,0
18,Masculin,Rural,Ambii părinți,Gimnazial,Gimnazial,15,24,"Da, frecvent",5.8,0,7.8,Pozitivă,Nu,Bine,Da,0.13,0
17,Feminin,Urban,Ambii părinți,Universitar,Liceal,15,5,Nu,7.2,2,1.8,Neutră,Nu,Stresat,Parțial,0.92,0
11,Masculin,Urban,Ambii părinți,Primar,Gimnazial,31,33,Ocazional,8.4,2,2.3,Pozitivă,Sancțiuni,Bine,Parțial,0.59,0
14,Masculin,Urban,Tutore / plasament,Gimnazial,Primar,12,24,"Da, frecvent",8.7,5,2.3,Pozitivă,Avertismente,Altul,Nu,1.05,0
15,Feminin,Rural,Ambii părinți,Gimnazial,Universitar,12,29,"Da, frecvent",8.9,4,3.7,Negativă,Nu,Neutru,Da,0.32,0
15,Masculin,Rural,Ambii părinți,Liceal,Gimnazial,134,26,"Da, frecvent",7.2,4,1.7,Neutră,Avertismente,Stresat,Da,1.44,1
19,Masculin,Rural,Monoparental,Liceal,Gimnazial,30,5,Nu,9.3,1,1.4,Pozitivă,Sancțiuni,Altul,Parțial,0.16,0
12,Masculin,Urban,Monoparental,Liceal,Liceal,52,41,Nu,6.2,3,0.0,Negativă,Avertismente,Bine,Parțial,0.58,0
13,Feminin,Urban,Monoparental,Gimnazial,Gimnazial,7,14,Ocazional,5.0,5,3.0,Pozitivă,Nu,Neutru,Nu,0.14,1
12,Feminin,Rural,Ambii părinți,Primar,Universitar,14,52,"Da, frecvent",6.7,0,7.8,Pozitivă,Nu,Bine,Da,0.3,0
13,Masculin,Rural,Ambii părinți,Postliceal,Primar,148,43,Ocazional,8.8,3,4.0,Pozitivă,Avertismente,Bine,Da,0.3,0
19,Masculin,Urban,Monoparental,Primar,Liceal,12,83,Ocazional,5.6,2,4.3,Pozitivă,Nu,Stresat,Da,0.9,0
19,Masculin,Urban,Ambii părinți,Universitar,Universitar,54,24,"Da, frecvent",5.0,4,4.7,Pozitivă,Nu,Bine,Parțial,0.29,1
11,Masculin,Urban,Ambii părinți,Universitar,Gimnazial,0,48,"Da, frecvent",4.7,2,4.3,Negativă,Nu,Izolat,Da,0.95,1
16,Feminin,Urban,Ambii părinți,Postliceal,Gimnazial,6,90,Ocazional,8.1,4,2.2,Negativă,Nu,Stresat,Da,0.9,0
13,Feminin,Urban,Ambii părinți,Liceal,Liceal,30,12,Ocazional,5.1,1,2.1,Neutră,Avertismente,Neutru,Parțial,0.33,0
12,Feminin,Urban,Tutore / plasament,Postliceal,Necunoscut,83,57,Nu,7.9,5,0.0,Negativă,Avertismente,Neutru,Da,0.83,0
13,Feminin,Rural,Monoparental,Postliceal,Liceal,40,39,Ocazional,6.6,5,2.3,Pozitivă,Nu,Izolat,Da,0.63,0
12,Feminin,Urban,Ambii părinți,Universitar,Postliceal,32,8,"Da, frecvent",6.0,3,6.6,Pozitivă,Nu,Bine,Da,0.31,0
15,Masculin,Urban,Tutore / plasament,Universitar,Gimnazial,68,21,"Da, frecvent",5.7,2,0.3,Pozitivă,Sancțiuni,Stresat,Nu,1.54,1
19,Feminin,Urban,Ambii părinți,Liceal,Postliceal,47,134,Ocazional,7.4,0,4.0,Neutră,Nu,Bine,Parțial,0.11,0
16,Feminin,Rural,Ambii părinți,Liceal,Gimnazial,37,55,Ocazional,6.0,1,4.7,Pozitivă,Nu,Bine,Parțial,0.41,1
17,Masculin,Urban,Ambii părinți,Universitar,Liceal,24,36,"Da, frecvent",7.1,2,5.3,Pozitivă,Nu,Bine,Parțial,0.2,0
15,Feminin,Urban,Monoparental,Primar,Primar,31,13,Nu,7.7,4,0.0,Negativă,Nu,Bine,Nu,0.68,0
11,Feminin,Urban,Ambii părinți,Liceal,Liceal,23,1,Ocazional,8.0,5,5.4,Pozitivă,Nu,Bine,Da,0.0,0
11,Masculin,Rural,Ambii părinți,Postliceal,Gimnazial,38,6,"Da, frecvent",8.4,3,3.7,Neutră,Nu,Stresat,Da,0.59,0
13,Feminin,Rural,Monoparental,Postliceal,Postliceal,56,25,"Da, frecvent",7.3,5,2.3,Pozitivă,Nu,Neutru,Nu,0.24,0
13,Masculin,Urban,Ambii părinți,Liceal,Postliceal,8,25,Nu,5.6,1,2.0,Neutră,Nu,Izolat,Parțial,0.96,0
18,Masculin,Urban,Tutore / plasament,Gimnazial,Universitar,18,66,Ocazional,7.8,4,0.0,Neutră,Avertismente,Stresat,Nu,1.21,0
18,Feminin,Urban,Ambii părinți,Gimnazial,Necunoscut,66,10,"Da, frecvent",8.0,3,1.5,Pozitivă,Sancțiuni,Stresat,Parțial,1.18,0
18,Masculin,Rural,Ambii părinți,Liceal,Liceal,74,9,Ocazional,6.8,0,2.6,Pozitivă,Avertismente,Izolat,Parțial,1.05,1
16,Masculin,Rural,Monoparental,Universitar,Postliceal,119,39,"Da, frecvent",6.7,4,1.7,Neutră,Nu,Stresat,Parțial,0.65,0
16,Masculin,Urban,Ambii părinți,Universitar,Primar,40,17,Nu,10.0,5,2.5,Neutră,Nu,Bine,Da,0.0,0
16,Masculin,Urban,Ambii părinți,Liceal,Universitar,17,17,Nu,5.3,2,3.1,Pozitivă,Nu,Bine,Nu,0.02,1
14,Masculin,Rural,Monoparental,Gimnazial,Liceal,19,61,Nu,7.8,1,3.1,Pozitivă,Nu,Neutru,Parțial,0.11,0
17,Masculin,Rural,Tutore / plasament,Universitar,Liceal,39,8,Ocazional,8.6,1,6.3,Pozitivă,Nu,Bine,Da,0.12,0
18,Masculin,Urban,Monoparental,Postliceal,Liceal,14,55,Ocazional,6.6,3,2.8,Pozitivă,Avertismente,Izolat,Da,0.91,0
17,Feminin,Urban,Monoparental,Liceal,Universitar,113,36,"Da, frecvent",6.9,4,2.7,Negativă,Nu,Neutru,Da,0.39,1
16,Masculin,Urban,Ambii părinți,Liceal,Universitar,23,16,Nu,6.5,1,2.9,Pozitivă,Nu,Izolat,Da,1.07,0
11,Masculin,Rural,Ambii părinți,Gimnazial,Universitar,101,24,"Da, frecvent",7.1,4,4.7,Pozitivă,Nu,Neutru,Da,0.44,0
17,Masculin,Rural,Ambii părinți,Universitar,Liceal,12,11,"Da, frecvent",8.4,4,4.1,Neutră,Nu,Izolat,Da,0.72,0
14,Feminin,Rural,Ambii părinți,Liceal,Liceal,31,20,Nu,6.8,0,1.0,Neutră,Avertismente,Bine,Nu,0.72,1
17,Feminin,Rural,Monoparental,Liceal,Universitar,27,86,Nu,10.0,2,2.3,Pozitivă,Nu,Neutru,Parțial,0.28,0
15,Masculin,Urban,Ambii părinți,Universitar,Liceal,7,12,Ocazional,6.5,1,4.5,Neutră,Nu,Izolat,Da,0.76,0
18,Masculin,Urban,Ambii părinți,Postliceal,Liceal,29,3,Ocazional,9.0,4,3.5,Neutră,Nu,Neutru,Da,0.28,0
14,Feminin,Urban,Ambii părinți,Universitar,Liceal,47,25,"Da, frecvent",7.9,3,1.0,Pozitivă,Avertismente,Stresat,Nu,1.31,0
19,Feminin,Rural,Ambii părinți,Liceal,Liceal,1,75,Ocazional,7.3,3,5.9,Pozitivă,Nu,Bine,Parțial,0.18,0
18,Feminin,Rural,Ambii părinți,Liceal,Postliceal,60,30,"Da, frecvent",9.2,1,1.7,Negativă,Avertismente,Stresat,Da,1.14,0
13,Masculin,Urban,Ambii părinți,Universitar,Liceal,51,19,"Da, frecvent",4.9,2,3.4,Pozitivă,Nu,Neutru,Nu,0.42,1
15,Feminin,Urban,Ambii părinți,Universitar,Universitar,37,19,Ocazional,7.7,5,0.4,Pozitivă,Sancțiuni,Stresat,Da,0.65,0
15,Masculin,Rural,Ambii părinți,Universitar,Universitar,71,56,Nu,6.1,5,1.3,Neutră,Nu,Neutru,Da,0.21,0
17,Feminin,Rural,Ambii părinți,Universitar,Liceal,75,33,Nu,6.5,0,4.0,Pozitivă,Nu,Neutru,Da,0.0,0
17,Feminin,Rural,Monoparental,Liceal,Gimnazial,250,39,Nu,6.4,2,1.3,Pozitivă,Nu,Neutru,Nu,0.41,0
18,Feminin,Urban,Ambii părinți,Gimnazial,Liceal,6,28,Nu,5.8,4,2.2,Pozitivă,Nu,Neutru,Nu,0.18,1
14,Masculin,Rural,Ambii părinți,Liceal,Liceal,126,49,"Da, frecvent",4.8,1,2.7,Pozitivă,Avertismente,Stresat,Parțial,1.29,1
15,Masculin,Rural,Ambii părinți,Universitar,Liceal,87,86,"Da, frecvent",7.6,5,2.3,Neutră,Avertismente,Bine,Parțial,0.52,0
14,Masculin,Rural,Ambii părinți,Liceal,Universitar,51,24,Ocazional,7.0,2,3.3,Pozitivă,Nu,Stresat,Da,0.71,0
19,Masculin,Rural,Tutore / plasament,Universitar,Gimnazial,12,33,"Da, frecvent",6.7,2,7.3,Pozitivă,Nu,Bine,Da,0.23,0
13,Feminin,Rural,Monoparental,Universitar,Gimnazial,25,83,Ocazional,8.2,5,2.3,Neutră,Avertismente,Bine,Da,0.35,0
16,Masculin,Rural,Altă situație,Necunoscut,Universitar,21,28,Ocazional,7.7,3,0.2,Neutră,Avertismente,Neutru,Nu,0.91,1
12,Feminin,Rural,Tutore / plasament,Universitar,Universitar,33,55,Nu,6.7,0,2.0,Neutră,Nu,Neutru,Parțial,0.28,0
18,Feminin,Urban,Ambii părinți,Liceal,Liceal,69,10,Ocazional,10.0,0,4.5,Pozitivă,Nu,Stresat,Da,0.61,0
14,Feminin,Urban,Ambii părinți,Liceal,Gimnazial,108,12,Ocazional,8.5,5,1.7,Pozitivă,Nu,Altul,Nu,0.17,0
14,Feminin,Rural,Ambii părinți,Necunoscut,Liceal,155,101,Nu,10.0,3,1.0,Negativă,Nu,Neutru,Da,0.28,0
16,Masculin,Rural,Ambii părinți,Gimnazial,Liceal,25,45,Ocazional,6.5,5,1.3,Pozitivă,Sancțiuni,Altul,Da,0.48,0
15,Masculin,Urban,Ambii părinți,Gimnazial,Liceal,44,21,"Da, frecvent",7.4,5,4.3,Pozitivă,Nu,Neutru,Da,0.0,0
18,Masculin,Urban,Ambii părinți,Universitar,Gimnazial,15,15,Ocazional,5.4,4,2.7,Neutră,Nu,Bine,Nu,0.27,0
15,Masculin,Rural,Ambii părinți,Postliceal,Gimnazial,90,19,Ocazional,6.6,5,1.4,Neutră,Nu,Stresat,Da,0.59,0
15,Masculin,Rural,Ambii părinți,Liceal,Postliceal,54,6,"Da, frecvent",6.3,5,4.0,Negativă,Nu,Bine,Da,0.31,1
11,Feminin,Rural,Monoparental,Gimnazial,Liceal,30,42,Ocazional,10.0,2,4.3,Pozitivă,Nu,Altul,Da,0.12,0
11,Feminin,Urban,Monoparental,Liceal,Postliceal,6,39,Nu,6.1,3,0.0,Negativă,Sancțiuni,Neutru,Nu,0.99,1
14,Feminin,Rural,Altă situație,Universitar,Liceal,45,38,"Da, frecvent",6.8,4,5.7,Pozitivă,Nu,Bine,Da,0.16,0
19,Masculin,Rural,Ambii părinți,Liceal,Liceal,49,70,Ocazional,5.1,5,0.3,Negativă,Nu,Neutru,Parțial,0.42,1
19,Altul / prefer să nu spun,Urban,Ambii părinți,Liceal,Liceal,3,26,"Da, frecvent",7.8,4,4.4,Pozitivă,Avertismente,Bine,Nu,0.74,0
16,Feminin,Urban,Altă situație,Liceal,Universitar,9,36,Ocazional,5.8,4,2.9,Negativă,Nu,Bine,Parțial,0.31,0
16,Masculin,Rural,Monoparental,Universitar,Liceal,44,3,Nu,8.4,1,3.5,Negativă,Nu,Bine,Da,0.47,0
14,Masculin,Urban,Ambii părinți,Universitar,Liceal,145,46,"Da, frecvent",4.6,2,3.3,Neutră,Nu,Izolat,Da,0.21,1
12,Masculin,Rural,Ambii părinți,Liceal,Liceal,98,40,Nu,6.9,4,2.7,Neutră,Nu,Bine,Da,0.09,0
11,Masculin,Rural,Ambii părinți,Liceal,Universitar,31,7,Nu,4.5,0,2.6,Pozitivă,Nu,Neutru,Nu,0.25,1
14,Masculin,Rural,Tutore / plasament,Gimnazial,Liceal,27,22,"Da, frecvent",6.4,0,4.0,Pozitivă,Nu,Neutru,Nu,0.37,0
13,Masculin,Urban,Monoparental,Liceal,Liceal,18,63,Nu,6.7,4,0.2,Pozitivă,Sancțiuni,Izolat,Da,0.94,0
12,Masculin,Rural,Ambii părinți,Gimnazial,Universitar,16,35,Nu,6.3,5,0.0,Neutră,Avertismente,Izolat,Da,1.15,0
13,Feminin,Urban,Ambii părinți,Liceal,Gimnazial,29,13,Nu,6.4,2,2.7,Pozitivă,Nu,Izolat,Da,0.83,0
11,Masculin,Rural,Ambii părinți,Liceal,Liceal,179,40,Ocazional,8.5,5,2.3,Pozitivă,Nu,Neutru,Parțial,0.0,0
16,Feminin,Urban,Ambii părinți,Liceal,Liceal,27,94,"Da, frecvent",10.0,2,5.3,Pozitivă,Nu,Neutru,Da,0.19,0
19,Masculin,Rural,Monoparental,Gimnazial,Necunoscut,38,5,"Da, frecvent",7.6,3,1.8,Neutră,Nu,Stresat,Nu,0.67,0
17,Feminin,Rural,Ambii părinți,Gimnazial,Postliceal,9,45,"Da, frecvent",5.9,5,6.6,Pozitivă,Nu,Bine,Da,0.24,0
15,Feminin,Urban,Ambii părinți,Gimnazial,Primar,62,34,Ocazional,7.2,2,4.3,Neutră,Nu,Bine,Da,0.07,0
14,Feminin,Urban,Ambii părinți,Postliceal,Universitar,37,6,Ocazional,6.6,5,2.0,Pozitivă,Nu,Izolat,Parțial,0.56,0
13,Feminin,Rural,Tutore / plasament,Gimnazial,Postliceal,25,35,Ocazional,8.3,5,1.3,Pozitivă,Avertismente,Bine,Nu,0.39,0
12,Feminin,Urban,Ambii părinți,Gimnazial,Liceal,13,15,Nu,7.5,4,2.8,Neutră,Nu,Neutru,Da,0.13,0
16,Feminin,Urban,Ambii părinți,Necunoscut,Gimnazial,17,19,"Da, frecvent",4.9,0,5.6,Pozitivă,Nu,Bine,Nu,0.14,0
16,Feminin,Rural,Monoparental,Gimnazial,Gimnazial,23,40,Nu,8.6,5,1.4,Neutră,Avertismente,Bine,Da,0.23,0
11,Feminin,Rural,Monoparental,Universitar,Liceal,25,39,"Da, frecvent",8.5,2,3.3,Pozitivă,Avertismente,Altul,Parțial,0.53,0
14,Masculin,Rural,Monoparental,Liceal,Liceal,12,38,"Da, frecvent",9.2,1,4.7,Negativă,Nu,Bine,Parțial,0.52,0
13,Masculin,Urban,Tutore / plasament,Postliceal,Universitar,34,133,Nu,6.4,2,0.3,Pozitivă,Avertismente,Neutru,Nu,0.77,0
12,Masculin,Rural,Ambii părinți,Liceal,Gimnazial,46,22,"Da, frecvent",7.5,2,4.3,Pozitivă,Avertismente,Bine,Parțial,0.24,0
17,Feminin,Rural,Tutore / plasament,Gimnazial,Liceal,72,8,"Da, frecvent",5.4,2,3.9,Negativă,Nu,Neutru,Da,0.33,0
15,Feminin,Urban,Tutore / plasament,Universitar,Gimnazial,138,45,Nu,7.0,4,0.0,Negativă,Nu,Stresat,Nu,1.22,1
16,Masculin,Urban,Ambii părinți,Universitar,Liceal,3,33,Nu,7.7,0,4.8,Neutră,Nu,Neutru,Da,0.13,0
17,Feminin,Urban,Monoparental,Liceal,Primar,52,16,Nu,6.2,3,3.2,Pozitivă,Nu,Neutru,Da,0.21,0
19,Feminin,Urban,Ambii părinți,Universitar,Liceal,28,15,"Da, frecvent",7.6,1,3.9,Pozitivă,Sancțiuni,Neutru,Da,0.42,0
18,Masculin,Rural,Ambii părinți,Liceal,Gimnazial,2,73,"Da, frecvent",7.3,4,3.5,Neutră,Sancțiuni,Bine,Parțial,0.43,0
16,Masculin,Urban,Ambii părinți,Universitar,Liceal,19,2,"Da, frecvent",6.5,5,3.6,Pozitivă,Nu,Neutru,Nu,0.23,0
18,Feminin,Rural,Ambii părinți,Universitar,Gimnazial,66,33,"Da, frecvent",9.1,2,3.3,Pozitivă,Nu,Izolat,Parțial,0.81,0
15,Masculin,Urban,Altă situație,Primar,Universitar,59,14,Nu,6.8,4,0.0,Neutră,Avertismente,Stresat,Parțial,1.17,0
19,Feminin,Urban,Ambii părinți,Universitar,Gimnazial,42,37,"Da, frecvent",7.3,1,6.7,Pozitivă,Nu,Bine,Da,0.05,0
17,Masculin,Urban,Ambii părinți,Universitar,Liceal,17,12,Nu,5.0,5,0.0,Negativă,Nu,Izolat,Nu,1.24,0
16,Feminin,Rural,Ambii părinți,Postliceal,Liceal,111,37,"Da, frecvent",7.8,3,4.0,Pozitivă,Nu,Stresat,Da,0.44,0
19,Feminin,Rural,Ambii părinți,Gimnazial,Primar,11,60,Ocazional,6.4,3,2.1,Negativă,Nu,Stresat,Da,0.87,0
15,Masculin,Urban,Ambii părinți,Universitar,Primar,25,16,"Da, frecvent",8.4,0,2.2,Neutră,Nu,Stresat,Nu,0.66,0
17,Feminin,Urban,Ambii părinți,Postliceal,Gimnazial,30,19,"Da, frecvent",5.3,3,1.0,Negativă,Nu,Altul,Nu,0.35,0
13,Masculin,Urban,Monoparental,Liceal,Liceal,35,36,"Da, frecvent",7.7,4,3.7,Neutră,Avertismente,Bine,Da,0.25,0
19,Feminin,Rural,Altă situație,Universitar,Universitar,204,48,Nu,4.0,3,0.0,Pozitivă,Sancțiuni,Neutru,Parțial,0.38,1
16,Masculin,Urban,Ambii părinți,Liceal,Gimnazial,130,115,Ocazional,8.0,0,3.0,Pozitivă,Nu,Altul,Nu,0.46,0
18,Masculin,Rural,Altă situație,Universitar,Postliceal,57,19,Ocazional,6.9,4,3.7,Pozitivă,Nu,Neutru,Da,0.14,0
15,Masculin,Urban,Monoparental,Postliceal,Postliceal,37,19,"Da, frecvent",7.7,3,1.0,Neutră,Nu,Stresat,Nu,0.79,0
18,Masculin,Urban,Ambii părinți,Gimnazial,Postliceal,37,9,Nu,6.3,5,3.9,Pozitivă,Nu,Bine,Da,0.12,0
11,Feminin,Rural,Ambii părinți,Necunoscut,Liceal,70,1,Ocazional,5.8,5,3.3,Neutră,Nu,Bine,Parțial,0.0,0
12,Masculin,Rural,Ambii părinți,Liceal,Universitar,95,60,Ocazional,6.5,1,2.7,Negativă,Nu,Altul,Da,0.45,0
15,Feminin,Urban,Tutore / plasament,Liceal,Liceal,10,23,Ocazional,7.4,1,6.8,Pozitivă,Nu,Bine,Da,0.0,0
17,Masculin,Rural,Ambii părinți,Liceal,Universitar,139,8,Nu,7.9,5,0.9,Neutră,Avertismente,Neutru,Da,0.37,0
18,Masculin,Urban,Ambii părinți,Gimnazial,Gimnazial,55,53,Nu,7.5,0,2.0,Negativă,Avertismente,Bine,Da,0.69,0
14,Masculin,Urban,Monoparental,Postliceal,Universitar,21,45,Nu,5.8,5,0.0,Neutră,Avertismente,Altul,Nu,0.78,1
16,Masculin,Urban,Ambii părinți,Liceal,Necunoscut,33,18,Ocazional,9.7,0,5.1,Pozitivă,Nu,Bine,Parțial,0.19,0
15,Masculin,Rural,Monoparental,Universitar,Universitar,57,34,"Da, frecvent",7.6,2,4.3,Pozitivă,Nu,Izolat,Da,0.69,0
19,Feminin,Rural,Ambii părinți,Universitar,Gimnazial,60,10,"Da, frecvent",6.2,0,5.5,Neutră,Nu,Bine,Parțial,0.41,0
16,Masculin,Urban,Tutore / plasament,Universitar,Universitar,13,47,"Da, frecvent",7.7,5,5.2,Pozitivă,Nu,Altul,Da,0.51,0
14,Masculin,Rural,Ambii părinți,Gimnazial,Gimnazial,36,15,"Da, frecvent",7.5,3,4.2,Neutră,Nu,Bine,Parțial,0.15,0
19,Feminin,Rural,Ambii părinți,Postliceal,Postliceal,45,66,Ocazional,6.9,5,0.0,Negativă,Avertismente,Izolat,Parțial,1.23,1
11,Masculin,Rural,Monoparental,Primar,Liceal,96,41,Ocazional,6.7,0,4.0,Pozitivă,Avertismente,Neutru,Da,0.47,1
19,Feminin,Rural,Ambii părinți,Universitar,Postliceal,9,7,Ocazional,8.5,0,6.9,Pozitivă,Nu,Bine,Parțial,0.04,0
12,Feminin,Rural,Tutore / plasament,Liceal,Liceal,39,60,Ocazional,9.5,3,5.0,Pozitivă,Nu,Bine,Da,0.22,0
13,Feminin,Rural,Monoparental,Universitar,Primar,20,57,Nu,4.2,0,0.0,Negativă,Nu,Stresat,Nu,1.33,1
18,Feminin,Urban,Ambii părinți,Liceal,Gimnazial,56,51,"Da, frecvent",8.8,3,3.0,Pozitivă,Nu,Stresat,Parțial,0.25,0
17,Masculin,Urban,Ambii părinți,Gimnazial,Primar,196,53,"Da, frecvent",7.1,4,5.7,Pozitivă,Nu,Bine,Da,0.12,1
19,Masculin,Rural,Tutore / plasament,Necunoscut,Liceal,87,26,Ocazional,7.4,2,3.3,Neutră,Avertismente,Bine,Da,0.77,1
17,Masculin,Urban,Ambii părinți,Liceal,Universitar,60,33,Ocazional,9.0,4,0.7,Pozitivă,Sancțiuni,Stresat,Da,1.12,0
16,Masculin,Rural,Tutore / plasament,Universitar,Postliceal,75,22,Ocazional,3.4,0,3.0,Pozitivă,Nu,Neutru,Nu,0.42,1
14,Feminin,Urban,Ambii părinți,Universitar,Universitar,123,3,Nu,8.2,1,0.0,Neutră,Avertismente,Stresat,Nu,0.96,1
11,Feminin,Rural,Tutore / plasament,Liceal,Universitar,81,40,"Da, frecvent",8.9,0,2.0,Neutră,Avertismente,Neutru,Nu,0.83,0
12,Feminin,Urban,Ambii părinți,Liceal,Liceal,148,5,Ocazional,6.1,2,5.1,Pozitivă,Nu,Bine,Parțial,0.33,0
13,Masculin,Rural,Monoparental,Liceal,Liceal,43,9,Nu,5.1,2,1.9,Pozitivă,Nu,Neutru,Nu,0.39,1
11,Feminin,Urban,Ambii părinți,Universitar,Liceal,54,14,Ocazional,9.4,3,4.3,Neutră,Nu,Bine,Da,0.03,0
15,Masculin,Urban,Ambii părinți,Universitar,Gimnazial,104,28,Ocazional,4.6,0,4.0,Pozitivă,Nu,Altul,Parțial,0.23,1
17,Masculin,Rural,Altă situație,Liceal,Liceal,189,99,"Da, frecvent",7.7,2,4.3,Negativă,Nu,Bine,Da,0.16,0
19,Masculin,Rural,Altă situație,Postliceal,Postliceal,25,14,"Da, frecvent",8.5,4,3.0,Pozitivă,Nu,Neutru,Nu,0.14,0
15,Masculin,Rural,Ambii părinți,Gimnazial,Liceal,100,105,"Da, frecvent",7.7,0,4.0,Neutră,Nu,Bine,Nu,0.49,0
18,Feminin,Rural,Tutore / plasament,Liceal,Postliceal,24,55,Ocazional,7.9,4,2.7,Neutră,Nu,Bine,Parțial,0.35,0
19,Masculin,Urban,Ambii părinți,Universitar,Gimnazial,50,36,Ocazional,6.7,1,0.0,Neutră,Avertismente,Stresat,Nu,1.12,1
18,Masculin,Rural,Ambii părinți,Universitar,Universitar,7,13,Nu,7.7,5,1.1,Pozitivă,Nu,Stresat,Nu,0.69,0
15,Masculin,Urban,Ambii părinți,Liceal,Gimnazial,24,28,Ocazional,6.1,4,1.7,Neutră,Nu,Stresat,Da,0.54,0
13,Masculin,Rural,Ambii părinți,Liceal,Universitar,48,30,"Da, frecvent",6.3,2,3.3,Negativă,Nu,Bine,Parțial,0.39,1
19,Masculin,Urban,Ambii părinți,Gimnazial,Gimnazial,63,46,Nu,7.1,0,2.0,Pozitivă,Nu,Izolat,Parțial,0.49,0
13,Altul / prefer să nu spun,Urban,Ambii părinți,Gimnazial,Liceal,60,13,"Da, frecvent",4.9,2,3.7,Pozitivă,Avertismente,Altul,Parțial,0.73,1
14,Feminin,Rural,Ambii părinți,Liceal,Liceal,90,57,Nu,7.9,3,2.0,Pozitivă,Nu,Altul,Parțial,0.07,0
11,Masculin,Rural,Monoparental,Universitar,Gimnazial,28,26,"Da, frecvent",3.6,2,6.3,Pozitivă,Nu,Bine,Da,0.22,0
18,Masculin,Urban,Monoparental,Liceal,Liceal,36,40,Nu,7.6,3,1.0,Pozitivă,Sancțiuni,Neutru,Da,0.37,0
16,Feminin,Rural,Monoparental,Liceal,Gimnazial,38,24,Nu,7.7,4,0.0,Negativă,Nu,Izolat,Nu,1.21,0
11,Masculin,Rural,Ambii părinți,Postliceal,Liceal,30,72,"Da, frecvent",6.0,5,0.3,Negativă,Nu,Stresat,Parțial,1.02,0
12,Feminin,Urban,Monoparental,Gimnazial,Universitar,15,9,Ocazional,5.4,2,3.6,Negativă,Nu,Bine,Parțial,0.05,0
15,Masculin,Rural,Ambii părinți,Gimnazial,Gimnazial,43,34,Ocazional,6.5,5,2.3,Pozitivă,Nu,Izolat,Da,0.58,0
15,Feminin,Urban,Monoparental,Universitar,Liceal,78,6,"Da, frecvent",8.0,1,4.4,Pozitivă,Avertismente,Izolat,Da,1.02,0
18,Feminin,Urban,Ambii părinți,Gimnazial,Universitar,53,43,"Da, frecvent",7.6,5,2.3,Pozitivă,Nu,Stresat,Parțial,0.61,0
13,Masculin,Rural,Ambii părinți,Liceal,Liceal,26,9,Ocazional,5.5,0,5.6,Pozitivă,Nu,Neutru,Da,0.31,0
19,Feminin,Urban,Ambii părinți,Liceal,Universitar,44,21,"Da, frecvent",7.2,3,3.0,Neutră,Avertismente,Neutru,Da,0.39,0
15,Feminin,Urban,Monoparental,Gimnazial,Liceal,25,19,"Da, frecvent",7.5,4,3.7,Pozitivă,Nu,Stresat,Da,0.83,0
18,Feminin,Rural,Tutore / plasament,Gimnazial,Liceal,65,125,Nu,7.4,0,4.0,Pozitivă,Nu,Neutru,Da,0.24,0
13,Masculin,Urban,Monoparental,Gimnazial,Gimnazial,80,13,Ocazional,5.7,2,1.7,Negativă,Nu,Stresat,Da,0.88,1
11,Masculin,Rural,Altă situație,Liceal,Gimnazial,82,57,"Da, frecvent",7.3,1,3.7,Neutră,Avertismente,Bine,Parțial,0.64,0
11,Masculin,Rural,Tutore / plasament,Universitar,Liceal,33,1,Nu,8.4,4,1.6,Negativă,Nu,Bine,Parțial,0.07,0
14,Feminin,Urban,Ambii părinți,Liceal,Universitar,25,28,Nu,7.9,2,1.3,Pozitivă,Nu,Izolat,Parțial,0.69,0
19,Masculin,Rural,Monoparental,Liceal,Gimnazial,90,75,Nu,7.7,0,1.0,Negativă,Nu,Bine,Nu,0.41,0
11,Feminin,Urban,Ambii părinți,Liceal,Universitar,30,3,Ocazional,9.4,0,5.8,Pozitivă,Nu,Bine,Parțial,0.13,0
14,Masculin,Rural,Ambii părinți,Universitar,Liceal,43,55,"Da, frecvent",7.3,0,2.0,Pozitivă,Avertismente,Izolat,Nu,1.17,1
11,Feminin,Urban,Ambii părinți,Gimnazial,Liceal,53,24,"Da, frecvent",5.9,0,4.0,Pozitivă,Avertismente,Stresat,Da,1.06,0
19,Feminin,Rural,Altă situație,Universitar,Universitar,40,2,Nu,5.9,2,2.2,Neutră,Nu,Stresat,Da,0.7,0
17,Feminin,Urban,Monoparental,Liceal,Universitar,72,61,Nu,7.3,1,3.7,Pozitivă,Avertismente,Bine,Da,0.52,0
17,Masculin,Rural,Ambii părinți,Universitar,Liceal,8,44,Nu,5.1,1,2.0,Neutră,Nu,Neutru,Nu,0.38,1
17,Masculin,Urban,Ambii părinți,Liceal,Gimnazial,60,11,Ocazional,6.7,2,3.8,Pozitivă,Nu,Bine,Nu,0.45,0
16,Feminin,Urban,Ambii părinți,Gimnazial,Gimnazial,18,47,Ocazional,7.7,2,2.8,Negativă,Nu,Bine,Parțial,0.12,0
17,Masculin,Rural,Monoparental,Liceal,Gimnazial,27,4,Nu,8.7,3,2.8,Pozitivă,Nu,Bine,Nu,0.44,0
11,Masculin,Rural,Tutore / plasament,Gimnazial,Universitar,47,15,"Da, frecvent",4.9,2,4.6,Neutră,Nu,Neutru,Da,0.0,0
18,Feminin,Rural,Ambii părinți,Universitar,Gimnazial,6,27,Ocazional,7.2,5,1.8,Negativă,Nu,Neutru,Parțial,0.0,0
17,Masculin,Urban,Ambii părinți,Postliceal,Postliceal,34,26,Ocazional,7.0,2,4.3,Neutră,Nu,Bine,Da,0.51,0
17,Masculin,Urban,Ambii părinți,Postliceal,Gimnazial,29,39,Nu,7.2,2,0.0,Negativă,Avertismente,Izolat,Parțial,1.08,1
14,Feminin,Urban,Ambii părinți,Gimnazial,Liceal,36,122,Ocazional,7.3,2,3.3,Neutră,Nu,Altul,Da,0.07,0
18,Masculin,Urban,Ambii părinți,Postliceal,Liceal,27,32,Nu,7.1,0,4.0,Pozitivă,Nu,Bine,Parțial,0.0,0
14,Feminin,Rural,Ambii părinți,Liceal,Liceal,43,33,"Da, frecvent",9.0,4,1.7,Neutră,Nu,Stresat,Parțial,0.62,0
11,Masculin,Rural,Ambii părinți,Necunoscut,Liceal,24,66,"Da, frecvent",8.8,3,3.0,Neutră,Nu,Neutru,Parțial,0.19,0
19,Feminin,Rural,Ambii părinți,Postliceal,Necunoscut,39,26,"Da, frecvent",10.0,2,5.3,Pozitivă,Nu,Neutru,Da,0.19,0
13,Masculin,Urban,Tutore / plasament,Liceal,Universitar,47,3,"Da, frecvent",7.1,2,5.2,Pozitivă,Nu,Neutru,Parțial,0.0,0
11,Feminin,Urban,Ambii părinți,Universitar,Postliceal,92,30,"Da, frecvent",6.5,3,4.0,Pozitivă,Nu,Stresat,Da,0.62,0
16,Masculin,Rural,Ambii părinți,Liceal,Gimnazial,109,2,Ocazional,5.7,5,5.2,Pozitivă,Nu,Bine,Da,0.22,1
13,Masculin,Urban,Monoparental,Liceal,Universitar,9,61,Ocazional,6.4,2,2.6,Negativă,Nu,Neutru,Parțial,0.39,0
18,Feminin,Rural,Tutore / plasament,Gimnazial,Universitar,98,27,Ocazional,8.1,2,3.3,Negativă,Nu,Bine,Da,0.37,0
14,Masculin,Urban,Ambii părinți,Postliceal,Universitar,15,38,Ocazional,8.3,0,2.8,Neutră,Sancțiuni,Bine,Parțial,0.64,1
11,Altul / prefer să nu spun,Urban,Ambii părinți,Liceal,Liceal,39,10,Nu,8.0,1,4.2,Pozitivă,Nu,Neutru,Da,0.13,0
19,Masculin,Rural,Monoparental,Primar,Gimnazial,6,10,"Da, frecvent",6.2,4,6.7,Pozitivă,Nu,Bine,Parțial,0.4,0
15,Feminin,Urban,Ambii părinți,Universitar,Universitar,3,44,"Da, frecvent",6.2,4,4.4,Pozitivă,Nu,Stresat,Parțial,0.65,0
13,Masculin,Rural,Monoparental,Primar,Liceal,188,21,"Da, frecvent",9.8,4,4.7,Pozitivă,Nu,Neutru,Da,0.28,0
17,Feminin,Urban,Ambii părinți,Postliceal,Liceal,40,13,"Da, frecvent",5.9,2,5.7,Neutră,Nu,Bine,Da,0.28,0
15,Feminin,Urban,Ambii părinți,Gimnazial,Liceal,32,75,Ocazional,9.1,5,0.3,Neutră,Nu,Izolat,Parțial,0.4,0
11,Masculin,Urban,Ambii părinți,Liceal,Liceal,52,30,Nu,7.7,3,2.0,Pozitivă,Nu,Bine,Nu,0.43,0
17,Masculin,Urban,Monoparental,Universitar,Liceal,33,15,"Da, frecvent",6.1,0,4.2,Pozitivă,Avertismente,Stresat,Da,0.93,0
14,Masculin,Rural,Ambii părinți,Gimnazial,Postliceal,80,32,Ocazional,5.4,0,4.0,Negativă,Nu,Bine,Da,0.17,0
17,Feminin,Urban,Ambii părinți,Postliceal,Postliceal,49,18,"Da, frecvent",6.1,2,4.4,Pozitivă,Nu,Bine,Nu,0.27,0
19,Masculin,Rural,Ambii părinți,Liceal,Liceal,70,41,"Da, frecvent",7.7,2,4.3,Pozitivă,Nu,Izolat,Da,0.73,0
16,Masculin,Rural,Monoparental,Universitar,Primar,18,9,Nu,5.8,0,3.0,Pozitivă,Avertismente,Izolat,Da,0.77,1
17,Feminin,Urban,Ambii părinți,Gimnazial,Universitar,7,62,Ocazional,9.3,0,6.4,Pozitivă,Avertismente,Bine,Da,0.5,0
13,Masculin,Urban,Monoparental,Universitar,Liceal,87,18,Nu,6.8,3,1.1,Neutră,Nu,Bine,Nu,0.31,1
13,Feminin,Urban,Monoparental,Liceal,Liceal,54,6,Nu,8.1,4,0.4,Neutră,Nu,Stresat,Parțial,0.89,0
14,Feminin,Rural,Ambii părinți,Liceal,Liceal,11,7,Ocazional,8.0,1,4.4,Neutră,Sancțiuni,Bine,Da,0.39,0
18,Masculin,Rural,Altă situație,Liceal,Liceal,11,22,"Da, frecvent",9.4,1,5.8,Pozitivă,Nu,Izolat,Da,0.91,0
15,Masculin,Urban,Tutore / plasament,Liceal,Postliceal,44,13,Nu,6.5,3,2.4,Negativă,Nu,Bine,Da,0.42,0
14,Feminin,Rural,Ambii părinți,Liceal,Primar,65,5,Nu,7.2,0,4.8,Neutră,Nu,Bine,Da,0.14,0
18,Feminin,Rural,Ambii părinți,Gimnazial,Universitar,15,5,Ocazional,5.1,5,0.8,Negativă,Avertismente,Bine,Nu,1.13,1
18,Feminin,Urban,Ambii părinți,Liceal,Gimnazial,72,27,Ocazional,7.2,3,4.0,Pozitivă,Nu,Bine,Parțial,0.5,0
19,Masculin,Urban,Ambii părinți,Postliceal,Necunoscut,92,33,Ocazional,8.7,2,0.3,Negativă,Nu,Izolat,Parțial,0.86,0
13,Feminin,Rural,Ambii părinți,Liceal,Liceal,43,29,"Da, frecvent",7.4,3,2.0,Neutră,Nu,Neutru,Nu,0.22,1
17,Masculin,Urban,Tutore / plasament,Gimnazial,Primar,40,73,Ocazional,10.0,0,5.0,Neutră,Nu,Bine,Da,0.23,0
16,Altul / prefer să nu spun,Urban,Tutore / plasament,Liceal,Liceal,10,38,"Da, frecvent",7.8,1,7.8,Pozitivă,Nu,Bine,Da,0.0,0
15,Feminin,Urban,Ambii părinți,Liceal,Liceal,18,15,"Da, frecvent",6.3,3,6.8,Pozitivă,Nu,Bine,Da,0.0,0
14,Masculin,Rural,Ambii părinți,Postliceal,Universitar,36,11,Ocazional,7.7,5,0.0,Negativă,Avertismente,Neutru,Parțial,0.94,0
12,Masculin,Urban,Ambii părinți,Universitar,Universitar,55,4,Ocazional,5.1,5,4.1,Pozitivă,Nu,Neutru,Da,0.25,1
13,Masculin,Urban,Ambii părinți,Liceal,Liceal,47,46,Nu,6.0,3,2.0,Neutră,Nu,Bine,Parțial,0.0,0
15,Feminin,Urban,Ambii părinți,Postliceal,Liceal,3,100,Ocazional,5.4,2,3.1,Neutră,Avertismente,Stresat,Da,1.61,1
18,Feminin,Rural,Tutore / plasament,Primar,Necunoscut,14,54,Nu,7.1,5,2.2,Neutră,Nu,Neutru,Da,0.0,0
18,Feminin,Urban,Tutore / plasament,Universitar,Postliceal,50,21,"Da, frecvent",7.0,0,6.0,Pozitivă,Nu,Altul,Da,0.26,0
12,Masculin,Rural,Ambii părinți,Liceal,Liceal,56,12,Ocazional,8.8,1,3.1,Negativă,Nu,Neutru,Da,0.21,0
17,Masculin,Urban,Monoparental,Liceal,Liceal,27,43,"Da, frecvent",7.0,2,3.3,Pozitivă,Avertismente,Bine,Nu,1.02,0
11,Feminin,Urban,Ambii părinți,Gimnazial,Gimnazial,67,22,Ocazional,5.7,3,1.0,Negativă,Nu,Bine,Nu,0.45,0
17,Feminin,Rural,Monoparental,Gimnazial,Postliceal,66,20,Ocazional,9.3,4,0.7,Pozitivă,Nu,Izolat,Nu,0.85,0
14,Masculin,Rural,Ambii părinți,Universitar,Liceal,179,77,"Da, frecvent",3.0,2,5.3,Pozitivă,Nu,Bine,Parțial,0.0,1
15,Feminin,Urban,Ambii părinți,Gimnazial,Universitar,40,3,Nu,7.2,5,4.2,Pozitivă,Nu,Bine,Da,0.52,0
17,Feminin,Rural,Monoparental,Gimnazial,Liceal,26,36,Ocazional,7.4,2,2.3,Neutră,Nu,Neutru,Parțial,0.04,0
14,Masculin,Rural,Ambii părinți,Gimnazial,Liceal,15,13,Ocazional,7.1,3,4.1,Neutră,Nu,Neutru,Da,0.24,1
18,Feminin,Urban,Ambii părinți,Necunoscut,Liceal,8,26,Ocazional,7.8,0,4.3,Pozitivă,Nu,Neutru,Nu,0.35,0
15,Feminin,Rural,Ambii părinți,Universitar,Universitar,64,10,Nu,7.3,0,2.5,Pozitivă,Nu,Stresat,Parțial,0.6,0
19,Feminin,Rural,Monoparental,Universitar,Liceal,58,22,Ocazional,7.8,1,4.7,Neutră,Nu,Bine,Da,0.0,0
16,Feminin,Urban,Monoparental,Universitar,Universitar,10,140,"Da, frecvent",6.3,0,3.2,Pozitivă,Avertismente,Stresat,Nu,1.21,0
13,Masculin,Rural,Ambii părinți,Universitar,Gimnazial,64,50,Nu,5.1,5,1.3,Pozitivă,Nu,Izolat,Da,0.65,0
17,Masculin,Urban,Ambii părinți,Liceal,Postliceal,45,43,Ocazional,7.0,3,2.0,Neutră,Nu,Bine,Nu,0.41,0
14,Masculin,Urban,Monoparental,Gimnazial,Universitar,30,27,Ocazional,5.7,5,4.3,Pozitivă,Nu,Bine,Da,0.54,1
15,Feminin,Rural,Ambii părinți,Liceal,Universitar,58,25,Ocazional,6.1,1,2.7,Pozitivă,Nu,Altul,Nu,0.47,0
12,Masculin,Rural,Ambii părinți,Gimnazial,Liceal,141,29,"Da, frecvent",8.7,0,5.0,Pozitivă,Nu,Bine,Nu,0.5,0
12,Feminin,Rural,Monoparental,Postliceal,Postliceal,18,40,Nu,9.3,1,3.2,Neutră,Nu,Neutru,Da,0.1,0
16,Masculin,Rural,Ambii părinți,Primar,Gimnazial,46,50,Ocazional,8.7,0,3.0,Neutră,Avertismente,Bine,Parțial,0.26,0
12,Feminin,Rural,Monoparental,Gimnazial,Primar,62,109,Nu,8.4,1,3.7,Pozitivă,Nu,Neutru,Da,0.1,0
19,Masculin,Urban,Ambii părinți,Postliceal,Universitar,1,21,"Da, frecvent",7.2,0,3.9,Pozitivă,Avertismente,Stresat,Nu,1.12,0
18,Feminin,Rural,Monoparental,Gimnazial,Universitar,15,76,Nu,8.5,1,0.4,Pozitivă,Sancțiuni,Stresat,Parțial,1.04,1
17,Feminin,Rural,Ambii părinți,Primar,Primar,7,109,Nu,7.6,3,1.4,Pozitivă,Sancțiuni,Bine,Nu,0.61,0
17,Masculin,Rural,Ambii părinți,Gimnazial,Universitar,140,54,Nu,9.8,5,1.3,Pozitivă,Nu,Bine,Nu,0.05,0
16,Feminin,Rural,Ambii părinți,Postliceal,Liceal,30,24,Nu,5.8,1,3.7,Pozitivă,Nu,Neutru,Da,0.38,0
11,Feminin,Urban,Tutore / plasament,Gimnazial,Universitar,50,54,Nu,8.0,5,1.3,Neutră,Nu,Neutru,Da,0.12,0
14,Masculin,Urban,Tutore / plasament,Gimnazial,Universitar,17,4,Ocazional,5.3,4,4.0,Pozitivă,Nu,Neutru,Parțial,0.09,1
15,Masculin,Urban,Monoparental,Gimnazial,Universitar,2,96,"Da, frecvent",8.0,0,4.8,Negativă,Avertismente,Neutru,Da,0.5,0
19,Feminin,Urban,Ambii părinți,Universitar,Universitar,31,58,Ocazional,4.7,0,2.0,Negativă,Nu,Izolat,Da,0.81,1
12,Masculin,Rural,Ambii părinți,Gimnazial,Necunoscut,17,24,Ocazional,5.4,0,4.6,Pozitivă,Avertismente,Bine,Parțial,0.34,1
15,Masculin,Rural,Monoparental,Primar,Liceal,55,22,"Da, frecvent",5.3,4,3.7,Neutră,Nu,Bine,Parțial,0.0,0
14,Masculin,Urban,Monoparental,Universitar,Gimnazial,73,6,Ocazional,7.5,4,0.4,Neutră,Avertismente,Stresat,Parțial,1.08,0
12,Masculin,Urban,Ambii părinți,Universitar,Liceal,10,65,"Da, frecvent",7.6,5,5.5,Pozitivă,Nu,Neutru,Da,0.07,0
11,Masculin,Rural,Tutore / plasament,Gimnazial,Universitar,19,22,Ocazional,10.0,3,5.4,Pozitivă,Nu,Bine,Da,0.28,0
14,Masculin,Urban,Ambii părinți,Gimnazial,Gimnazial,20,102,Ocazional,7.0,0,3.3,Negativă,Nu,Altul,Da,0.29,0
11,Masculin,Rural,Ambii părinți,Gimnazial,Universitar,72,4,Nu,8.2,5,2.1,Pozitivă,Nu,Neutru,Parțial,0.17,1
11,Masculin,Urban,Tutore / plasament,Postliceal,Gimnazial,41,11,"Da, frecvent",7.3,5,1.8,Neutră,Avertismente,Neutru,Parțial,0.52,0
14,Feminin,Urban,Ambii părinți,Gimnazial,Universitar,10,9,"Da, frecvent",8.1,4,3.4,Neutră,Nu,Stresat,Parțial,0.77,0
12,Feminin,Urban,Ambii părinți,Universitar,Liceal,92,1,Ocazional,7.3,5,2.3,Pozitivă,Nu,Neutru,Nu,0.2,0
15,Feminin,Rural,Ambii părinți,Universitar,Universitar,17,46,Ocazional,8.6,1,3.2,Neutră,Nu,Bine,Nu,0.51,0
11,Masculin,Urban,Altă situație,Liceal,Universitar,23,8,"Da, frecvent",5.6,3,4.7,Negativă,Nu,Bine,Da,0.14,0
13,Feminin,Rural,Ambii părinți,Primar,Liceal,14,11,Ocazional,3.7,3,3.3,Pozitivă,Nu,Neutru,Nu,0.36,1
15,Masculin,Urban,Monoparental,Universitar,Postliceal,44,8,Nu,7.7,1,2.3,Pozitivă,Sancțiuni,Neutru,Da,0.28,0
19,Masculin,Urban,Ambii părinți,Postliceal,Gimnazial,27,18,Nu,4.6,5,0.4,Pozitivă,Nu,Stresat,Parțial,0.68,0
16,Altul / prefer să nu spun,Rural,Ambii părinți,Universitar,Universitar,114,87,"Da, frecvent",8.9,3,3.0,Neutră,Avertismente,Neutru,Da,0.66,0
18,Feminin,Urban,Ambii părinți,Primar,Universitar,42,40,"Da, frecvent",6.3,5,3.3,Neutră,Avertismente,Bine,Da,0.6,1
14,Masculin,Urban,Ambii părinți,Postliceal,Gimnazial,15,31,Ocazional,5.6,1,1.4,Neutră,Nu,Stresat,Nu,1.09,0
15,Masculin,Rural,Ambii părinți,Universitar,Primar,38,26,Ocazional,10.0,2,3.3,Neutră,Nu,Bine,Parțial,0.1,0
14,Feminin,Rural,Ambii părinți,Universitar,Liceal,127,16,Nu,7.1,5,0.0,Negativă,Nu,Izolat,Da,1.06,0
18,Masculin,Urban,Monoparental,Liceal,Gimnazial,9,16,"Da, frecvent",6.8,1,4.1,Pozitivă,Nu,Stresat,Nu,0.78,0
19,Feminin,Urban,Ambii părinți,Liceal,Universitar,58,30,Ocazional,8.1,3,3.0,Neutră,Nu,Neutru,Da,0.07,0
19,Masculin,Rural,Monoparental,Liceal,Gimnazial,108,80,Nu,8.2,4,1.7,Pozitivă,Avertismente,Neutru,Da,0.52,0
17,Masculin,Rural,Monoparental,Postliceal,Universitar,24,14,"Da, frecvent",8.7,4,6.0,Pozitivă,Nu,Bine,Da,0.3,0
15,Feminin,Rural,Ambii părinți,Universitar,Necunoscut,14,59,Nu,5.2,4,2.5,Pozitivă,Nu,Neutru,Parțial,0.05,0
15,Feminin,Rural,Ambii părinți,Liceal,Universitar,121,9,Ocazional,7.9,3,4.6,Pozitivă,Nu,Bine,Parțial,0.28,0
19,Feminin,Rural,Ambii părinți,Gimnazial,Liceal,35,46,Nu,6.7,0,1.0,Negativă,Nu,Neutru,Parțial,0.39,1
13,Feminin,Urban,Ambii părinți,Primar,Gimnazial,37,78,Ocazional,5.8,1,4.7,Pozitivă,Nu,Bine,Parțial,0.21,0
14,Masculin,Urban,Ambii părinți,Liceal,Universitar,24,25,Nu,7.2,4,0.7,Neutră,Nu,Neutru,Parțial,0.0,0
19,Feminin,Rural,Ambii părinți,Universitar,Postliceal,25,16,Nu,4.6,3,3.2,Pozitivă,Avertismente,Bine,Da,0.43,0
14,Feminin,Rural,Ambii părinți,Primar,Necunoscut,3,46,"Da, frecvent",8.4,2,8.1,Pozitivă,Nu,Bine,Da,0.13,0
13,Masculin,Rural,Ambii părinți,Liceal,Liceal,57,95,Nu,6.7,5,0.3,Negativă,Nu,Neutru,Da,0.41,0
16,Masculin,Rural,Altă situație,Universitar,Primar,7,57,"Da, frecvent",6.4,2,2.8,Negativă,Nu,Stresat,Parțial,0.75,0
13,Masculin,Urban,Ambii părinți,Liceal,Necunoscut,82,104,"Da, frecvent",6.9,2,3.3,Neutră,Nu,Bine,Nu,0.12,0
19,Masculin,Rural,Ambii părinți,Gimnazial,Universitar,11,27,Ocazional,6.9,2,5.4,Pozitivă,Nu,Neutru,Da,0.0,1
19,Feminin,Rural,Ambii părinți,Liceal,Gimnazial,40,25,Ocazional,8.7,2,3.3,Pozitivă,Nu,Stresat,Da,0.83,0
13,Masculin,Urban,Monoparental,Liceal,Postliceal,20,5,Ocazional,5.6,3,2.1,Negativă,Nu,Neutru,Parțial,0.52,0
15,Feminin,Rural,Ambii părinți,Gimnazial,Primar,24,15,"Da, frecvent",6.6,5,3.6,Pozitivă,Avertismente,Neutru,Da,0.14,0
19,Masculin,Rural,Ambii părinți,Postliceal,Liceal,29,24,"Da, frecvent",6.8,5,3.3,Pozitivă,Avertismente,Bine,Parțial,0.51,0
17,Altul / prefer să nu spun,Urban,Monoparental,Liceal,Liceal,50,26,"Da, frecvent",5.6,2,4.3,Neutră,Nu,Bine,Parțial,0.08,0
12,Masculin,Rural,Ambii părinți,Postliceal,Liceal,118,45,"Da, frecvent",7.3,2,3.3,Negativă,Nu,Bine,Parțial,0.57,0
16,Masculin,Rural,Ambii părinți,Liceal,Gimnazial,23,17,"Da, frecvent",6.1,5,4.6,Pozitivă,Nu,Altul,Da,0.11,0
16,Masculin,Rural,Ambii părinți,Primar,Gimnazial,2,18,Nu,5.1,3,2.9,Neutră,Nu,Bine,Nu,0.45,1
16,Feminin,Urban,Monoparental,Gimnazial,Liceal,99,118,"Da, frecvent",7.8,1,6.7,Pozitivă,Nu,Bine,Da,0.07,0
11,Masculin,Rural,Altă situație,Gimnazial,Gimnazial,65,1,Nu,9.3,3,4.0,Neutră,Nu,Bine,Da,0.03,0
13,Masculin,Rural,Monoparental,Gimnazial,Liceal,11,10,"Da, frecvent",7.2,4,5.2,Pozitivă,Nu,Stresat,Da,0.84,1
18,Altul / prefer să nu spun,Rural,Ambii părinți,Postliceal,Liceal,8,1,Ocazional,7.0,2,2.6,Negativă,Nu,Neutru,Nu,0.74,0
13,Masculin,Urban,Ambii părinți,Gimnazial,Postliceal,52,2,"Da, frecvent",6.9,3,1.9,Neutră,Nu,Stresat,Nu,0.67,0
13,Feminin,Rural,Ambii părinți,Postliceal,Postliceal,44,19,"Da, frecvent",6.4,4,1.7,Negativă,Nu,Neutru,Parțial,0.56,0
13,Masculin,Rural,Monoparental,Gimnazial,Gimnazial,141,35,Ocazional,8.7,0,2.0,Neutră,Nu,Stresat,Parțial,0.52,0
12,Feminin,Rural,Tutore / plasament,Gimnazial,Primar,58,18,"Da, frecvent",7.2,5,0.0,Negativă,Avertismente,Izolat,Parțial,0.83,0
12,Feminin,Rural,Monoparental,Gimnazial,Universitar,19,37,"Da, frecvent",4.0,0,5.4,Neutră,Nu,Neutru,Da,0.15,1
14,Feminin,Urban,Ambii părinți,Liceal,Universitar,14,51,Ocazional,8.8,0,2.8,Neutră,Sancțiuni,Altul,Da,0.59,0
18,Masculin,Rural,Monoparental,Postliceal,Necunoscut,39,32,Nu,8.4,1,2.7,Pozitivă,Nu,Izolat,Da,0.43,0
11,Feminin,Urban,Tutore / plasament,Universitar,Universitar,3,37,Ocazional,7.9,0,4.8,Neutră,Avertismente,Bine,Parțial,0.14,0
13,Feminin,Rural,Monoparental,Gimnazial,Liceal,5,20,"Da, frecvent",3.2,3,5.6,Pozitivă,Nu,Neutru,Parțial,0.06,1
11,Feminin,Urban,Monoparental,Liceal,Universitar,9,17,"Da, frecvent",7.1,3,2.4,Neutră,Avertismente,Neutru,Nu,0.59,1
16,Masculin,Rural,Ambii părinți,Universitar,Liceal,18,1,Ocazional,8.4,2,2.8,Neutră,Nu,Izolat,Parțial,0.95,0
13,Masculin,Urban,Monoparental,Liceal,Universitar,35,53,Nu,7.6,5,0.0,Neutră,Nu,Stresat,Parțial,0.7,0
18,Feminin,Rural,Ambii părinți,Primar,Universitar,61,30,"Da, frecvent",7.4,1,1.7,Neutră,Nu,Stresat,Nu,1.03,0
16,Feminin,Rural,Ambii părinți,Gimnazial,Universitar,104,34,"Da, frecvent",8.4,5,4.3,Neutră,Nu,Bine,Da,0.19,0
18,Masculin,Urban,Monoparental,Gimnazial,Liceal,88,5,Ocazional,7.3,3,1.8,Neutră,Nu,Stresat,Parțial,0.98,0
16,Feminin,Urban,Tutore / plasament,Universitar,Liceal,77,11,Nu,8.8,4,0.1,Neutră,Sancțiuni,Bine,Parțial,0.34,1
14,Masculin,Rural,Tutore / plasament,Liceal,Gimnazial,23,19,"Da, frecvent",7.3,5,3.5,Pozitivă,Nu,Neutru,Parțial,0.13,0
18,Feminin,Rural,Ambii părinți,Liceal,Liceal,15,7,Nu,7.2,1,3.1,Neutră,Nu,Bine,Nu,0.07,0
15,Masculin,Urban,Ambii părinți,Universitar,Universitar,51,31,Nu,8.3,0,1.0,Neutră,Nu,Stresat,Parțial,0.85,0
19,Feminin,Urban,Ambii părinți,Liceal,Postliceal,54,29,"Da, frecvent",6.5,4,0.0,Neutră,Avertismente,Stresat,Nu,1.45,1
19,Masculin,Urban,Monoparental,Postliceal,Gimnazial,10,28,Nu,5.6,3,4.2,Pozitivă,Avertismente,Bine,Da,0.66,0
16,Feminin,Rural,Monoparental,Primar,Postliceal,29,52,Ocazional,7.1,1,1.7,Pozitivă,Nu,Stresat,Nu,0.88,0
17,Masculin,Rural,Altă situație,Liceal,Liceal,13,32,"Da, frecvent",7.9,5,2.2,Negativă,Nu,Izolat,Da,0.63,0
13,Altul / prefer să nu spun,Urban,Ambii părinți,Gimnazial,Liceal,5,73,"Da, frecvent",8.4,4,4.2,Negativă,Avertismente,Bine,Da,0.68,0
18,Masculin,Rural,Ambii părinți,Gimnazial,Liceal,47,33,"Da, frecvent",8.4,3,4.0,Pozitivă,Avertismente,Neutru,Da,0.38,0
17,Feminin,Rural,Monoparental,Gimnazial,Liceal,76,13,"Da, frecvent",7.0,0,3.4,Negativă,Avertismente,Bine,Parțial,0.87,1
19,Feminin,Rural,Ambii părinți,Postliceal,Postliceal,132,25,Nu,6.9,5,3.3,Pozitivă,Nu,Bine,Da,0.07,0
13,Masculin,Urban,Altă situație,Postliceal,Postliceal,31,35,Ocazional,6.3,3,1.0,Negativă,Nu,Stresat,Da,0.82,0
18,Masculin,Urban,Ambii părinți,Postliceal,Universitar,3,11,Nu,7.4,3,1.2,Negativă,Sancțiuni,Bine,Parțial,1.09,0
15,Feminin,Urban,Ambii părinți,Primar,Liceal,150,29,Ocazional,4.8,0,3.0,Neutră,Nu,Neutru,Parțial,0.29,1
12,Feminin,Urban,Ambii părinți,Necunoscut,Postliceal,160,13,"Da, frecvent",7.1,4,4.0,Negativă,Nu,Bine,Da,0.54,0
12,Feminin,Urban,Tutore / plasament,Primar,Gimnazial,276,7,"Da, frecvent",10.0,5,4.0,Neutră,Nu,Bine,Parțial,0.06,0
16,Masculin,Urban,Monoparental,Universitar,Liceal,198,91,Nu,5.0,4,0.7,Pozitivă,Nu,Neutru,Nu,0.15,1
13,Masculin,Urban,Monoparental,Postliceal,Liceal,45,13,"Da, frecvent",7.3,2,3.7,Neutră,Avertismente,Bine,Parțial,0.69,0
11,Masculin,Rural,Monoparental,Liceal,Postliceal,36,11,"Da, frecvent",7.6,1,4.1,Pozitivă,Nu,Izolat,Parțial,0.97,0
14,Masculin,Urban,Ambii părinți,Liceal,Universitar,70,46,Ocazional,7.8,2,3.3,Pozitivă,Nu,Bine,Nu,0.12,0
16,Feminin,Rural,Monoparental,Universitar,Gimnazial,6,19,Nu,5.7,3,2.6,Pozitivă,Nu,Neutru,Nu,0.26,0
13,Feminin,Urban,Tutore / plasament,Postliceal,Universitar,17,12,"Da, frecvent",7.8,1,3.6,Neutră,Avertismente,Stresat,Da,0.89,0
19,Feminin,Rural,Ambii părinți,Gimnazial,Gimnazial,31,47,Ocazional,6.4,3,2.0,Neutră,Avertismente,Neutru,Da,0.59,0
18,Masculin,Urban,Monoparental,Universitar,Liceal,91,25,"Da, frecvent",5.1,5,1.3,Negativă,Nu,Stresat,Da,1.1,0
15,Feminin,Rural,Ambii părinți,Primar,Universitar,94,53,Nu,8.4,0,2.0,Negativă,Nu,Bine,Parțial,0.28,0
19,Feminin,Rural,Ambii părinți,Liceal,Postliceal,33,75,Nu,8.0,1,0.0,Negativă,Nu,Stresat,Nu,1.03,0
14,Feminin,Urban,Ambii părinți,Postliceal,Universitar,7,18,Nu,5.7,2,2.9,Neutră,Avertismente,Neutru,Da,0.15,0
12,Feminin,Rural,Tutore / plasament,Universitar,Universitar,75,44,"Da, frecvent",6.3,1,1.7,Negativă,Nu,Stresat,Parțial,0.73,1
11,Masculin,Urban,Ambii părinți,Liceal,Gimnazial,6,78,Ocazional,6.3,4,6.2,Pozitivă,Nu,Bine,Da,0.42,0
19,Feminin,Rural,Ambii părinți,Gimnazial,Necunoscut,20,94,"Da, frecvent",4.8,0,5.3,Neutră,Nu,Bine,Parțial,0.24,1
19,Feminin,Urban,Monoparental,Liceal,Universitar,45,15,Ocazional,8.2,0,2.2,Pozitivă,Avertismente,Neutru,Nu,0.87,0
17,Masculin,Urban,Ambii părinți,Gimnazial,Liceal,5,59,Nu,8.2,2,1.9,Pozitivă,Avertismente,Neutru,Nu,0.63,0
11,Feminin,Urban,Monoparental,Liceal,Primar,16,1,"Da, frecvent",6.6,2,6.0,Pozitivă,Nu,Bine,Nu,0.3,0
13,Feminin,Rural,Tutore / plasament,Liceal,Gimnazial,85,32,Ocazional,7.1,4,3.7,Pozitivă,Nu,Bine,Parțial,0.15,0
11,Feminin,Urban,Ambii părinți,Universitar,Universitar,70,6,"Da, frecvent",7.3,0,4.7,Negativă,Nu,Bine,Parțial,0.41,0
11,Masculin,Rural,Ambii părinți,Gimnazial,Universitar,9,18,Ocazional,7.4,4,3.0,Pozitivă,Avertismente,Bine,Nu,0.95,0
13,Feminin,Urban,Altă situație,Gimnazial,Universitar,50,125,Ocazional,5.2,1,2.7,Negativă,Nu,Bine,Parțial,0.23,0
16,Masculin,Urban,Ambii părinți,Liceal,Liceal,64,53,Ocazional,7.8,5,0.0,Pozitivă,Avertismente,Stresat,Nu,1.23,0
11,Masculin,Urban,Ambii părinți,Primar,Primar,17,6,Ocazional,5.5,3,3.3,Neutră,Nu,Izolat,Da,0.56,1
19,Masculin,Rural,Altă situație,Gimnazial,Liceal,29,8,Nu,8.1,4,3.3,Pozitivă,Nu,Neutru,Da,0.0,0
15,Feminin,Rural,Tutore / plasament,Liceal,Liceal,40,63,Nu,5.6,0,3.0,Negativă,Nu,Bine,Da,0.52,0
13,Masculin,Urban,Monoparental,Liceal,Gimnazial,9,62,Nu,5.3,4,2.9,Pozitivă,Nu,Bine,Nu,0.66,0
15,Feminin,Rural,Ambii părinți,Gimnazial,Gimnazial,16,64,"Da, frecvent",7.1,2,4.0,Neutră,Nu,Stresat,Da,0.84,0
18,Feminin,Urban,Tutore / plasament,Liceal,Gimnazial,135,32,Nu,7.0,3,0.0,Negativă,Nu,Izolat,Nu,1.14,1
13,Masculin,Urban,Monoparental,Universitar,Gimnazial,27,53,"Da, frecvent",7.2,0,5.0,Neutră,Nu,Bine,Parțial,0.48,0
11,Feminin,Rural,Monoparental,Liceal,Universitar,42,19,"Da, frecvent",5.9,3,2.0,Negativă,Avertismente,Bine,Parțial,0.78,1
11,Feminin,Urban,Monoparental,Gimnazial,Liceal,43,18,Ocazional,7.4,5,3.4,Pozitivă,Nu,Bine,Parțial,0.29,0
18,Feminin,Urban,Monoparental,Primar,Liceal,106,31,"Da, frecvent",7.5,5,3.3,Pozitivă,Nu,Neutru,Parțial,0.18,0
12,Feminin,Rural,Ambii părinți,Gimnazial,Liceal,73,12,Nu,8.7,5,3.7,Pozitivă,Nu,Bine,Da,0.2,0
16,Feminin,Urban,Ambii părinți,Liceal,Universitar,10,10,"Da, frecvent",7.4,4,4.3,Pozitivă,Nu,Stresat,Parțial,0.68,0
14,Masculin,Rural,Ambii părinți,Postliceal,Universitar,117,42,Ocazional,6.3,1,3.7,Pozitivă,Nu,Bine,Nu,0.5,1
17,Masculin,Rural,Ambii părinți,Primar,Postliceal,152,45,"Da, frecvent",5.2,2,5.3,Neutră,Nu,Bine,Da,0.0,0
11,Feminin,Rural,Ambii părinți,Gimnazial,Postliceal,10,10,"Da, frecvent",5.0,0,4.7,Negativă,Nu,Stresat,Da,0.98,1
19,Masculin,Rural,Ambii părinți,Liceal,Postliceal,26,15,Nu,7.6,1,0.0,Neutră,Avertismente,Stresat,Nu,1.1,0
17,Feminin,Rural,Monoparental,Liceal,Postliceal,32,37,Ocazional,8.2,1,4.7,Neutră,Nu,Bine,Da,0.24,0
15,Feminin,Urban,Ambii părinți,Universitar,Liceal,27,35,"Da, frecvent",5.9,4,2.7,Neutră,Nu,Stresat,Da,1.13,0
12,Feminin,Rural,Ambii părinți,Gimnazial,Liceal,64,32,Nu,7.5,0,3.0,Pozitivă,Nu,Bine,Nu,0.48,0
19,Feminin,Rural,Ambii părinți,Primar,Liceal,30,11,Nu,6.9,5,0.8,Neutră,Nu,Bine,Nu,0.56,0
13,Feminin,Rural,Ambii părinți,Liceal,Liceal,21,138,Ocazional,8.1,4,4.9,Pozitivă,Nu,Bine,Da,0.31,0
15,Feminin,Urban,Monoparental,Gimnazial,Gimnazial,66,17,"Da, frecvent",8.3,4,3.8,Pozitivă,Nu,Bine,Nu,0.0,0
14,Feminin,Rural,Ambii părinți,Gimnazial,Liceal,2,39,Nu,3.9,3,1.8,Negativă,Avertismente,Bine,Parțial,0.68,1
13,Masculin,Rural,Ambii părinți,Liceal,Liceal,45,7,"Da, frecvent",8.5,1,5.3,Pozitivă,Nu,Stresat,Da,0.78,0
14,Feminin,Urban,Monoparental,Gimnazial,Liceal,58,25,"Da, frecvent",7.5,3,3.0,Pozitivă,Nu,Izolat,Parțial,0.32,0
12,Feminin,Rural,Ambii părinți,Gimnazial,Liceal,111,10,"Da, frecvent",6.4,3,3.5,Pozitivă,Avertismente,Bine,Nu,0.65,0
11,Feminin,Urban,Ambii părinți,Liceal,Gimnazial,39,16,"Da, frecvent",6.4,5,2.5,Neutră,Avertismente,Bine,Parțial,0.49,0
13,Masculin,Urban,Monoparental,Liceal,Liceal,4,33,Nu,7.1,4,4.3,Pozitivă,Nu,Bine,Parțial,0.0,0
12,Feminin,Rural,Ambii părinți,Primar,Liceal,41,72,Nu,6.4,4,1.7,Neutră,Nu,Neutru,Da,0.0,0
14,Masculin,Urban,Monoparental,Universitar,Postliceal,3,14,Ocazional,5.8,2,5.4,Pozitivă,Nu,Stresat,Da,0.94,0
18,Feminin,Urban,Monoparental,Gimnazial,Liceal,52,31,Ocazional,6.1,2,3.3,Neutră,Nu,Bine,Parțial,0.0,0
12,Feminin,Urban,Tutore / plasament,Universitar,Primar,96,38,Nu,5.6,4,0.7,Negativă,Nu,Neutru,Da,0.4,1
11,Masculin,Urban,Ambii părinți,Universitar,Primar,34,47,Ocazional,9.0,3,2.0,Pozitivă,Nu,Neutru,Nu,0.56,0
11,Feminin,Rural,Monoparental,Liceal,Liceal,30,2,Ocazional,7.2,2,3.2,Neutră,Nu,Izolat,Da,0.7,0
15,Feminin,Rural,Monoparental,Gimnazial,Gimnazial,72,52,Nu,10.0,2,4.3,Pozitivă,Nu,Bine,Da,0.4,0
13,Feminin,Rural,Ambii părinți,Universitar,Liceal,51,39,"Da, frecvent",7.6,3,6.0,Pozitivă,Nu,Bine,Da,0.07,0
15,Altul / prefer să nu spun,Urban,Tutore / plasament,Liceal,Liceal,67,32,"Da, frecvent",7.9,3,4.0,Pozitivă,Nu,Bine,Nu,0.19,0
11,Masculin,Rural,Ambii părinți,Gimnazial,Universitar,195,13,Nu,5.6,2,2.7,Pozitivă,Nu,Neutru,Parțial,0.15,1
13,Masculin,Rural,Tutore / plasament,Liceal,Postliceal,22,35,Nu,6.8,0,2.2,Negativă,Nu,Neutru,Da,0.28,0
14,Altul / prefer să nu spun,Rural,Ambii părinți,Liceal,Primar,55,112,"Da, frecvent",7.2,5,1.3,Neutră,Avertismente,Neutru,Parțial,0.4,0
14,Feminin,Urban,Ambii părinți,Universitar,Liceal,118,66,"Da, frecvent",6.2,1,2.7,Negativă,Avertismente,Bine,Parțial,0.67,0
15,Masculin,Urban,Ambii părinți,Postliceal,Universitar,120,18,Ocazional,6.4,0,4.1,Pozitivă,Nu,Bine,Nu,0.21,1
18,Feminin,Rural,Tutore / plasament,Universitar,Gimnazial,60,32,Ocazional,7.7,1,3.7,Neutră,Nu,Neutru,Da,0.0,0
15,Masculin,Rural,Ambii părinți,Postliceal,Universitar,28,33,Nu,7.7,5,1.3,Neutră,Avertismente,Bine,Da,0.3,0
18,Feminin,Urban,Ambii părinți,Postliceal,Liceal,67,21,Nu,5.2,1,0.0,Pozitivă,Avertismente,Izolat,Nu,1.32,1
15,Feminin,Rural,Ambii părinți,Liceal,Gimnazial,68,6,Ocazional,7.5,4,0.4,Neutră,Avertismente,Stresat,Parțial,0.87,1
13,Masculin,Urban,Monoparental,Necunoscut,Gimnazial,78,18,Ocazional,7.9,2,2.4,Negativă,Nu,Bine,Parțial,0.13,1
13,Feminin,Urban,Ambii părinți,Universitar,Universitar,11,41,Ocazional,6.3,3,3.1,Negativă,Nu,Neutru,Da,0.16,0
13,Altul / prefer să nu spun,Rural,Ambii părinți,Universitar,Necunoscut,149,18,"Da, frecvent",6.1,4,0.0,Negativă,Sancțiuni,Bine,Nu,0.94,1
16,Feminin,Rural,Monoparental,Universitar,Universitar,119,25,Ocazional,7.7,1,1.7,Pozitivă,Nu,Izolat,Nu,1.02,0
13,Masculin,Urban,Ambii părinți,Liceal,Gimnazial,35,73,Ocazional,3.5,2,1.3,Negativă,Nu,Neutru,Parțial,0.49,0
19,Masculin,Rural,Ambii părinți,Gimnazial,Universitar,109,25,Nu,7.1,4,0.7,Negativă,Avertismente,Bine,Da,0.74,1
15,Feminin,Rural,Ambii părinți,Universitar,Gimnazial,33,26,Nu,9.4,5,0.3,Neutră,Nu,Stresat,Da,0.8,0
18,Masculin,Urban,Tutore / plasament,Primar,Liceal,131,29,"Da, frecvent",3.5,5,5.3,Pozitivă,Nu,Bine,Da,0.14,1
17,Masculin,Rural,Tutore / plasament,Gimnazial,Postliceal,41,16,Nu,8.3,1,1.9,Pozitivă,Sancțiuni,Bine,Parțial,0.58,0
14,Masculin,Rural,Ambii părinți,Liceal,Universitar,14,54,Ocazional,7.9,1,5.5,Pozitivă,Nu,Bine,Parțial,0.23,1
13,Feminin,Rural,Ambii părinți,Liceal,Liceal,176,7,"Da, frecvent",5.1,5,5.0,Pozitivă,Nu,Bine,Parțial,0.02,0
17,Masculin,Rural,Ambii părinți,Liceal,Liceal,75,16,Ocazional,7.8,4,2.9,Negativă,Nu,Bine,Da,0.16,0
13,Masculin,Rural,Altă situație,Gimnazial,Gimnazial,31,32,Nu,8.5,1,1.7,Negativă,Nu,Altul,Da,0.59,0
13,Feminin,Urban,Ambii părinți,Gimnazial,Liceal,139,19,"Da, frecvent",5.5,3,1.0,Negativă,Nu,Neutru,Nu,0.57,1
19,Feminin,Urban,Ambii părinți,Gimnazial,Primar,67,87,Ocazional,6.1,1,3.7,Pozitivă,Nu,Izolat,Da,0.89,1
15,Feminin,Rural,Tutore / plasament,Liceal,Universitar,27,27,Ocazional,7.1,0,3.0,Neutră,Nu,Bine,Nu,0.15,1
11,Masculin,Rural,Ambii părinți,Primar,Primar,141,26,Ocazional,8.5,0,2.0,Neutră,Nu,Izolat,Parțial,0.63,0
15,Feminin,Urban,Ambii părinți,Postliceal,Postliceal,78,10,Ocazional,6.3,2,3.8,Neutră,Nu,Neutru,Da,0.0,0
15,Masculin,Urban,Ambii părinți,Gimnazial,Gimnazial,52,20,Ocazional,7.0,1,0.7,Pozitivă,Sancțiuni,Stresat,Parțial,1.17,0
18,Altul / prefer să nu spun,Rural,Ambii părinți,Liceal,Liceal,39,52,Nu,6.2,4,0.0,Negativă,Nu,Stresat,Nu,0.99,1
17,Feminin,Urban,Ambii părinți,Liceal,Gimnazial,13,13,Ocazional,7.1,0,2.3,Neutră,Avertismente,Neutru,Nu,0.6,0
12,Feminin,Urban,Altă situație,Liceal,Liceal,1,3,"Da, frecvent",8.6,1,6.4,Negativă,Nu,Neutru,Da,0.7,0
12,Masculin,Rural,Ambii părinți,Universitar,Liceal,71,23,Ocazional,7.2,3,3.0,Pozitivă,Nu,Izolat,Da,0.82,0
16,Feminin,Rural,Ambii părinți,Gimnazial,Postliceal,10,28,Nu,6.6,2,4.5,Pozitivă,Nu,Bine,Parțial,0.27,0
11,Masculin,Rural,Monoparental,Liceal,Universitar,13,18,Ocazional,7.1,1,3.7,Neutră,Sancțiuni,Bine,Da,0.28,0
13,Masculin,Rural,Monoparental,Postliceal,Liceal,32,74,Nu,6.0,0,3.0,Neutră,Nu,Altul,Da,0.0,0
12,Masculin,Urban,Monoparental,Primar,Liceal,33,125,"Da, frecvent",5.7,0,1.0,Negativă,Nu,Izolat,Nu,1.27,0
11,Feminin,Rural,Monoparental,Universitar,Universitar,16,32,Ocazional,8.8,1,4.3,Pozitivă,Nu,Neutru,Parțial,0.0,0
19,Masculin,Urban,Ambii părinți,Universitar,Gimnazial,71,19,Nu,9.4,1,0.7,Pozitivă,Nu,Stresat,Nu,0.81,0
11,Masculin,Urban,Monoparental,Liceal,Universitar,4,41,Ocazional,4.6,3,1.7,Negativă,Nu,Izolat,Parțial,0.75,0
11,Feminin,Rural,Ambii părinți,Universitar,Universitar,70,74,Ocazional,7.9,4,2.7,Neutră,Nu,Neutru,Da,0.0,0
19,Masculin,Rural,Ambii părinți,Liceal,Universitar,29,14,Ocazional,8.3,0,5.3,Neutră,Nu,Bine,Da,0.07,0
12,Masculin,Rural,Tutore / plasament,Liceal,Liceal,15,50,Nu,5.4,2,0.0,Negativă,Avertismente,Neutru,Nu,0.71,0
18,Masculin,Urban,Monoparental,Gimnazial,Postliceal,5,23,"Da, frecvent",6.4,2,4.9,Neutră,Avertismente,Bine,Parțial,0.28,0
11,Feminin,Rural,Ambii părinți,Primar,Liceal,45,63,Ocazional,6.3,0,2.0,Neutră,Sancțiuni,Bine,Parțial,0.55,0
12,Feminin,Rural,Ambii părinți,Gimnazial,Liceal,9,10,Ocazional,9.8,2,6.1,Pozitivă,Nu,Altul,Da,0.34,0
11,Feminin,Rural,Tutore / plasament,Liceal,Necunoscut,7,81,Ocazional,9.4,0,4.4,Neutră,Nu,Stresat,Da,0.39,0
17,Feminin,Rural,Ambii părinți,Liceal,Gimnazial,117,33,Ocazional,5.8,1,3.7,Pozitivă,Nu,Stresat,Da,0.74,1
16,Feminin,Urban,Ambii părinți,Gimnazial,Universitar,6,41,Ocazional,5.1,4,3.2,Neutră,Avertismente,Neutru,Da,0.6,0
15,Altul / prefer să nu spun,Rural,Ambii părinți,Liceal,Liceal,4,8,"Da, frecvent",8.2,1,4.9,Neutră,Avertismente,Bine,Nu,0.78,0
13,Feminin,Rural,Ambii părinți,Gimnazial,Gimnazial,65,8,Nu,7.9,4,2.3,Pozitivă,Nu,Neutru,Parțial,0.11,0
11,Masculin,Rural,Ambii părinți,Liceal,Postliceal,48,36,Ocazional,8.8,0,2.0,Pozitivă,Nu,Stresat,Nu,0.79,0
16,Feminin,Rural,Altă situație,Gimnazial,Universitar,21,42,"Da, frecvent",5.6,2,3.6,Pozitivă,Nu,Neutru,Nu,0.49,1
13,Feminin,Rural,Ambii părinți,Postliceal,Liceal,12,21,"Da, frecvent",8.1,5,4.3,Neutră,Nu,Bine,Parțial,0.21,0
16,Feminin,Urban,Ambii părinți,Liceal,Universitar,17,45,Ocazional,6.1,3,3.6,Pozitivă,Nu,Stresat,Da,0.36,0
17,Feminin,Urban,Monoparental,Postliceal,Liceal,21,8,Ocazional,8.0,4,2.5,Negativă,Nu,Bine,Parțial,0.31,0
18,Masculin,Rural,Ambii părinți,Primar,Universitar,59,5,Nu,7.0,1,4.4,Pozitivă,Nu,Neutru,Da,0.16,0
15,Masculin,Rural,Monoparental,Liceal,Postliceal,46,30,Ocazional,9.8,1,1.7,Neutră,Nu,Neutru,Nu,0.15,0
11,Masculin,Rural,Monoparental,Universitar,Universitar,26,8,Nu,7.7,2,0.9,Neutră,Nu,Altul,Nu,0.31,0
13,Feminin,Urban,Ambii părinți,Primar,Gimnazial,25,4,"Da, frecvent",6.7,1,3.5,Neutră,Sancțiuni,Bine,Parțial,0.59,0
18,Masculin,Urban,Monoparental,Liceal,Liceal,68,11,Ocazional,7.3,4,3.1,Pozitivă,Sancțiuni,Bine,Da,0.35,0
15,Feminin,Rural,Monoparental,Primar,Universitar,15,41,Ocazional,7.0,2,4.1,Pozitivă,Avertismente,Altul,Da,0.54,0
16,Masculin,Rural,Monoparental,Gimnazial,Primar,5,32,"Da, frecvent",5.5,4,5.2,Pozitivă,Avertismente,Altul,Da,0.32,0
15,Masculin,Urban,Monoparental,Liceal,Liceal,107,75,Nu,9.8,0,5.0,Pozitivă,Nu,Bine,Da,0.0,0
12,Feminin,Rural,Ambii părinți,Gimnazial,Universitar,26,34,Nu,9.3,2,0.3,Pozitivă,Nu,Stresat,Nu,1.01,0
19,Feminin,Urban,Monoparental,Liceal,Postliceal,162,9,"Da, frecvent",6.9,1,4.2,Neutră,Nu,Izolat,Da,0.91,1
17,Feminin,Rural,Monoparental,Universitar,Universitar,22,43,"Da, frecvent",8.1,4,2.8,Neutră,Nu,Bine,Nu,0.14,0
19,Feminin,Urban,Ambii părinți,Gimnazial,Postliceal,37,14,Nu,10.0,1,1.0,Pozitivă,Avertismente,Stresat,Parțial,1.22,0
18,Masculin,Urban,Tutore / plasament,Gimnazial,Universitar,13,21,"Da, frecvent",8.8,2,5.2,Neutră,Nu,Bine,Parțial,0.15,0
13,Masculin,Urban,Ambii părinți,Universitar,Liceal,47,14,Nu,6.7,2,0.6,Pozitivă,Sancțiuni,Stresat,Da,0.65,0
13,Masculin,Rural,Ambii părinți,Liceal,Liceal,26,7,"Da, frecvent",7.0,4,4.3,Negativă,Nu,Bine,Da,0.09,0
13,Feminin,Rural,Tutore / plasament,Universitar,Universitar,29,175,Ocazional,4.7,2,1.3,Neutră,Nu,Stresat,Parțial,0.81,1
19,Masculin,Rural,Ambii părinți,Gimnazial,Postliceal,41,12,"Da, frecvent",8.2,4,1.1,Neutră,Avertismente,Stresat,Parțial,0.76,1
16,Feminin,Rural,Ambii părinți,Liceal,Gimnazial,22,3,Ocazional,8.8,0,5.0,Pozitivă,Avertismente,Bine,Parțial,0.39,0
15,Masculin,Urban,Ambii părinți,Universitar,Liceal,45,47,"Da, frecvent",8.8,4,2.7,Neutră,Nu,Stresat,Da,0.69,0
19,Feminin,Urban,Tutore / plasament,Gimnazial,Liceal,17,2,Ocazional,8.1,3,6.5,Pozitivă,Nu,Bine,Da,0.23,0
16,Feminin,Rural,Ambii părinți,Universitar,Universitar,43,23,Nu,7.6,0,3.0,Negativă,Nu,Bine,Da,0.38,0
19,Masculin,Urban,Monoparental,Postliceal,Liceal,3,53,"Da, frecvent",5.7,0,5.8,Pozitivă,Nu,Izolat,Parțial,0.98,0
19,Feminin,Rural,Monoparental,Universitar,Universitar,6,27,Ocazional,7.5,1,3.2,Pozitivă,Avertismente,Izolat,Parțial,0.9,0
11,Feminin,Rural,Monoparental,Gimnazial,Universitar,13,20,"Da, frecvent",6.2,5,3.2,Neutră,Nu,Stresat,Da,0.72,0
14,Masculin,Rural,Tutore / plasament,Liceal,Gimnazial,8,12,Ocazional,7.8,1,1.4,Neutră,Avertismente,Izolat,Nu,1.33,0
17,Feminin,Urban,Monoparental,Gimnazial,Liceal,9,75,"Da, frecvent",6.0,2,6.6,Neutră,Nu,Bine,Da,0.28,0
18,Masculin,Rural,Ambii părinți,Universitar,Liceal,56,20,Ocazional,7.8,2,0.0,Negativă,Sancțiuni,Neutru,Nu,1.09,1
12,Masculin,Urban,Altă situație,Primar,Gimnazial,27,46,Nu,9.0,1,1.7,Pozitivă,Nu,Izolat,Parțial,0.62,0
13,Masculin,Urban,Ambii părinți,Primar,Liceal,22,57,Nu,7.6,2,0.5,Pozitivă,Avertismente,Izolat,Parțial,1.17,1
15,Masculin,Rural,Ambii părinți,Universitar,Liceal,46,22,Nu,7.6,1,2.7,Negativă,Nu,Bine,Da,0.18,0
18,Masculin,Rural,Ambii părinți,Gimnazial,Universitar,49,9,"Da, frecvent",8.4,4,4.2,Pozitivă,Avertismente,Bine,Parțial,0.49,0
12,Masculin,Rural,Monoparental,Liceal,Liceal,20,58,"Da, frecvent",9.6,0,2.3,Neutră,Avertismente,Stresat,Parțial,1.14,0
16,Masculin,Urban,Ambii părinți,Gimnazial,Primar,86,23,"Da, frecvent",6.9,3,6.0,Pozitivă,Nu,Bine,Da,0.33,0
13,Masculin,Rural,Ambii părinți,Postliceal,Liceal,28,25,Nu,7.8,1,2.7,Pozitivă,Nu,Stresat,Da,0.8,0
12,Feminin,Rural,Ambii părinți,Gimnazial,Universitar,61,18,"Da, frecvent",9.2,3,3.1,Pozitivă,Sancțiuni,Bine,Parțial,0.52,0
15,Feminin,Rural,Ambii părinți,Liceal,Liceal,17,56,Nu,8.0,3,0.0,Negativă,Sancțiuni,Neutru,Da,0.69,0
14,Masculin,Rural,Ambii părinți,Liceal,Gimnazial,44,8,Nu,4.3,3,2.6,Pozitivă,Avertismente,Bine,Parțial,0.6,1
16,Feminin,Urban,Monoparental,Liceal,Universitar,66,26,"Da, frecvent",6.1,3,4.0,Pozitivă,Nu,Stresat,Da,1.09,0
13,Feminin,Rural,Ambii părinți,Gimnazial,Gimnazial,59,9,"Da, frecvent",8.2,1,6.2,Pozitivă,Nu,Altul,Da,0.3,0
18,Feminin,Rural,Ambii părinți,Gimnazial,Gimnazial,55,18,Ocazional,6.5,3,3.1,Pozitivă,Nu,Neutru,Parțial,0.22,0
11,Masculin,Rural,Ambii părinți,Postliceal,Liceal,16,62,Ocazional,9.1,1,5.3,Pozitivă,Nu,Altul,Da,0.0,0
18,Feminin,Rural,Ambii părinți,Gimnazial,Postliceal,8,62,Ocazional,9.7,2,3.7,Negativă,Nu,Neutru,Da,0.2,0
11,Masculin,Rural,Monoparental,Gimnazial,Universitar,7,21,"Da, frecvent",6.3,1,7.1,Neutră,Nu,Bine,Da,0.09,0
17,Masculin,Rural,Ambii părinți,Liceal,Primar,21,34,Nu,5.7,3,0.0,Pozitivă,Avertismente,Izolat,Nu,1.41,1
14,Masculin,Rural,Ambii părinți,Liceal,Universitar,20,33,Ocazional,6.6,4,5.0,Pozitivă,Nu,Bine,Da,0.0,0
14,Feminin,Urban,Tutore / plasament,Postliceal,Postliceal,50,9,"Da, frecvent",6.5,3,5.6,Pozitivă,Nu,Bine,Parțial,0.27,1
11,Masculin,Urban,Ambii părinți,Liceal,Universitar,35,42,"Da, frecvent",9.3,0,2.0,Pozitivă,Sancțiuni,Stresat,Parțial,1.07,0
17,Masculin,Rural,Ambii părinți,Universitar,Universitar,7,10,Nu,5.7,0,6.9,Pozitivă,Nu,Bine,Da,0.21,0
12,Feminin,Rural,Monoparental,Postliceal,Universitar,76,17,"Da, frecvent",8.1,1,2.8,Negativă,Nu,Izolat,Da,0.86,0
16,Masculin,Rural,Monoparental,Universitar,Gimnazial,42,3,Nu,9.0,3,2.8,Pozitivă,Avertismente,Neutru,Da,0.39,0
17,Feminin,Rural,Monoparental,Postliceal,Gimnazial,15,48,Ocazional,8.2,1,4.4,Pozitivă,Sancțiuni,Bine,Da,0.32,0
18,Masculin,Rural,Ambii părinți,Gimnazial,Universitar,18,56,Nu,7.7,5,0.8,Neutră,Nu,Bine,Nu,0.46,0
17,Feminin,Urban,Ambii părinți,Necunoscut,Liceal,107,35,Nu,6.9,3,3.0,Pozitivă,Nu,Bine,Parțial,0.14,0
13,Masculin,Urban,Ambii părinți,Universitar,Liceal,8,27,Nu,9.7,5,0.0,Neutră,Nu,Stresat,Nu,0.71,0
17,Masculin,Rural,Ambii părinți,Liceal,Universitar,111,16,Nu,6.8,5,0.5,Neutră,Nu,Bine,Nu,0.39,1
18,Feminin,Rural,Ambii părinți,Gimnazial,Universitar,26,49,Ocazional,8.4,0,4.0,Pozitivă,Nu,Izolat,Da,1.32,0
13,Masculin,Rural,Altă situație,Gimnazial,Postliceal,28,89,"Da, frecvent",6.9,5,2.3,Negativă,Nu,Bine,Parțial,0.31,1
12,Feminin,Rural,Monoparental,Liceal,Universitar,46,12,Nu,4.5,0,4.4,Pozitivă,Nu,Bine,Parțial,0.45,1
19,Masculin,Rural,Ambii părinți,Liceal,Gimnazial,4,22,Ocazional,6.7,0,4.7,Pozitivă,Nu,Neutru,Nu,0.0,0
12,Masculin,Rural,Ambii părinți,Postliceal,Universitar,42,9,Ocazional,6.9,3,1.5,Neutră,Avertismente,Bine,Nu,0.65,0
16,Feminin,Rural,Monoparental,Liceal,Universitar,64,27,Ocazional,6.9,3,3.0,Neutră,Nu,Neutru,Da,0.32,0
13,Feminin,Urban,Ambii părinți,Liceal,Primar,21,18,"Da, frecvent",6.2,3,4.4,Pozitivă,Nu,Neutru,Parțial,0.15,0
12,Masculin,Rural,Ambii părinți,Gimnazial,Gimnazial,33,23,Ocazional,8.0,0,5.0,Pozitivă,Avertismente,Bine,Da,0.38,0
17,Feminin,Rural,Ambii părinți,Gimnazial,Universitar,165,49,"Da, frecvent",8.1,0,2.0,Negativă,Nu,Neutru,Nu,0.55,0
12,Masculin,Urban,Monoparental,Primar,Liceal,71,60,Ocazional,6.7,4,0.7,Neutră,Avertismente,Izolat,Da,1.23,1
17,Masculin,Rural,Monoparental,Universitar,Primar,12,7,Ocazional,6.7,3,4.6,Neutră,Avertismente,Bine,Da,0.89,1
17,Masculin,Rural,Ambii părinți,Liceal,Gimnazial,19,33,Nu,5.6,2,0.0,Neutră,Avertismente,Neutru,Nu,0.89,1
11,Feminin,Rural,Ambii părinți,Universitar,Gimnazial,25,75,Ocazional,7.5,1,3.7,Neutră,Avertismente,Bine,Da,0.41,0
12,Masculin,Rural,Monoparental,Postliceal,Gimnazial,74,39,Nu,9.0,1,0.7,Neutră,Nu,Izolat,Parțial,0.66,0
18,Masculin,Urban,Ambii părinți,Universitar,Universitar,12,9,Nu,9.0,1,5.2,Pozitivă,Nu,Bine,Parțial,0.11,0
15,Feminin,Urban,Monoparental,Liceal,Postliceal,59,58,"Da, frecvent",6.3,2,5.3,Pozitivă,Nu,Bine,Parțial,0.0,0
12,Feminin,Urban,Ambii părinți,Universitar,Postliceal,60,42,Ocazional,9.9,4,2.7,Neutră,Nu,Neutru,Da,0.12,0
19,Feminin,Urban,Monoparental,Universitar,Primar,35,38,"Da, frecvent",6.6,2,1.3,Neutră,Sancțiuni,Stresat,Da,1.0,0
13,Feminin,Rural,Tutore / plasament,Postliceal,Liceal,76,21,Nu,5.7,2,3.3,Neutră,Nu,Bine,Da,0.0,1
11,Masculin,Rural,Ambii părinți,Gimnazial,Gimnazial,13,37,Ocazional,5.2,5,1.3,Neutră,Nu,Stresat,Parțial,0.85,1
19,Feminin,Rural,Ambii părinți,Postliceal,Universitar,90,167,"Da, frecvent",5.6,0,4.0,Neutră,Nu,Bine,Nu,0.43,1
11,Masculin,Urban,Monoparental,Gimnazial,Universitar,3,2,"Da, frecvent",7.6,0,5.6,Pozitivă,Nu,Izolat,Nu,0.78,0
15,Feminin,Urban,Ambii părinți,Primar,Liceal,12,17,Ocazional,6.7,5,0.5,Negativă,Nu,Izolat,Parțial,0.93,1
19,Feminin,Urban,Ambii părinți,Postliceal,Necunoscut,3,19,"Da, frecvent",6.2,5,3.1,Negativă,Nu,Stresat,Da,0.73,0
16,Feminin,Rural,Ambii părinți,Universitar,Primar,14,114,Ocazional,5.9,2,0.0,Negativă,Sancțiuni,Stresat,Nu,1.35,0
16,Masculin,Urban,Tutore / plasament,Gimnazial,Gimnazial,61,9,Nu,5.6,1,2.2,Negativă,Nu,Neutru,Da,0.47,1
14,Masculin,Rural,Ambii părinți,Primar,Universitar,48,8,"Da, frecvent",5.9,0,0.0,Negativă,Sancțiuni,Stresat,Nu,1.53,1
12,Feminin,Rural,Tutore / plasament,Universitar,Liceal,41,4,Ocazional,8.5,0,3.8,Pozitivă,Avertismente,Bine,Nu,0.61,0
16,Masculin,Rural,Ambii părinți,Gimnazial,Universitar,14,17,Ocazional,9.6,5,0.3,Neutră,Nu,Stresat,Nu,0.96,0
19,Feminin,Urban,Ambii părinți,Primar,Gimnazial,32,38,"Da, frecvent",9.7,4,3.7,Neutră,Nu,Neutru,Da,0.14,0
11,Feminin,Urban,Ambii părinți,Postliceal,Universitar,90,25,"Da, frecvent",8.1,5,1.3,Neutră,Avertismente,Stresat,Da,0.87,0
18,Feminin,Rural,Monoparental,Universitar,Gimnazial,15,10,"Da, frecvent",6.4,3,2.2,Negativă,Avertismente,Neutru,Parțial,0.67,0
14,Altul / prefer să nu spun,Rural,Ambii părinți,Liceal,Gimnazial,15,37,Nu,6.2,3,2.8,Pozitivă,Nu,Neutru,Parțial,0.23,1
15,Masculin,Urban,Ambii părinți,Liceal,Liceal,16,25,Ocazional,8.2,5,5.0,Pozitivă,Nu,Bine,Da,0.21,0
12,Masculin,Rural,Ambii părinți,Liceal,Universitar,39,68,Ocazional,6.8,2,3.3,Pozitivă,Nu,Neutru,Parțial,0.0,0
16,Feminin,Rural,Ambii părinți,Gimnazial,Liceal,56,13,Nu,7.7,3,3.4,Pozitivă,Nu,Bine,Parțial,0.18,0
12,Feminin,Rural,Ambii părinți,Universitar,Liceal,68,12,"Da, frecvent",9.8,1,5.1,Pozitivă,Nu,Stresat,Da,0.7,0
13,Masculin,Urban,Ambii părinți,Universitar,Primar,25,51,"Da, frecvent",7.4,3,6.0,Pozitivă,Nu,Bine,Da,0.0,0
17,Feminin,Urban,Ambii părinți,Liceal,Primar,23,8,"Da, frecvent",10.0,1,4.4,Pozitivă,Nu,Izolat,Parțial,0.55,0
11,Masculin,Urban,Altă situație,Gimnazial,Primar,18,4,Nu,5.5,1,4.0,Pozitivă,Nu,Stresat,Da,0.79,1
15,Masculin,Urban,Ambii părinți,Gimnazial,Universitar,53,25,Ocazional,7.7,2,1.3,Neutră,Nu,Izolat,Parțial,0.95,0
16,Feminin,Rural,Ambii părinți,Primar,Gimnazial,5,39,Ocazional,7.5,5,0.9,Neutră,Nu,Izolat,Nu,0.6,0
12,Masculin,Rural,Ambii părinți,Gimnazial,Gimnazial,29,4,"Da, frecvent",5.7,1,3.5,Pozitivă,Avertismente,Neutru,Nu,0.88,0
13,Masculin,Rural,Ambii părinți,Primar,Liceal,29,55,Nu,8.2,3,0.0,Negativă,Nu,Izolat,Nu,0.76,0
14,Feminin,Rural,Monoparental,Universitar,Liceal,60,3,Nu,9.2,3,1.8,Pozitivă,Avertismente,Neutru,Parțial,0.75,0
16,Masculin,Urban,Ambii părinți,Gimnazial,Liceal,7,14,Ocazional,10.0,3,2.7,Neutră,Avertismente,Bine,Nu,0.66,0
19,Masculin,Urban,Ambii părinți,Postliceal,Primar,65,25,"Da, frecvent",7.7,0,4.0,Negativă,Nu,Bine,Parțial,0.22,0
18,Feminin,Rural,Monoparental,Liceal,Liceal,50,74,Ocazional,4.4,4,0.7,Negativă,Nu,Bine,Nu,0.61,1
12,Masculin,Rural,Ambii părinți,Universitar,Postliceal,137,77,"Da, frecvent",7.8,4,4.7,Neutră,Nu,Bine,Da,0.0,0
11,Feminin,Rural,Tutore / plasament,Universitar,Gimnazial,118,30,"Da, frecvent",8.1,0,6.0,Pozitivă,Nu,Bine,Parțial,0.24,0
11,Masculin,Urban,Altă situație,Liceal,Postliceal,85,17,Ocazional,6.8,2,0.5,Negativă,Sancțiuni,Altul,Da,0.68,1
16,Masculin,Urban,Ambii părinți,Gimnazial,Primar,2,18,Ocazional,7.4,5,5.3,Neutră,Nu,Bine,Da,0.0,0
12,Masculin,Urban,Ambii părinți,Postliceal,Universitar,8,106,Nu,6.4,1,2.0,Neutră,Nu,Izolat,Parțial,0.55,0
13,Masculin,Rural,Ambii părinți,Primar,Universitar,77,64,"Da, frecvent",6.9,3,3.0,Pozitivă,Avertismente,Stresat,Da,1.08,1
18,Masculin,Rural,Ambii părinți,Gimnazial,Primar,28,35,"Da, frecvent",8.5,4,0.7,Negativă,Avertismente,Izolat,Da,1.44,0
18,Feminin,Rural,Ambii părinți,Primar,Liceal,117,31,Ocazional,9.0,4,0.0,Negativă,Nu,Stresat,Nu,1.16,0
18,Feminin,Rural,Ambii părinți,Universitar,Liceal,35,28,Nu,5.3,2,1.3,Neutră,Nu,Altul,Parțial,0.34,1
13,Feminin,Urban,Ambii părinți,Primar,Universitar,59,2,Ocazional,6.4,4,1.6,Negativă,Avertismente,Bine,Parțial,0.54,1
16,Masculin,Rural,Ambii părinți,Liceal,Liceal,55,0,Ocazional,4.9,5,2.3,Pozitivă,Nu,Neutru,Nu,0.48,0
16,Feminin,Urban,Ambii părinți,Liceal,Liceal,34,20,"Da, frecvent",9.7,2,4.3,Pozitivă,Avertismente,Bine,Parțial,0.63,0
12,Feminin,Rural,Altă situație,Postliceal,Gimnazial,78,7,Ocazional,8.3,5,0.0,Neutră,Sancțiuni,Bine,Nu,0.41,0
15,Masculin,Rural,Tutore / plasament,Gimnazial,Primar,63,31,Nu,4.3,4,1.7,Neutră,Nu,Neutru,Da,0.35,1
15,Feminin,Rural,Ambii părinți,Universitar,Postliceal,9,29,"Da, frecvent",7.0,3,5.2,Neutră,Nu,Neutru,Da,0.21,0
14,Feminin,Urban,Monoparental,Postliceal,Liceal,173,4,Ocazional,6.7,4,2.5,Pozitivă,Sancțiuni,Altul,Da,0.45,1
17,Feminin,Rural,Ambii părinți,Liceal,Universitar,8,31,"Da, frecvent",6.0,1,5.0,Neutră,Nu,Bine,Nu,0.3,0
17,Feminin,Rural,Monoparental,Liceal,Universitar,15,33,"Da, frecvent",8.6,0,5.8,Pozitivă,Nu,Izolat,Da,0.51,0
15,Masculin,Urban,Ambii părinți,Universitar,Liceal,58,32,Nu,8.5,4,1.7,Neutră,Nu,Bine,Parțial,0.26,0
17,Feminin,Urban,Tutore / plasament,Universitar,Liceal,49,14,Ocazional,7.5,4,0.0,Negativă,Nu,Stresat,Parțial,0.95,0
17,Feminin,Rural,Ambii părinți,Liceal,Universitar,67,38,"Da, frecvent",6.2,5,3.3,Pozitivă,Nu,Bine,Nu,0.45,0
16,Masculin,Urban,Ambii părinți,Liceal,Universitar,27,40,Ocazional,6.2,3,0.0,Negativă,Nu,Altul,Nu,0.56,1
13,Masculin,Urban,Altă situație,Primar,Universitar,52,38,"Da, frecvent",7.2,2,5.3,Pozitivă,Nu,Neutru,Da,0.19,0
17,Masculin,Urban,Ambii părinți,Gimnazial,Necunoscut,17,20,Ocazional,6.5,5,3.9,Neutră,Nu,Bine,Da,0.1,0
17,Masculin,Urban,Ambii părinți,Primar,Liceal,35,81,Nu,7.1,5,0.0,Negativă,Nu,Izolat,Parțial,1.09,0
19,Masculin,Rural,Monoparental,Primar,Postliceal,106,69,"Da, frecvent",7.9,4,3.7,Pozitivă,Nu,Bine,Nu,0.46,0
12,Feminin,Rural,Monoparental,Gimnazial,Postliceal,8,27,Ocazional,5.0,4,3.0,Pozitivă,Avertismente,Izolat,Da,1.08,0
14,Masculin,Urban,Monoparental,Universitar,Gimnazial,82,12,Ocazional,6.0,1,3.1,Negativă,Nu,Bine,Parțial,0.33,1
19,Masculin,Rural,Monoparental,Universitar,Liceal,29,11,Nu,7.1,5,2.8,Pozitivă,Avertismente,Bine,Da,0.18,0
15,Feminin,Urban,Monoparental,Universitar,Liceal,13,41,"Da, frecvent",9.3,0,7.9,Pozitivă,Nu,Bine,Da,0.0,0
19,Feminin,Urban,Ambii părinți,Liceal,Liceal,14,6,Ocazional,8.3,4,4.2,Pozitivă,Nu,Stresat,Da,0.63,0
11,Feminin,Urban,Ambii părinți,Liceal,Gimnazial,28,43,"Da, frecvent",7.1,1,2.7,Pozitivă,Nu,Stresat,Nu,1.13,0
11,Masculin,Rural,Monoparental,Gimnazial,Postliceal,85,5,"Da, frecvent",7.7,0,4.8,Pozitivă,Avertismente,Neutru,Parțial,0.37,1
18,Masculin,Rural,Tutore / plasament,Postliceal,Postliceal,52,23,"Da, frecvent",7.0,4,2.7,Negativă,Nu,Bine,Parțial,0.23,0
14,Masculin,Rural,Ambii părinți,Gimnazial,Liceal,7,40,Nu,8.6,2,1.8,Neutră,Avertismente,Neutru,Parțial,0.32,0
15,Feminin,Urban,Ambii părinți,Liceal,Gimnazial,78,11,"Da, frecvent",7.7,5,4.8,Pozitivă,Nu,Neutru,Da,0.0,0
14,Feminin,Urban,Monoparental,Universitar,Liceal,68,55,Nu,8.9,1,1.7,Neutră,Sancțiuni,Bine,Da,0.34,0
14,Feminin,Urban,Ambii părinți,Universitar,Gimnazial,3,17,Ocazional,5.2,4,2.6,Pozitivă,Avertismente,Neutru,Nu,0.75,0
19,Masculin,Rural,Ambii părinți,Gimnazial,Liceal,12,25,Nu,6.0,3,3.0,Pozitivă,Avertismente,Neutru,Da,0.41,0
11,Masculin,Urban,Monoparental,Postliceal,Liceal,92,2,"Da, frecvent",7.5,4,1.6,Negativă,Nu,Neutru,Nu,0.45,1
17,Masculin,Rural,Ambii părinți,Gimnazial,Universitar,35,5,"Da, frecvent",7.8,5,2.1,Neutră,Nu,Neutru,Nu,0.24,0
19,Masculin,Rural,Ambii părinți,Primar,Liceal,78,47,Nu,10.0,3,2.0,Neutră,Nu,Bine,Parțial,0.19,0
16,Masculin,Rural,Ambii părinți,Primar,Liceal,1,17,Ocazional,4.6,2,3.4,Neutră,Nu,Izolat,Parțial,0.77,0
14,Masculin,Rural,Ambii părinți,Gimnazial,Universitar,61,59,Ocazional,7.1,3,0.0,Negativă,Avertismente,Stresat,Nu,1.11,1
12,Feminin,Urban,Monoparental,Postliceal,Liceal,19,1,Nu,7.0,3,2.4,Neutră,Nu,Stresat,Da,0.56,0
17,Feminin,Rural,Ambii părinți,Liceal,Universitar,64,36,Ocazional,7.4,5,1.3,Pozitivă,Nu,Stresat,Parțial,0.68,0
15,Feminin,Urban,Ambii părinți,Primar,Gimnazial,79,2,Nu,9.5,1,4.6,Pozitivă,Nu,Neutru,Da,0.23,0
12,Feminin,Rural,Ambii părinți,Necunoscut,Liceal,19,10,"Da, frecvent",8.3,0,5.9,Pozitivă,Nu,Altul,Parțial,0.17,0
14,Feminin,Rural,Ambii părinți,Liceal,Gimnazial,32,23,Ocazional,4.9,2,2.3,Negativă,Nu,Bine,Parțial,0.5,1
19,Feminin,Urban,Ambii părinți,Liceal,Liceal,25,16,Ocazional,9.2,2,2.5,Neutră,Avertismente,Neutru,Da,0.25,0
13,Masculin,Rural,Ambii părinți,Liceal,Universitar,19,32,Ocazional,9.2,5,2.8,Pozitivă,Nu,Stresat,Da,0.77,0
12,Feminin,Urban,Ambii părinți,Liceal,Postliceal,43,14,Ocazional,7.5,1,3.0,Pozitivă,Nu,Izolat,Parțial,1.07,0
17,Masculin,Urban,Ambii părinți,Liceal,Liceal,72,20,Nu,4.8,0,0.0,Negativă,Nu,Neutru,Nu,0.56,1
12,Masculin,Rural,Ambii părinți,Liceal,Gimnazial,15,8,Nu,6.9,0,3.4,Pozitivă,Nu,Izolat,Parțial,0.72,0
19,Masculin,Rural,Ambii părinți,Universitar,Universitar,15,42,"Da, frecvent",7.8,5,3.1,Neutră,Nu,Neutru,Parțial,0.24,0
18,Masculin,Rural,Ambii părinți,Gimnazial,Liceal,19,28,"Da, frecvent",8.5,3,1.4,Negativă,Nu,Neutru,Nu,0.45,0
19,Feminin,Rural,Ambii părinți,Liceal,Gimnazial,58,36,"Da, frecvent",4.6,5,0.0,Negativă,Nu,Izolat,Nu,0.93,0
19,Masculin,Rural,Ambii părinți,Primar,Necunoscut,78,24,"Da, frecvent",6.0,1,4.7,Pozitivă,Nu,Neutru,Parțial,0.16,1
13,Feminin,Urban,Ambii părinți,Universitar,Liceal,25,49,Ocazional,8.6,0,2.0,Neutră,Nu,Izolat,Parțial,0.4,0
12,Masculin,Urban,Ambii părinți,Gimnazial,Liceal,2,14,Ocazional,9.2,2,3.5,Pozitivă,Avertismente,Stresat,Parțial,1.12,0
14,Feminin,Rural,Monoparental,Gimnazial,Primar,10,26,"Da, frecvent",7.7,1,4.8,Negativă,Avertismente,Bine,Da,0.8,0
15,Feminin,Urban,Ambii părinți,Necunoscut,Gimnazial,23,182,Nu,8.7,0,1.1,Pozitivă,Nu,Izolat,Nu,0.61,0
18,Masculin,Rural,Monoparental,Liceal,Universitar,13,6,Nu,7.7,5,4.0,Neutră,Nu,Bine,Da,0.18,0
17,Masculin,Urban,Monoparental,Gimnazial,Liceal,7,62,Ocazional,8.4,2,2.8,Neutră,Nu,Stresat,Parțial,0.66,0
16,Feminin,Urban,Ambii părinți,Gimnazial,Universitar,36,126,Ocazional,7.3,0,0.0,Negativă,Nu,Stresat,Nu,1.37,0
18,Masculin,Rural,Ambii părinți,Liceal,Primar,206,39,"Da, frecvent",7.8,1,2.7,Pozitivă,Avertismente,Stresat,Parțial,1.29,0
16,Feminin,Rural,Ambii părinți,Necunoscut,Liceal,11,0,Ocazional,5.4,2,5.4,Pozitivă,Nu,Izolat,Da,0.85,0
14,Masculin,Rural,Ambii părinți,Liceal,Postliceal,43,7,Ocazional,8.1,5,2.0,Negativă,Nu,Neutru,Da,0.57,0
14,Feminin,Rural,Ambii părinți,Gimnazial,Liceal,55,33,"Da, frecvent",5.3,3,4.0,Pozitivă,Avertismente,Bine,Parțial,0.43,0
15,Feminin,Urban,Ambii părinți,Liceal,Liceal,59,25,Nu,8.1,3,3.0,Pozitivă,Nu,Neutru,Da,0.2,0
11,Feminin,Rural,Monoparental,Liceal,Liceal,33,84,Ocazional,6.5,3,3.0,Pozitivă,Nu,Stresat,Da,0.65,0
17,Feminin,Urban,Ambii părinți,Primar,Postliceal,8,86,"Da, frecvent",7.6,4,3.0,Negativă,Sancțiuni,Bine,Da,0.52,0
16,Feminin,Rural,Monoparental,Universitar,Universitar,72,23,Ocazional,5.8,1,3.7,Neutră,Nu,Bine,Parțial,0.16,0
17,Feminin,Urban,Monoparental,Primar,Liceal,29,24,Ocazional,6.4,2,1.3,Neutră,Avertismente,Neutru,Parțial,0.49,1
15,Feminin,Rural,Ambii părinți,Universitar,Liceal,26,15,"Da, frecvent",7.6,2,2.6,Negativă,Nu,Izolat,Da,0.86,0
18,Feminin,Urban,Tutore / plasament,Universitar,Liceal,8,38,"Da, frecvent",8.2,0,2.3,Negativă,Sancțiuni,Neutru,Parțial,0.69,0
19,Masculin,Rural,Altă situație,Primar,Gimnazial,19,9,"Da, frecvent",8.6,3,4.0,Pozitivă,Avertismente,Izolat,Da,1.06,0
16,Feminin,Rural,Ambii părinți,Postliceal,Gimnazial,58,22,Ocazional,5.5,4,2.7,Pozitivă,Nu,Neutru,Parțial,0.31,1
14,Masculin,Rural,Ambii părinți,Universitar,Universitar,29,10,Ocazional,5.0,3,0.0,Neutră,Sancțiuni,Altul,Nu,0.59,1
11,Masculin,Urban,Ambii părinți,Liceal,Gimnazial,5,31,"Da, frecvent",5.7,0,5.6,Neutră,Nu,Stresat,Da,0.47,0
18,Feminin,Rural,Ambii părinți,Liceal,Gimnazial,65,59,Nu,5.6,2,2.3,Pozitivă,Avertismente,Bine,Parțial,0.62,1
19,Masculin,Urban,Ambii părinți,Primar,Liceal,134,5,Nu,9.3,2,2.1,Negativă,Nu,Neutru,Da,0.5,0
17,Feminin,Urban,Ambii părinți,Primar,Primar,7,21,Ocazional,9.0,0,6.4,Pozitivă,Nu,Altul,Da,0.21,0
18,Feminin,Urban,Ambii părinți,Postliceal,Primar,32,74,Nu,5.7,3,2.0,Pozitivă,Nu,Altul,Parțial,0.0,1
18,Masculin,Urban,Monoparental,Gimnazial,Primar,33,91,Ocazional,9.5,3,2.0,Neutră,Nu,Neutru,Parțial,0.13,0
18,Masculin,Rural,Ambii părinți,Gimnazial,Gimnazial,6,15,"Da, frecvent",8.9,4,2.4,Negativă,Nu,Izolat,Parțial,0.95,0
15,Masculin,Urban,Ambii părinți,Liceal,Liceal,95,11,Ocazional,4.8,4,1.1,Pozitivă,Nu,Izolat,Nu,0.71,0
11,Feminin,Urban,Ambii părinți,Gimnazial,Universitar,34,0,"Da, frecvent",5.7,5,4.3,Pozitivă,Nu,Bine,Nu,0.21,1
11,Masculin,Rural,Monoparental,Universitar,Liceal,74,64,Ocazional,4.8,2,2.3,Neutră,Avertismente,Neutru,Da,0.47,1
12,Feminin,Rural,Monoparental,Universitar,Liceal,45,61,Nu,7.0,1,0.0,Negativă,Sancțiuni,Stresat,Parțial,1.46,1
14,Feminin,Rural,Ambii părinți,Universitar,Liceal,92,28,"Da, frecvent",7.1,3,5.0,Pozitivă,Nu,Bine,Parțial,0.19,0
17,Feminin,Rural,Monoparental,Primar,Gimnazial,45,137,"Da, frecvent",7.1,3,3.0,Pozitivă,Nu,Stresat,Parțial,0.6,0
15,Altul / prefer să nu spun,Urban,Ambii părinți,Liceal,Liceal,21,25,"Da, frecvent",4.3,1,3.9,Negativă,Nu,Bine,Parțial,0.31,0
11,Feminin,Rural,Monoparental,Universitar,Liceal,54,65,Nu,5.1,2,0.0,Neutră,Sancțiuni,Neutru,Nu,0.58,1
12,Masculin,Urban,Ambii părinți,Liceal,Liceal,14,16,"Da, frecvent",7.5,5,4.4,Pozitivă,Avertismente,Bine,Parțial,0.43,0
19,Masculin,Urban,Ambii părinți,Postliceal,Liceal,59,20,Nu,8.0,4,0.0,Pozitivă,Sancțiuni,Stresat,Nu,1.38,1
19,Masculin,Urban,Monoparental,Liceal,Primar,11,32,"Da, frecvent",4.3,3,4.1,Neutră,Avertismente,Bine,Parțial,0.15,1
14,Masculin,Rural,Tutore / plasament,Liceal,Universitar,31,10,Nu,5.3,5,0.8,Pozitivă,Nu,Neutru,Nu,0.59,1
18,Masculin,Urban,Monoparental,Gimnazial,Necunoscut,25,52,"Da, frecvent",8.5,0,7.0,Pozitivă,Nu,Bine,Da,0.54,0
17,Feminin,Rural,Ambii părinți,Postliceal,Universitar,42,29,"Da, frecvent",5.4,3,6.0,Pozitivă,Nu,Bine,Da,0.18,0
19,Feminin,Urban,Monoparental,Gimnazial,Primar,104,67,"Da, frecvent",7.1,1,1.7,Negativă,Nu,Izolat,Parțial,0.75,1
18,Masculin,Rural,Ambii părinți,Universitar,Universitar,18,9,"Da, frecvent",5.3,1,5.7,Neutră,Nu,Bine,Parțial,0.36,1
16,Feminin,Rural,Monoparental,Liceal,Liceal,70,10,"Da, frecvent",8.3,4,5.2,Neutră,Nu,Bine,Da,0.2,0
14,Feminin,Urban,Monoparental,Gimnazial,Gimnazial,94,20,"Da, frecvent",4.3,4,4.7,Pozitivă,Nu,Bine,Parțial,0.06,0
16,Feminin,Urban,Ambii părinți,Postliceal,Universitar,68,38,Ocazional,6.7,2,2.3,Pozitivă,Nu,Neutru,Nu,0.18,0
13,Feminin,Rural,Ambii părinți,Liceal,Universitar,42,34,Ocazional,8.4,3,1.0,Negativă,Nu,Bine,Nu,0.48,0
14,Feminin,Rural,Ambii părinți,Gimnazial,Gimnazial,40,84,"Da, frecvent",8.0,3,4.0,Neutră,Nu,Neutru,Da,0.18,0
16,Feminin,Urban,Ambii părinți,Universitar,Universitar,17,33,Ocazional,6.5,5,2.9,Pozitivă,Nu,Stresat,Da,0.86,0
16,Masculin,Rural,Ambii părinți,Postliceal,Gimnazial,4,4,Nu,6.1,0,4.5,Neutră,Nu,Bine,Nu,0.4,1
16,Feminin,Urban,Ambii părinți,Liceal,Liceal,35,8,Nu,6.8,3,2.6,Pozitivă,Nu,Bine,Nu,0.43,0
14,Altul / prefer să nu spun,Urban,Ambii părinți,Universitar,Gimnazial,101,4,Ocazional,5.3,0,5.8,Pozitivă,Nu,Neutru,Da,0.09,0
14,Masculin,Urban,Ambii părinți,Liceal,Gimnazial,112,4,Ocazional,7.0,5,3.1,Pozitivă,Nu,Izolat,Da,0.85,0
11,Feminin,Rural,Ambii părinți,Liceal,Universitar,6,17,Nu,7.0,1,4.3,Negativă,Nu,Bine,Da,0.31,0
16,Masculin,Urban,Monoparental,Gimnazial,Liceal,110,63,Nu,6.5,0,1.0,Neutră,Nu,Stresat,Parțial,1.03,1
16,Masculin,Rural,Ambii părinți,Gimnazial,Gimnazial,56,28,Nu,8.5,4,0.0,Neutră,Nu,Altul,Nu,0.23,1
19,Masculin,Urban,Ambii părinți,Liceal,Universitar,51,40,Ocazional,5.6,4,4.7,Pozitivă,Nu,Bine,Da,0.22,0
15,Feminin,Rural,Monoparental,Liceal,Universitar,100,51,Ocazional,4.7,5,0.3,Negativă,Avertismente,Bine,Parțial,1.09,1
15,Feminin,Urban,Altă situație,Postliceal,Universitar,79,66,Nu,6.4,2,2.3,Pozitivă,Nu,Stresat,Da,0.89,0
11,Feminin,Rural,Ambii părinți,Liceal,Universitar,11,12,Ocazional,7.3,1,5.2,Pozitivă,Nu,Izolat,Da,0.83,0
12,Masculin,Rural,Ambii părinți,Liceal,Universitar,15,59,"Da, frecvent",7.0,4,3.4,Negativă,Nu,Bine,Parțial,0.4,0
14,Altul / prefer să nu spun,Urban,Ambii părinți,Universitar,Liceal,3,53,Nu,6.9,5,1.1,Negativă,Nu,Neutru,Parțial,0.36,1
14,Masculin,Urban,Altă situație,Necunoscut,Liceal,49,17,Nu,5.5,5,1.5,Pozitivă,Nu,Stresat,Da,0.67,1
14,Masculin,Rural,Monoparental,Liceal,Universitar,13,11,"Da, frecvent",5.7,2,6.7,Pozitivă,Nu,Neutru,Da,0.05,0
14,Altul / prefer să nu spun,Rural,Monoparental,Universitar,Gimnazial,21,22,"Da, frecvent",6.4,3,2.2,Neutră,Avertismente,Stresat,Da,0.77,0
17,Masculin,Rural,Monoparental,Universitar,Gimnazial,91,83,Nu,6.3,4,0.0,Pozitivă,Avertismente,Neutru,Nu,0.82,1
12,Feminin,Urban,Ambii părinți,Primar,Liceal,55,17,"Da, frecvent",8.6,4,0.0,Neutră,Avertismente,Izolat,Nu,0.97,0
13,Masculin,Rural,Ambii părinți,Liceal,Gimnazial,56,61,Ocazional,7.5,3,1.0,Neutră,Avertismente,Neutru,Parțial,0.62,1
12,Feminin,Urban,Monoparental,Gimnazial,Liceal,171,45,"Da, frecvent",6.4,0,3.0,Neutră,Nu,Neutru,Nu,0.29,0
13,Feminin,Urban,Tutore / plasament,Postliceal,Universitar,13,39,"Da, frecvent",8.6,3,3.9,Pozitivă,Nu,Stresat,Parțial,0.53,0
17,Masculin,Rural,Ambii părinți,Liceal,Liceal,25,77,Nu,7.7,1,3.7,Neutră,Nu,Bine,Da,0.4,1
11,Masculin,Rural,Ambii părinți,Liceal,Liceal,14,34,Nu,5.2,2,1.2,Negativă,Nu,Neutru,Parțial,0.09,0
14,Feminin,Rural,Ambii părinți,Universitar,Liceal,73,27,Ocazional,2.6,3,2.0,Neutră,Nu,Bine,Nu,0.23,1
11,Masculin,Rural,Altă situație,Liceal,Postliceal,28,2,"Da, frecvent",5.2,0,5.9,Pozitivă,Nu,Neutru,Parțial,0.05,0
19,Feminin,Urban,Ambii părinți,Liceal,Gimnazial,9,51,"Da, frecvent",7.9,2,0.6,Negativă,Sancțiuni,Neutru,Nu,0.93,0
17,Feminin,Rural,Monoparental,Universitar,Primar,45,10,"Da, frecvent",8.3,1,4.2,Pozitivă,Nu,Izolat,Parțial,0.59,0
13,Feminin,Urban,Ambii părinți,Necunoscut,Postliceal,52,8,Nu,4.8,0,0.0,Pozitivă,Sancțiuni,Stresat,Nu,1.51,1
12,Masculin,Urban,Ambii părinți,Universitar,Liceal,10,28,Ocazional,8.0,3,1.2,Pozitivă,Sancțiuni,Neutru,Nu,0.45,0
11,Masculin,Urban,Monoparental,Gimnazial,Liceal,29,8,Nu,8.0,4,1.3,Pozitivă,Nu,Neutru,Nu,1.09,0
15,Feminin,Rural,Ambii părinți,Gimnazial,Liceal,53,36,Nu,9.1,5,1.3,Pozitivă,Nu,Bine,Nu,0.16,0
17,Feminin,Rural,Monoparental,Gimnazial,Primar,95,31,Ocazional,8.4,4,2.7,Neutră,Nu,Neutru,Da,0.68,0
16,Feminin,Urban,Tutore / plasament,Liceal,Postliceal,16,29,"Da, frecvent",9.0,1,6.3,Pozitivă,Nu,Bine,Parțial,0.35,0
18,Feminin,Rural,Tutore / plasament,Gimnazial,Liceal,58,22,Nu,7.8,0,4.0,Pozitivă,Avertismente,Bine,Da,0.48,0
14,Masculin,Rural,Ambii părinți,Universitar,Liceal,19,49,"Da, frecvent",7.7,4,0.0,Negativă,Sancțiuni,Stresat,Nu,1.49,0
13,Masculin,Rural,Monoparental,Postliceal,Universitar,38,36,Nu,6.6,0,3.0,Pozitivă,Nu,Altul,Parțial,0.08,0
15,Masculin,Rural,Ambii părinți,Liceal,Postliceal,12,36,Ocazional,8.2,2,4.3,Neutră,Nu,Neutru,Da,0.21,0
12,Feminin,Urban,Ambii părinți,Gimnazial,Gimnazial,57,11,"Da, frecvent",5.2,2,2.8,Negativă,Avertismente,Bine,Parțial,0.57,0
19,Masculin,Rural,Ambii părinți,Liceal,Postliceal,83,24,Ocazional,6.9,1,5.7,Pozitivă,Nu,Bine,Da,0.28,0
12,Feminin,Rural,Ambii părinți,Liceal,Gimnazial,31,11,"Da, frecvent",7.9,3,4.4,Pozitivă,Avertismente,Bine,Parțial,0.53,0
15,Feminin,Rural,Ambii părinți,Postliceal,Gimnazial,27,23,Ocazional,9.1,4,2.7,Pozitivă,Nu,Izolat,Da,0.52,0
15,Masculin,Rural,Ambii părinți,Gimnazial,Postliceal,24,13,Ocazional,6.4,5,0.7,Neutră,Nu,Neutru,Nu,0.43,0
11,Masculin,Rural,Ambii părinți,Universitar,Gimnazial,8,23,"Da, frecvent",8.5,2,4.7,Pozitivă,Nu,Izolat,Parțial,0.77,0
15,Masculin,Urban,Ambii părinți,Gimnazial,Gimnazial,67,24,Ocazional,6.8,2,1.3,Negativă,Nu,Bine,Nu,0.42,0
15,Masculin,Rural,Ambii părinți,Gimnazial,Universitar,93,23,Ocazional,8.5,1,3.7,Neutră,Nu,Neutru,Da,0.07,0
13,Masculin,Urban,Ambii părinți,Necunoscut,Postliceal,15,50,Nu,6.0,0,2.8,Neutră,Nu,Stresat,Da,0.79,1
12,Masculin,Urban,Monoparental,Gimnazial,Universitar,43,41,Nu,8.1,5,0.0,Negativă,Nu,Bine,Nu,0.75,0
11,Feminin,Rural,Ambii părinți,Gimnazial,Universitar,56,6,Ocazional,7.0,5,1.0,Pozitivă,Avertismente,Stresat,Parțial,1.02,0
11,Feminin,Rural,Ambii părinți,Postliceal,Gimnazial,19,21,Nu,5.4,5,0.8,Neutră,Nu,Stresat,Da,0.87,0
15,Feminin,Rural,Monoparental,Liceal,Liceal,112,29,Ocazional,6.9,0,2.0,Neutră,Avertismente,Bine,Nu,0.91,1
11,Feminin,Rural,Tutore / plasament,Gimnazial,Liceal,43,12,"Da, frecvent",9.0,2,5.7,Neutră,Nu,Bine,Da,0.38,0
19,Feminin,Rural,Tutore / plasament,Primar,Postliceal,6,31,"Da, frecvent",5.7,3,5.5,Neutră,Nu,Neutru,Da,0.23,1
13,Feminin,Rural,Monoparental,Primar,Liceal,86,14,Nu,5.0,5,1.6,Pozitivă,Nu,Altul,Parțial,0.0,0
16,Masculin,Rural,Altă situație,Liceal,Primar,32,25,Ocazional,7.7,2,1.3,Neutră,Avertismente,Altul,Parțial,0.66,0
17,Masculin,Urban,Ambii părinți,Gimnazial,Gimnazial,23,10,Nu,4.8,0,3.6,Neutră,Nu,Bine,Parțial,0.12,1
15,Masculin,Rural,Altă situație,Universitar,Universitar,63,23,Ocazional,9.3,5,1.3,Neutră,Nu,Stresat,Da,0.79,0
18,Feminin,Urban,Tutore / plasament,Universitar,Primar,20,42,"Da, frecvent",9.3,0,1.3,Negativă,Sancțiuni,Stresat,Da,1.14,0
11,Masculin,Urban,Ambii părinți,Gimnazial,Liceal,106,46,Ocazional,8.6,4,1.7,Neutră,Nu,Izolat,Da,0.59,0
13,Feminin,Urban,Tutore / plasament,Liceal,Universitar,89,26,Ocazional,7.1,2,2.3,Negativă,Avertismente,Bine,Da,0.57,0
13,Feminin,Rural,Monoparental,Gimnazial,Postliceal,118,110,Ocazional,9.4,0,5.0,Pozitivă,Nu,Altul,Da,0.0,0
12,Feminin,Rural,Monoparental,Gimnazial,Liceal,164,34,Nu,9.0,3,1.0,Pozitivă,Nu,Stresat,Parțial,0.59,0
13,Feminin,Rural,Tutore / plasament,Gimnazial,Gimnazial,55,48,Ocazional,6.4,2,2.3,Pozitivă,Nu,Neutru,Nu,0.16,1
13,Feminin,Rural,Ambii părinți,Universitar,Universitar,35,69,Ocazional,9.1,2,2.3,Pozitivă,Avertismente,Bine,Nu,0.8,0
17,Masculin,Rural,Ambii părinți,Liceal,Liceal,19,12,Nu,5.8,1,1.5,Neutră,Avertismente,Bine,Nu,0.51,1
13,Masculin,Urban,Monoparental,Liceal,Liceal,60,41,"Da, frecvent",6.8,4,5.7,Pozitivă,Nu,Bine,Da,0.03,0
18,Masculin,Rural,Monoparental,Postliceal,Universitar,160,31,Nu,4.6,1,0.0,Neutră,Avertismente,Izolat,Parțial,1.05,1
17,Feminin,Rural,Tutore / plasament,Universitar,Gimnazial,8,42,"Da, frecvent",7.3,0,1.3,Negativă,Avertismente,Stresat,Nu,1.78,0
19,Masculin,Rural,Tutore / plasament,Gimnazial,Liceal,47,56,Ocazional,6.7,2,3.3,Neutră,Nu,Altul,Da,0.03,1
11,Masculin,Urban,Monoparental,Gimnazial,Gimnazial,6,10,Ocazional,6.5,1,5.7,Pozitivă,Avertismente,Neutru,Da,0.25,0
19,Feminin,Urban,Altă situație,Necunoscut,Gimnazial,5,107,"Da, frecvent",6.9,3,3.6,Negativă,Nu,Izolat,Da,0.66,0
16,Masculin,Rural,Ambii părinți,Liceal,Liceal,96,27,Ocazional,6.3,3,1.0,Neutră,Nu,Izolat,Parțial,0.55,0
19,Feminin,Urban,Altă situație,Postliceal,Postliceal,84,19,Ocazional,7.2,4,0.0,Neutră,Sancțiuni,Bine,Nu,0.58,1
14,Feminin,Urban,Ambii părinți,Postliceal,Liceal,18,1,Ocazional,8.9,5,3.8,Pozitivă,Avertismente,Bine,Parțial,0.91,0
19,Feminin,Rural,Ambii părinți,Liceal,Postliceal,10,65,Ocazional,5.6,0,3.2,Neutră,Nu,Stresat,Parțial,0.87,0
16,Masculin,Urban,Ambii părinți,Gimnazial,Universitar,122,53,"Da, frecvent",8.3,0,4.0,Pozitivă,Nu,Stresat,Parțial,0.64,0
11,Feminin,Urban,Ambii părinți,Gimnazial,Universitar,11,21,"Da, frecvent",7.4,2,5.4,Pozitivă,Nu,Bine,Nu,0.68,0
14,Feminin,Rural,Ambii părinți,Liceal,Primar,7,3,Nu,7.6,0,5.3,Pozitivă,Nu,Stresat,Da,0.59,0
12,Feminin,Rural,Ambii părinți,Liceal,Universitar,12,28,Ocazional,7.1,5,3.3,Neutră,Nu,Bine,Parțial,0.08,0
19,Masculin,Rural,Monoparental,Universitar,Gimnazial,51,5,Ocazional,6.1,4,2.4,Pozitivă,Nu,Neutru,Nu,0.27,1
13,Feminin,Urban,Monoparental,Postliceal,Postliceal,181,60,"Da, frecvent",7.7,2,2.3,Pozitivă,Nu,Izolat,Nu,1.08,0
13,Feminin,Urban,Ambii părinți,Universitar,Liceal,19,21,"Da, frecvent",7.8,5,4.8,Neutră,Nu,Bine,Da,0.14,0
15,Feminin,Urban,Monoparental,Necunoscut,Postliceal,95,9,Ocazional,6.0,3,4.6,Pozitivă,Avertismente,Bine,Da,0.77,1
14,Masculin,Rural,Ambii părinți,Postliceal,Gimnazial,39,32,Nu,5.2,3,0.0,Pozitivă,Avertismente,Stresat,Nu,1.33,1
11,Masculin,Urban,Ambii părinți,Primar,Postliceal,2,36,Ocazional,7.2,4,0.5,Negativă,Nu,Stresat,Nu,1.26,0
18,Masculin,Rural,Ambii părinți,Liceal,Gimnazial,20,40,Ocazional,8.2,3,3.3,Negativă,Nu,Bine,Da,0.02,0
18,Feminin,Rural,Ambii părinți,Liceal,Gimnazial,84,10,Ocazional,8.5,4,0.2,Negativă,Sancțiuni,Neutru,Da,0.39,0
17,Feminin,Rural,Monoparental,Liceal,Liceal,81,56,Ocazional,8.8,1,3.7,Neutră,Nu,Neutru,Da,0.0,0
16,Masculin,Urban,Ambii părinți,Gimnazial,Liceal,17,21,Nu,7.6,3,1.6,Pozitivă,Nu,Stresat,Parțial,0.62,0
14,Feminin,Urban,Monoparental,Liceal,Postliceal,67,2,"Da, frecvent",6.7,4,4.6,Pozitivă,Nu,Stresat,Da,0.42,0
15,Masculin,Urban,Ambii părinți,Liceal,Postliceal,31,23,Nu,7.1,5,0.3,Neutră,Sancțiuni,Bine,Da,0.72,0
15,Masculin,Urban,Monoparental,Liceal,Liceal,49,23,"Da, frecvent",5.4,1,2.7,Negativă,Nu,Bine,Nu,0.51,1
12,Feminin,Rural,Altă situație,Universitar,Postliceal,99,23,"Da, frecvent",6.1,0,5.0,Pozitivă,Sancțiuni,Bine,Da,0.61,0
11,Masculin,Urban,Ambii părinți,Liceal,Universitar,18,32,"Da, frecvent",7.0,3,2.5,Pozitivă,Sancțiuni,Bine,Nu,0.61,0
13,Masculin,Rural,Ambii părinți,Liceal,Universitar,24,90,"Da, frecvent",6.7,0,3.0,Neutră,Sancțiuni,Bine,Parțial,0.65,0
15,Feminin,Rural,Ambii părinți,Liceal,Primar,101,24,"Da, frecvent",7.2,4,0.7,Neutră,Avertismente,Stresat,Parțial,0.7,0
12,Feminin,Urban,Ambii părinți,Liceal,Liceal,167,27,"Da, frecvent",5.2,2,1.3,Pozitivă,Avertismente,Izolat,Nu,1.24,1
11,Feminin,Urban,Ambii părinți,Gimnazial,Postliceal,76,15,"Da, frecvent",5.5,4,1.9,Negativă,Sancțiuni,Bine,Da,0.79,1
18,Masculin,Urban,Ambii părinți,Liceal,Gimnazial,47,24,"Da, frecvent",8.2,0,4.0,Neutră,Nu,Izolat,Da,0.81,0
14,Feminin,Urban,Tutore / plasament,Liceal,Gimnazial,75,40,"Da, frecvent",5.9,0,2.0,Negativă,Avertismente,Neutru,Parțial,0.64,1
16,Feminin,Rural,Altă situație,Postliceal,Gimnazial,20,41,"Da, frecvent",6.2,1,4.0,Pozitivă,Nu,Stresat,Parțial,0.39,0
15,Masculin,Rural,Ambii părinți,Gimnazial,Liceal,37,73,Nu,7.2,0,2.0,Pozitivă,Nu,Izolat,Parțial,0.88,0
17,Feminin,Rural,Ambii părinți,Necunoscut,Liceal,5,2,Ocazional,5.8,0,6.5,Pozitivă,Nu,Bine,Nu,0.28,0
17,Feminin,Rural,Ambii părinți,Universitar,Postliceal,20,51,"Da, frecvent",8.6,4,0.0,Pozitivă,Sancțiuni,Stresat,Nu,1.2,0
13,Masculin,Urban,Ambii părinți,Liceal,Liceal,52,45,Ocazional,5.3,4,4.7,Pozitivă,Nu,Bine,Da,0.55,1
18,Feminin,Urban,Tutore / plasament,Gimnazial,Postliceal,43,4,Ocazional,7.1,3,3.8,Pozitivă,Nu,Izolat,Da,0.72,1
14,Feminin,Urban,Ambii părinți,Liceal,Gimnazial,1,71,"Da, frecvent",6.1,2,7.2,Pozitivă,Nu,Bine,Parțial,0.06,1
18,Feminin,Urban,Ambii părinți,Postliceal,Universitar,28,5,Ocazional,7.3,1,2.4,Neutră,Nu,Neutru,Nu,0.25,0
14,Feminin,Rural,Ambii părinți,Postliceal,Postliceal,42,41,"Da, frecvent",6.4,5,5.3,Pozitivă,Nu,Bine,Da,0.27,0
11,Feminin,Rural,Ambii părinți,Postliceal,Gimnazial,43,2,Ocazional,7.1,5,5.2,Pozitivă,Nu,Bine,Da,0.0,0
17,Masculin,Urban,Ambii părinți,Universitar,Gimnazial,7,9,Ocazional,8.8,1,7.6,Pozitivă,Nu,Bine,Da,0.24,0
11,Masculin,Urban,Ambii părinți,Liceal,Gimnazial,68,42,Ocazional,6.1,5,0.0,Pozitivă,Avertismente,Stresat,Nu,1.45,1
17,Feminin,Urban,Monoparental,Postliceal,Universitar,149,44,"Da, frecvent",6.1,3,4.0,Pozitivă,Sancțiuni,Bine,Da,0.48,1
11,Masculin,Rural,Ambii părinți,Liceal,Gimnazial,75,22,"Da, frecvent",6.7,2,3.3,Negativă,Nu,Bine,Parțial,0.53,1
12,Masculin,Urban,Tutore / plasament,Postliceal,Primar,37,77,Nu,9.2,1,4.7,Pozitivă,Nu,Bine,Da,0.14,0
16,Masculin,Urban,Ambii părinți,Liceal,Gimnazial,124,42,Ocazional,7.0,3,3.0,Neutră,Nu,Bine,Parțial,0.03,0
19,Masculin,Urban,Monoparental,Universitar,Primar,20,57,Ocazional,8.8,0,6.3,Pozitivă,Nu,Bine,Da,0.0,0
14,Masculin,Rural,Ambii părinți,Primar,Liceal,60,23,Nu,6.9,1,1.7,Pozitivă,Avertismente,Neutru,Parțial,0.55,1
12,Masculin,Rural,Ambii părinți,Gimnazial,Universitar,34,8,Ocazional,8.8,4,3.3,Pozitivă,Avertismente,Neutru,Da,0.55,0
13,Feminin,Rural,Tutore / plasament,Gimnazial,Liceal,125,8,"Da, frecvent",7.7,2,5.9,Pozitivă,Nu,Altul,Da,0.33,0
19,Masculin,Urban,Monoparental,Universitar,Universitar,12,18,Nu,7.9,0,2.1,Negativă,Avertismente,Neutru,Da,0.86,0
17,Feminin,Urban,Ambii părinți,Liceal,Primar,12,10,"Da, frecvent",5.1,0,4.5,Negativă,Nu,Bine,Nu,0.92,1
11,Feminin,Rural,Ambii părinți,Liceal,Liceal,102,9,Ocazional,4.9,4,0.0,Neutră,Sancțiuni,Stresat,Parțial,0.95,1
14,Masculin,Urban,Monoparental,Liceal,Universitar,57,3,Ocazional,8.6,5,5.2,Pozitivă,Nu,Bine,Da,0.21,0
13,Feminin,Urban,Tutore / plasament,Liceal,Postliceal,109,20,"Da, frecvent",8.6,4,1.7,Neutră,Avertismente,Izolat,Da,0.93,0
12,Feminin,Rural,Monoparental,Universitar,Universitar,14,3,"Da, frecvent",10.0,0,5.7,Neutră,Nu,Neutru,Parțial,0.32,0
18,Feminin,Urban,Ambii părinți,Universitar,Gimnazial,17,19,Ocazional,5.0,4,5.3,Pozitivă,Nu,Bine,Da,0.0,0
16,Feminin,Urban,Ambii părinți,Universitar,Liceal,48,2,Ocazional,7.8,1,3.6,Pozitivă,Nu,Altul,Nu,0.51,0
12,Masculin,Rural,Ambii părinți,Universitar,Postliceal,5,17,"Da, frecvent",5.7,3,5.7,Neutră,Nu,Neutru,Da,0.02,0
16,Masculin,Rural,Ambii părinți,Gimnazial,Gimnazial,45,40,"Da, frecvent",6.1,3,1.0,Pozitivă,Sancțiuni,Izolat,Parțial,1.19,0
14,Feminin,Urban,Ambii părinți,Gimnazial,Universitar,23,9,Ocazional,6.4,5,1.0,Neutră,Avertismente,Neutru,Parțial,0.72,0
11,Feminin,Urban,Monoparental,Liceal,Gimnazial,33,33,Nu,7.6,4,0.7,Pozitivă,Nu,Neutru,Nu,0.07,0
15,Feminin,Rural,Ambii părinți,Postliceal,Gimnazial,67,31,Nu,6.2,0,3.0,Neutră,Nu,Bine,Parțial,0.0,1
12,Feminin,Urban,Monoparental,Gimnazial,Universitar,70,13,Ocazional,7.1,0,3.4,Neutră,Sancțiuni,Bine,Da,0.54,0
13,Masculin,Urban,Monoparental,Postliceal,Postliceal,144,3,Ocazional,8.3,5,3.2,Pozitivă,Nu,Stresat,Da,0.72,0
18,Masculin,Rural,Monoparental,Gimnazial,Universitar,90,51,Ocazional,8.7,1,4.7,Pozitivă,Nu,Bine,Parțial,0.1,0
17,Masculin,Rural,Ambii părinți,Gimnazial,Universitar,2,13,"Da, frecvent",8.1,0,7.2,Neutră,Nu,Neutru,Da,0.06,0
12,Feminin,Rural,Ambii părinți,Gimnazial,Gimnazial,14,84,"Da, frecvent",7.7,1,5.5,Neutră,Avertismente,Bine,Da,0.35,0
18,Masculin,Urban,Ambii părinți,Universitar,Postliceal,15,49,"Da, frecvent",6.9,2,4.1,Pozitivă,Nu,Neutru,Nu,0.41,0
16,Masculin,Urban,Ambii părinți,Postliceal,Necunoscut,83,43,Nu,6.3,5,3.3,Pozitivă,Nu,Bine,Da,0.0,0
18,Masculin,Rural,Ambii părinți,Liceal,Gimnazial,128,5,Ocazional,7.9,5,4.1,Pozitivă,Nu,Bine,Parțial,0.22,0
17,Feminin,Rural,Ambii părinți,Universitar,Liceal,8,43,"Da, frecvent",5.6,3,6.3,Pozitivă,Nu,Neutru,Da,0.05,0
14,Feminin,Urban,Ambii părinți,Universitar,Universitar,85,62,Ocazional,7.3,1,2.7,Neutră,Nu,Stresat,Da,0.62,0
15,Masculin,Rural,Ambii părinți,Liceal,Gimnazial,37,27,"Da, frecvent",5.6,4,2.7,Pozitivă,Sancțiuni,Altul,Da,0.72,0
15,Feminin,Urban,Tutore / plasament,Universitar,Universitar,32,33,Ocazional,7.0,5,3.3,Pozitivă,Avertismente,Bine,Da,0.67,0
17,Feminin,Rural,Monoparental,Gimnazial,Liceal,19,41,Ocazional,5.6,2,2.8,Pozitivă,Sancțiuni,Neutru,Da,0.32,1
13,Altul / prefer să nu spun,Rural,Ambii părinți,Liceal,Universitar,28,68,Nu,6.5,3,2.0,Pozitivă,Nu,Bine,Nu,0.19,0
13,Masculin,Urban,Tutore / plasament,Gimnazial,Liceal,45,36,Nu,6.2,2,2.3,Pozitivă,Nu,Neutru,Parțial,0.29,1
13,Feminin,Rural,Ambii părinți,Liceal,Postliceal,22,39,Nu,6.0,5,1.5,Negativă,Nu,Bine,Da,0.09,0
13,Feminin,Rural,Ambii părinți,Liceal,Universitar,54,32,"Da, frecvent",7.0,3,4.0,Neutră,Avertismente,Bine,Da,0.76,0
12,Feminin,Urban,Monoparental,Primar,Primar,33,86,Ocazional,3.7,0,2.0,Neutră,Nu,Neutru,Nu,0.37,1
11,Masculin,Urban,Ambii părinți,Liceal,Liceal,29,28,Nu,4.6,5,3.3,Pozitivă,Nu,Bine,Da,0.05,0
19,Feminin,Rural,Ambii părinți,Postliceal,Universitar,63,39,"Da, frecvent",8.2,3,4.0,Negativă,Nu,Bine,Da,0.35,0
11,Masculin,Urban,Ambii părinți,Liceal,Universitar,50,71,Nu,7.3,2,0.0,Neutră,Nu,Izolat,Nu,1.14,1
18,Masculin,Urban,Ambii părinți,Primar,Universitar,1,16,Nu,6.1,1,2.8,Pozitivă,Avertismente,Izolat,Parțial,0.67,1
11,Masculin,Urban,Monoparental,Gimnazial,Postliceal,56,99,Ocazional,8.5,4,2.7,Neutră,Nu,Neutru,Da,0.33,0
17,Masculin,Rural,Ambii părinți,Liceal,Liceal,47,15,"Da, frecvent",6.2,0,6.2,Pozitivă,Nu,Bine,Parțial,0.37,0
13,Feminin,Urban,Ambii părinți,Universitar,Liceal,95,10,"Da, frecvent",6.3,1,5.2,Negativă,Nu,Bine,Da,0.29,0
15,Feminin,Rural,Ambii părinți,Universitar,Liceal,49,40,Ocazional,6.0,4,3.7,Pozitivă,Nu,Bine,Parțial,0.14,0
13,Masculin,Urban,Ambii părinți,Gimnazial,Liceal,27,14,Nu,9.8,1,0.0,Negativă,Sancțiuni,Stresat,Da,1.27,0
15,Feminin,Urban,Ambii părinți,Postliceal,Primar,19,83,"Da, frecvent",7.4,4,0.0,Negativă,Avertismente,Stresat,Nu,1.58,0
15,Feminin,Rural,Tutore / plasament,Liceal,Primar,4,122,"Da, frecvent",7.4,1,4.3,Neutră,Sancțiuni,Bine,Parțial,0.37,0
15,Feminin,Urban,Monoparental,Necunoscut,Liceal,37,10,"Da, frecvent",7.8,4,3.2,Negativă,Nu,Neutru,Da,0.35,0
14,Feminin,Urban,Ambii părinți,Gimnazial,Gimnazial,15,9,Ocazional,4.5,4,4.0,Pozitivă,Avertismente,Bine,Parțial,0.48,0
15,Feminin,Urban,Monoparental,Liceal,Gimnazial,107,8,Nu,6.3,4,1.3,Neutră,Nu,Stresat,Da,0.82,1
18,Masculin,Rural,Ambii părinți,Liceal,Gimnazial,38,1,Ocazional,7.7,4,3.6,Pozitivă,Nu,Bine,Nu,0.83,0
14,Masculin,Urban,Ambii părinți,Gimnazial,Universitar,11,14,Ocazional,7.1,4,4.0,Pozitivă,Nu,Stresat,Da,0.57,0
14,Masculin,Urban,Ambii părinți,Primar,Universitar,4,60,Ocazional,10.0,2,5.0,Pozitivă,Nu,Stresat,Da,0.71,0
12,Masculin,Urban,Ambii părinți,Primar,Liceal,52,42,Ocazional,6.4,2,2.3,Neutră,Nu,Bine,Nu,0.21,0
14,Feminin,Urban,Monoparental,Liceal,Universitar,116,21,Ocazional,8.4,0,2.0,Neutră,Avertismente,Izolat,Da,0.96,0
12,Masculin,Urban,Altă situație,Postliceal,Universitar,62,38,"Da, frecvent",8.2,2,3.3,Pozitivă,Avertismente,Stresat,Da,0.86,0
12,Masculin,Rural,Ambii părinți,Postliceal,Gimnazial,33,6,"Da, frecvent",7.3,2,4.0,Pozitivă,Nu,Neutru,Nu,0.07,0
19,Feminin,Urban,Ambii părinți,Gimnazial,Gimnazial,74,28,Nu,7.6,4,2.7,Pozitivă,Nu,Bine,Parțial,0.36,0
11,Masculin,Urban,Ambii părinți,Universitar,Gimnazial,49,32,Ocazional,6.7,5,2.3,Neutră,Avertismente,Bine,Da,0.56,1
15,Feminin,Rural,Ambii părinți,Liceal,Gimnazial,26,31,"Da, frecvent",4.3,3,5.0,Pozitivă,Nu,Bine,Parțial,0.17,0
18,Feminin,Rural,Ambii părinți,Universitar,Liceal,121,13,Ocazional,7.6,0,3.4,Pozitivă,Avertismente,Neutru,Parțial,0.34,0
19,Feminin,Urban,Altă situație,Gimnazial,Gimnazial,28,13,Ocazional,7.7,1,2.0,Negativă,Nu,Bine,Nu,0.54,0
12,Feminin,Urban,Monoparental,Universitar,Universitar,15,45,"Da, frecvent",7.9,3,1.8,Negativă,Nu,Izolat,Parțial,0.69,0
12,Feminin,Urban,Altă situație,Universitar,Liceal,35,43,Ocazional,7.2,2,2.3,Neutră,Nu,Neutru,Parțial,0.15,0
14,Masculin,Rural,Ambii părinți,Universitar,Liceal,42,2,"Da, frecvent",8.5,5,3.2,Pozitivă,Nu,Neutru,Nu,0.41,0
15,Masculin,Urban,Ambii părinți,Universitar,Necunoscut,80,2,Nu,5.9,1,2.6,Neutră,Nu,Izolat,Da,0.6,0
19,Feminin,Urban,Ambii părinți,Liceal,Universitar,15,116,Ocazional,9.2,3,2.8,Neutră,Nu,Neutru,Parțial,0.01,0
12,Masculin,Urban,Tutore / plasament,Postliceal,Universitar,18,33,Nu,5.7,4,2.2,Pozitivă,Nu,Neutru,Parțial,0.06,0
12,Feminin,Urban,Ambii părinți,Liceal,Universitar,19,31,Nu,6.9,2,1.8,Negativă,Nu,Altul,Da,0.5,0
13,Masculin,Urban,Ambii părinți,Liceal,Necunoscut,33,10,Nu,8.1,1,3.2,Pozitivă,Nu,Neutru,Parțial,0.19,0
18,Feminin,Urban,Ambii părinți,Necunoscut,Liceal,11,19,"Da, frecvent",6.4,0,5.1,Pozitivă,Sancțiuni,Neutru,Da,0.21,0
11,Feminin,Rural,Monoparental,Gimnazial,Universitar,106,14,"Da, frecvent",8.1,3,3.3,Neutră,Nu,Neutru,Parțial,0.28,0
14,Masculin,Rural,Monoparental,Liceal,Primar,4,60,Nu,6.6,3,0.7,Negativă,Nu,Stresat,Parțial,1.0,0
12,Masculin,Rural,Monoparental,Universitar,Liceal,73,58,Nu,7.3,4,0.0,Neutră,Nu,Stresat,Nu,0.93,0
12,Masculin,Rural,Ambii părinți,Gimnazial,Liceal,14,34,Nu,6.8,5,2.2,Pozitivă,Avertismente,Neutru,Da,0.8,0
19,Masculin,Urban,Monoparental,Gimnazial,Primar,30,29,Nu,6.3,5,0.3,Neutră,Nu,Bine,Nu,0.35,0
11,Masculin,Rural,Ambii părinți,Gimnazial,Primar,16,39,Ocazional,10.0,1,3.3,Negativă,Nu,Altul,Da,0.43,0
13,Feminin,Rural,Ambii părinți,Universitar,Primar,74,29,Ocazional,5.9,2,1.3,Neutră,Avertismente,Neutru,Parțial,0.58,0
19,Feminin,Rural,Ambii părinți,Universitar,Gimnazial,114,45,Nu,3.9,1,1.7,Pozitivă,Nu,Stresat,Parțial,0.86,1
16,Feminin,Rural,Ambii părinți,Gimnazial,Primar,292,76,"Da, frecvent",6.0,5,4.3,Neutră,Nu,Bine,Da,0.11,1
11,Feminin,Urban,Ambii părinți,Liceal,Liceal,59,24,Nu,7.3,0,0.0,Negativă,Nu,Neutru,Nu,0.43,0
15,Feminin,Urban,Altă situație,Liceal,Universitar,5,11,Nu,6.6,3,1.0,Pozitivă,Sancțiuni,Izolat,Parțial,1.23,0
19,Masculin,Urban,Ambii părinți,Postliceal,Liceal,12,30,Ocazional,8.5,1,3.7,Neutră,Nu,Stresat,Da,0.87,0
14,Feminin,Urban,Ambii părinți,Postliceal,Postliceal,56,15,Ocazional,8.5,0,4.2,Neutră,Nu,Bine,Parțial,0.38,0
15,Masculin,Rural,Monoparental,Universitar,Primar,32,8,Ocazional,6.7,3,0.0,Neutră,Sancțiuni,Stresat,Parțial,1.12,1
15,Feminin,Urban,Monoparental,Liceal,Universitar,72,68,Nu,4.7,2,2.3,Pozitivă,Avertismente,Bine,Parțial,0.2,0
16,Masculin,Urban,Ambii părinți,Gimnazial,Gimnazial,50,28,"Da, frecvent",5.3,4,5.7,Pozitivă,Nu,Bine,Da,0.18,0
12,Masculin,Rural,Ambii părinți,Liceal,Gimnazial,14,18,"Da, frecvent",7.1,2,6.3,Neutră,Nu,Bine,Da,0.16,0
18,Feminin,Rural,Ambii părinți,Liceal,Liceal,27,32,Ocazional,4.9,1,5.7,Pozitivă,Nu,Bine,Da,0.37,1
19,Feminin,Rural,Ambii părinți,Liceal,Universitar,75,16,Nu,6.6,0,3.2,Pozitivă,Avertismente,Bine,Parțial,0.69,0
12,Masculin,Urban,Monoparental,Primar,Necunoscut,53,70,Ocazional,9.1,1,3.7,Pozitivă,Nu,Neutru,Parțial,0.26,0
18,Masculin,Rural,Ambii părinți,Gimnazial,Universitar,73,115,Ocazional,7.6,2,1.3,Pozitivă,Nu,Stresat,Nu,0.53,0
18,Feminin,Rural,Ambii părinți,Universitar,Postliceal,8,17,"Da, frecvent",7.2,1,6.2,Neutră,Avertismente,Bine,Da,0.35,0
17,Feminin,Rural,Ambii părinți,Primar,Liceal,15,23,Ocazional,5.6,0,1.8,Negativă,Avertismente,Neutru,Parțial,0.63,1
14,Masculin,Rural,Ambii părinți,Liceal,Postliceal,100,36,Nu,7.4,1,1.7,Pozitivă,Nu,Neutru,Nu,0.29,1
15,Masculin,Rural,Ambii părinți,Universitar,Gimnazial,8,7,Ocazional,6.7,5,4.3,Pozitivă,Avertismente,Altul,Da,0.53,1
18,Feminin,Urban,Tutore / plasament,Primar,Gimnazial,69,2,Ocazional,7.4,5,2.2,Pozitivă,Nu,Stresat,Parțial,0.97,0
12,Feminin,Rural,Ambii părinți,Gimnazial,Necunoscut,7,64,"Da, frecvent",8.1,2,1.8,Neutră,Sancțiuni,Altul,Nu,0.84,0
18,Masculin,Rural,Tutore / plasament,Liceal,Necunoscut,41,18,Ocazional,8.4,3,3.1,Pozitivă,Nu,Stresat,Da,0.53,0
19,Feminin,Urban,Ambii părinți,Liceal,Gimnazial,23,17,Ocazional,7.3,1,1.9,Negativă,Nu,Neutru,Parțial,0.2,0
17,Masculin,Urban,Monoparental,Liceal,Gimnazial,14,38,Nu,7.8,2,4.2,Neutră,Nu,Bine,Da,0.0,0
14,Feminin,Urban,Ambii părinți,Postliceal,Gimnazial,44,11,Ocazional,6.4,3,3.4,Pozitivă,Nu,Izolat,Da,0.68,0
16,Masculin,Urban,Ambii părinți,Gimnazial,Liceal,96,16,Ocazional,8.7,0,2.2,Pozitivă,Nu,Stresat,Nu,1.04,1
11,Feminin,Rural,Ambii părinți,Primar,Gimnazial,18,7,Ocazional,5.9,5,4.5,Neutră,Nu,Bine,Da,0.32,0
19,Feminin,Rural,Ambii părinți,Primar,Postliceal,2,3,Nu,6.8,5,4.0,Pozitivă,Nu,Bine,Nu,0.28,0
14,Masculin,Urban,Tutore / plasament,Liceal,Primar,33,16,"Da, frecvent",8.8,5,4.5,Pozitivă,Nu,Neutru,Da,0.14,0
11,Feminin,Urban,Monoparental,Liceal,Gimnazial,13,10,"Da, frecvent",6.4,1,8.1,Pozitivă,Nu,Bine,Da,0.45,0
18,Masculin,Urban,Monoparental,Universitar,Gimnazial,77,9,Ocazional,5.2,5,2.9,Neutră,Nu,Altul,Da,0.0,1
16,Feminin,Urban,Ambii părinți,Primar,Universitar,23,27,Nu,6.5,0,2.1,Neutră,Nu,Bine,Nu,0.46,1
16,Masculin,Rural,Ambii părinți,Liceal,Gimnazial,18,49,Ocazional,9.0,5,2.8,Negativă,Nu,Bine,Da,0.45,0
11,Masculin,Rural,Monoparental,Liceal,Liceal,26,50,Ocazional,3.9,0,6.0,Pozitivă,Nu,Bine,Da,0.1,1
17,Masculin,Rural,Monoparental,Postliceal,Postliceal,96,49,Ocazional,7.2,2,2.3,Negativă,Nu,Neutru,Da,0.35,1
16,Feminin,Urban,Ambii părinți,Postliceal,Universitar,55,12,"Da, frecvent",6.2,5,0.7,Neutră,Avertismente,Stresat,Parțial,1.13,1
18,Masculin,Rural,Monoparental,Primar,Gimnazial,11,24,Nu,6.9,3,2.1,Neutră,Avertismente,Neutru,Da,0.45,1
18,Masculin,Rural,Ambii părinți,Postliceal,Postliceal,8,15,Ocazional,6.6,1,4.2,Neutră,Nu,Bine,Nu,0.24,0
12,Masculin,Urban,Altă situație,Liceal,Gimnazial,123,12,Nu,8.4,2,0.7,Negativă,Nu,Izolat,Da,0.77,0
12,Feminin,Rural,Ambii părinți,Universitar,Postliceal,18,13,Nu,7.2,1,4.5,Neutră,Nu,Bine,Da,0.49,0
19,Feminin,Rural,Ambii părinți,Gimnazial,Liceal,98,8,Ocazional,8.5,5,3.9,Pozitivă,Nu,Bine,Parțial,0.07,0
15,Feminin,Rural,Tutore / plasament,Postliceal,Universitar,31,32,"Da, frecvent",8.9,2,6.3,Pozitivă,Nu,Bine,Da,0.19,0
14,Masculin,Urban,Ambii părinți,Liceal,Necunoscut,15,61,"Da, frecvent",7.1,0,2.8,Negativă,Nu,Neutru,Nu,0.69,0
13,Masculin,Urban,Ambii părinți,Postliceal,Universitar,17,15,"Da, frecvent",6.6,0,4.8,Pozitivă,Nu,Neutru,Nu,0.31,0
16,Feminin,Rural,Ambii părinți,Gimnazial,Universitar,33,13,Nu,7.6,3,0.4,Negativă,Nu,Neutru,Parțial,0.36,0
17,Masculin,Urban,Ambii părinți,Postliceal,Gimnazial,1,43,Nu,7.9,0,0.9,Negativă,Sancțiuni,Bine,Nu,0.99,0
11,Masculin,Urban,Tutore / plasament,Postliceal,Postliceal,16,1,Ocazional,5.5,1,3.3,Pozitivă,Nu,Izolat,Nu,0.75,1
15,Feminin,Rural,Monoparental,Liceal,Gimnazial,159,28,Nu,7.4,3,1.0,Negativă,Avertismente,Bine,Da,0.42,1
19,Feminin,Urban,Ambii părinți,Liceal,Gimnazial,196,11,"Da, frecvent",6.7,5,5.8,Pozitivă,Nu,Bine,Da,0.02,1
13,Masculin,Rural,Altă situație,Gimnazial,Liceal,18,20,"Da, frecvent",6.5,0,3.5,Pozitivă,Avertismente,Stresat,Parțial,1.36,0
13,Masculin,Rural,Monoparental,Gimnazial,Postliceal,66,29,"Da, frecvent",6.1,2,2.3,Neutră,Nu,Neutru,Nu,0.25,0
18,Feminin,Rural,Tutore / plasament,Universitar,Postliceal,54,28,Nu,6.2,2,0.0,Negativă,Nu,Altul,Nu,0.57,1
11,Masculin,Rural,Ambii părinți,Liceal,Universitar,9,56,"Da, frecvent",8.9,5,4.6,Pozitivă,Nu,Neutru,Parțial,0.0,0
14,Masculin,Rural,Ambii părinți,Postliceal,Liceal,67,1,"Da, frecvent",6.6,4,6.6,Pozitivă,Nu,Bine,Da,0.39,0
15,Masculin,Urban,Ambii părinți,Postliceal,Universitar,25,50,"Da, frecvent",8.7,5,1.3,Neutră,Nu,Altul,Nu,0.3,0
18,Masculin,Urban,Ambii părinți,Postliceal,Universitar,40,30,Ocazional,7.3,3,2.0,Neutră,Nu,Neutru,Parțial,0.07,0
12,Masculin,Rural,Monoparental,Postliceal,Universitar,79,60,Ocazional,5.5,1,0.7,Neutră,Nu,Stresat,Nu,0.88,1
14,Masculin,Urban,Ambii părinți,Liceal,Gimnazial,27,26,"Da, frecvent",7.4,5,4.3,Pozitivă,Nu,Bine,Parțial,0.6,0
12,Feminin,Urban,Ambii părinți,Liceal,Liceal,27,5,Nu,5.4,4,2.4,Pozitivă,Sancțiuni,Bine,Da,0.58,0
18,Masculin,Urban,Monoparental,Gimnazial,Postliceal,61,23,Nu,8.0,3,1.0,Neutră,Nu,Altul,Parțial,0.12,0
16,Feminin,Rural,Ambii părinți,Universitar,Necunoscut,100,42,"Da, frecvent",6.8,2,5.3,Pozitivă,Nu,Altul,Da,0.0,0
15,Masculin,Urban,Ambii părinți,Universitar,Primar,58,48,Nu,8.3,4,0.0,Negativă,Nu,Altul,Parțial,0.59,0
14,Feminin,Rural,Monoparental,Liceal,Gimnazial,28,24,Nu,9.1,2,0.3,Pozitivă,Avertismente,Stresat,Parțial,0.92,0
12,Masculin,Urban,Tutore / plasament,Universitar,Liceal,92,21,Nu,4.7,1,0.0,Neutră,Sancțiuni,Neutru,Nu,0.55,1
19,Feminin,Rural,Ambii părinți,Necunoscut,Gimnazial,52,30,"Da, frecvent",6.5,1,1.7,Negativă,Nu,Neutru,Nu,0.41,0
16,Feminin,Urban,Altă situație,Liceal,Universitar,118,54,Nu,5.4,3,3.0,Neutră,Nu,Bine,Da,0.41,1
13,Feminin,Urban,Monoparental,Postliceal,Primar,144,16,Ocazional,10.0,3,2.2,Neutră,Nu,Stresat,Da,0.69,0
14,Masculin,Rural,Monoparental,Postliceal,Liceal,57,36,"Da, frecvent",6.5,1,4.7,Pozitivă,Nu,Stresat,Da,0.43,0
17,Masculin,Rural,Ambii părinți,Gimnazial,Postliceal,112,139,Nu,5.3,2,1.3,Pozitivă,Nu,Stresat,Parțial,0.66,1
17,Feminin,Urban,Monoparental,Primar,Liceal,114,54,"Da, frecvent",10.0,1,3.7,Neutră,Nu,Neutru,Parțial,0.0,0
15,Masculin,Urban,Monoparental,Liceal,Gimnazial,35,20,Nu,6.1,4,0.7,Negativă,Nu,Bine,Parțial,0.41,0
13,Masculin,Urban,Ambii părinți,Universitar,Liceal,114,7,Ocazional,4.8,2,2.0,Neutră,Nu,Stresat,Parțial,0.63,1
16,Feminin,Urban,Altă situație,Liceal,Liceal,41,34,Ocazional,5.5,4,1.7,Pozitivă,Nu,Altul,Nu,0.07,0
16,Masculin,Rural,Tutore / plasament,Universitar,Necunoscut,73,77,"Da, frecvent",7.3,1,5.7,Pozitivă,Nu,Neutru,Da,0.14,0
16,Feminin,Urban,Ambii părinți,Postliceal,Postliceal,38,24,Nu,7.2,2,1.3,Negativă,Nu,Bine,Parțial,0.34,0
11,Feminin,Rural,Monoparental,Postliceal,Necunoscut,6,59,"Da, frecvent",5.9,0,3.5,Neutră,Nu,Izolat,Nu,0.67,1
15,Masculin,Urban,Ambii părinți,Gimnazial,Gimnazial,177,55,Nu,6.4,0,1.0,Pozitivă,Sancțiuni,Stresat,Da,0.7,1
16,Feminin,Rural,Monoparental,Liceal,Universitar,70,26,Ocazional,7.2,0,3.0,Neutră,Nu,Stresat,Da,0.75,0
19,Masculin,Urban,Monoparental,Gimnazial,Liceal,76,51,"Da, frecvent",9.0,0,5.0,Pozitivă,Nu,Altul,Parțial,0.1,0
15,Masculin,Rural,Ambii părinți,Gimnazial,Postliceal,45,8,Ocazional,7.6,5,2.9,Pozitivă,Nu,Stresat,Da,0.66,0
14,Masculin,Urban,Ambii părinți,Gimnazial,Liceal,114,21,Nu,6.3,1,0.0,Negativă,Avertismente,Neutru,Parțial,0.83,1
16,Masculin,Rural,Ambii părinți,Gimnazial,Gimnazial,34,38,Nu,6.8,3,0.0,Neutră,Nu,Stresat,Nu,0.55,0
12,Masculin,Rural,Tutore / plasament,Gimnazial,Primar,16,26,"Da, frecvent",8.2,5,5.0,Pozitivă,Nu,Neutru,Da,0.16,0
11,Altul / prefer să nu spun,Rural,Ambii părinți,Liceal,Universitar,21,9,"Da, frecvent",9.5,2,3.1,Negativă,Nu,Bine,Nu,0.67,0
17,Feminin,Urban,Tutore / plasament,Liceal,Universitar,38,51,"Da, frecvent",5.6,2,4.3,Negativă,Nu,Bine,Da,0.32,0
19,Feminin,Urban,Ambii părinți,Gimnazial,Gimnazial,22,38,Nu,8.7,4,0.0,Negativă,Avertismente,Stresat,Parțial,1.0,0
18,Masculin,Urban,Ambii părinți,Universitar,Postliceal,38,30,"Da, frecvent",6.7,4,4.7,Neutră,Nu,Bine,Da,0.03,0
16,Feminin,Urban,Tutore / plasament,Liceal,Postliceal,9,69,"Da, frecvent",4.8,0,3.2,Negativă,Nu,Izolat,Parțial,0.82,0
11,Feminin,Rural,Ambii părinți,Universitar,Liceal,91,52,Ocazional,4.5,5,1.3,Pozitivă,Nu,Neutru,Nu,0.07,1
19,Feminin,Rural,Ambii părinți,Postliceal,Gimnazial,61,1,Nu,9.0,0,3.0,Negativă,Nu,Neutru,Da,0.42,0
15,Masculin,Rural,Ambii părinți,Primar,Universitar,161,31,"Da, frecvent",9.1,2,4.3,Pozitivă,Nu,Bine,Nu,0.35,0
13,Feminin,Rural,Ambii părinți,Universitar,Postliceal,17,30,Nu,6.3,5,1.9,Pozitivă,Nu,Neutru,Parțial,0.03,0
19,Feminin,Urban,Ambii părinți,Universitar,Postliceal,71,19,"Da, frecvent",6.8,3,3.0,Pozitivă,Nu,Neutru,Nu,0.53,0
17,Feminin,Urban,Ambii părinți,Postliceal,Postliceal,9,1,Ocazional,4.6,3,3.2,Pozitivă,Avertismente,Stresat,Parțial,0.96,0
17,Feminin,Rural,Ambii părinți,Liceal,Postliceal,39,12,Ocazional,8.2,5,0.7,Neutră,Sancțiuni,Bine,Parțial,0.77,0
13,Masculin,Urban,Ambii părinți,Liceal,Gimnazial,46,116,Nu,7.1,2,0.0,Negativă,Nu,Neutru,Nu,0.5,0
19,Feminin,Urban,Ambii părinți,Liceal,Universitar,5,26,Nu,4.9,3,2.6,Pozitivă,Nu,Izolat,Parțial,0.53,0
15,Masculin,Rural,Ambii părinți,Universitar,Gimnazial,103,40,"Da, frecvent",7.4,3,0.0,Negativă,Nu,Stresat,Nu,0.93,1
15,Masculin,Rural,Ambii părinți,Liceal,Universitar,81,8,Ocazional,5.2,0,2.6,Neutră,Avertismente,Stresat,Da,1.07,0
17,Feminin,Rural,Altă situație,Gimnazial,Universitar,61,17,"Da, frecvent",7.9,1,4.8,Pozitivă,Nu,Stresat,Da,0.51,0
16,Masculin,Urban,Ambii părinți,Primar,Postliceal,10,15,"Da, frecvent",5.6,4,3.1,Neutră,Nu,Stresat,Parțial,0.73,0
12,Masculin,Rural,Ambii părinți,Gimnazial,Liceal,19,32,Nu,7.6,1,4.1,Pozitivă,Nu,Neutru,Da,0.08,0
13,Masculin,Urban,Ambii părinți,Gimnazial,Gimnazial,89,18,Ocazional,6.2,5,2.4,Pozitivă,Nu,Neutru,Parțial,0.07,0
14,Feminin,Urban,Tutore / plasament,Liceal,Liceal,38,135,Nu,3.8,5,0.3,Neutră,Nu,Bine,Nu,0.34,1
19,Feminin,Urban,Monoparental,Universitar,Liceal,31,61,"Da, frecvent",8.5,4,2.7,Negativă,Nu,Bine,Parțial,0.53,0
17,Altul / prefer să nu spun,Rural,Monoparental,Gimnazial,Primar,111,82,Nu,8.6,0,2.0,Pozitivă,Nu,Neutru,Nu,0.25,0
14,Masculin,Rural,Tutore / plasament,Liceal,Gimnazial,44,26,Nu,6.4,4,0.0,Pozitivă,Sancțiuni,Izolat,Da,1.08,0
17,Masculin,Rural,Monoparental,Gimnazial,Necunoscut,11,32,Ocazional,7.5,5,3.4,Neutră,Nu,Neutru,Da,0.23,0
17,Masculin,Urban,Altă situație,Liceal,Liceal,88,77,"Da, frecvent",7.7,4,3.7,Neutră,Nu,Neutru,Da,0.0,0
14,Feminin,Rural,Ambii părinți,Liceal,Liceal,9,17,Nu,7.8,3,0.0,Negativă,Sancțiuni,Izolat,Nu,1.54,0
14,Masculin,Urban,Monoparental,Liceal,Gimnazial,38,38,Nu,9.5,3,0.0,Pozitivă,Sancțiuni,Neutru,Parțial,0.65,0
19,Feminin,Rural,Tutore / plasament,Universitar,Postliceal,50,18,"Da, frecvent",7.7,2,2.4,Negativă,Nu,Bine,Nu,0.72,0
16,Masculin,Urban,Tutore / plasament,Necunoscut,Liceal,73,40,Nu,6.6,1,3.7,Neutră,Nu,Bine,Da,0.0,0
12,Feminin,Urban,Ambii părinți,Universitar,Universitar,6,6,Nu,7.7,2,4.5,Pozitivă,Nu,Stresat,Da,0.51,1
17,Feminin,Rural,Monoparental,Universitar,Liceal,1,14,"Da, frecvent",6.5,5,3.6,Neutră,Nu,Neutru,Nu,0.34,0
16,Masculin,Rural,Ambii părinți,Liceal,Primar,1,32,Ocazional,5.6,0,5.9,Pozitivă,Nu,Neutru,Parțial,0.13,0
15,Masculin,Rural,Ambii părinți,Liceal,Liceal,123,36,"Da, frecvent",8.8,0,3.0,Neutră,Nu,Stresat,Parțial,0.7,0
17,Masculin,Urban,Ambii părinți,Liceal,Primar,5,48,Ocazional,7.8,5,2.9,Pozitivă,Avertismente,Neutru,Parțial,0.44,0
19,Feminin,Rural,Ambii părinți,Universitar,Universitar,149,7,Nu,4.5,4,3.3,Pozitivă,Nu,Bine,Parțial,0.18,1
13,Feminin,Urban,Monoparental,Gimnazial,Gimnazial,96,31,Nu,6.1,3,0.0,Negativă,Avertismente,Neutru,Nu,0.44,1
14,Masculin,Urban,Ambii părinți,Gimnazial,Gimnazial,13,4,"Da, frecvent",8.2,2,6.0,Negativă,Nu,Bine,Da,0.47,0
12,Feminin,Rural,Ambii părinți,Primar,Liceal,2,19,Ocazional,4.9,0,7.9,Pozitivă,Nu,Bine,Da,0.41,0
16,Feminin,Urban,Ambii părinți,Liceal,Gimnazial,41,27,Ocazional,6.0,4,2.7,Neutră,Nu,Neutru,Da,0.05,0
14,Masculin,Rural,Monoparental,Postliceal,Liceal,22,23,Ocazional,10.0,3,1.2,Negativă,Avertismente,Bine,Parțial,0.74,0
14,Feminin,Urban,Monoparental,Primar,Liceal,113,90,Nu,6.6,4,0.0,Pozitivă,Nu,Stresat,Nu,1.2,0
17,Masculin,Urban,Monoparental,Liceal,Universitar,50,27,Ocazional,8.6,2,3.3,Neutră,Nu,Bine,Parțial,0.16,0
14,Feminin,Rural,Ambii părinți,Liceal,Primar,39,42,"Da, frecvent",9.2,4,3.7,Pozitivă,Nu,Bine,Nu,0.4,0
15,Masculin,Urban,Monoparental,Universitar,Liceal,31,32,"Da, frecvent",5.8,5,2.3,Neutră,Nu,Neutru,Parțial,0.48,0
14,Masculin,Rural,Monoparental,Primar,Postliceal,73,25,Nu,7.5,0,2.0,Pozitivă,Nu,Stresat,Parțial,1.07,1
13,Masculin,Rural,Ambii părinți,Primar,Gimnazial,36,40,"Da, frecvent",10.0,4,2.7,Neutră,Avertismente,Bine,Parțial,0.31,0
12,Masculin,Urban,Ambii părinți,Liceal,Liceal,172,30,Ocazional,7.7,3,1.0,Pozitivă,Nu,Stresat,Nu,0.83,0
18,Feminin,Rural,Ambii părinți,Liceal,Universitar,5,28,Nu,10.0,2,4.9,Pozitivă,Nu,Neutru,Da,0.31,0
11,Masculin,Urban,Ambii părinți,Universitar,Universitar,28,21,Nu,6.2,1,2.7,Neutră,Nu,Bine,Parțial,0.24,1
13,Masculin,Urban,Ambii părinți,Liceal,Universitar,64,17,Ocazional,9.6,0,6.2,Pozitivă,Nu,Bine,Da,0.28,0
17,Masculin,Urban,Ambii părinți,Universitar,Postliceal,57,15,"Da, frecvent",7.1,0,0.2,Negativă,Avertismente,Izolat,Nu,0.98,1
12,Masculin,Rural,Ambii părinți,Liceal,Liceal,17,28,Ocazional,6.6,1,5.2,Pozitivă,Nu,Neutru,Da,0.0,0
16,Masculin,Rural,Ambii părinți,Liceal,Universitar,90,26,Ocazional,8.0,3,3.0,Neutră,Nu,Neutru,Da,0.47,0
17,Masculin,Rural,Ambii părinți,Necunoscut,Gimnazial,48,75,Ocazional,6.9,3,3.0,Neutră,Nu,Bine,Parțial,0.29,0
16,Masculin,Rural,Monoparental,Gimnazial,Liceal,90,5,"Da, frecvent",7.0,5,4.1,Pozitivă,Nu,Neutru,Parțial,0.21,0
13,Feminin,Urban,Ambii părinți,Universitar,Universitar,54,96,Ocazional,7.8,4,3.7,Neutră,Nu,Bine,Da,0.0,0
11,Masculin,Rural,Ambii părinți,Primar,Universitar,1,7,Ocazional,4.6,5,4.9,Neutră,Nu,Bine,Parțial,0.08,0
18,Masculin,Rural,Monoparental,Liceal,Universitar,58,25,Nu,6.0,4,0.0,Neutră,Nu,Stresat,Parțial,0.8,1
13,Feminin,Rural,Ambii părinți,Gimnazial,Primar,17,36,Nu,8.1,3,1.6,Neutră,Nu,Izolat,Da,0.45,0
18,Masculin,Rural,Ambii părinți,Liceal,Postliceal,28,9,"Da, frecvent",8.5,4,4.2,Pozitivă,Avertismente,Bine,Parțial,0.37,0
12,Masculin,Rural,Ambii părinți,Universitar,Gimnazial,34,7,"Da, frecvent",7.6,4,6.3,Pozitivă,Nu,Bine,Da,0.22,0
12,Feminin,Urban,Ambii părinți,Primar,Universitar,9,22,Ocazional,7.5,4,2.9,Pozitivă,Avertismente,Bine,Nu,0.81,0
18,Masculin,Rural,Ambii părinți,Gimnazial,Postliceal,16,43,Ocazional,7.7,1,0.3,Negativă,Sancțiuni,Izolat,Da,1.16,0
19,Masculin,Rural,Ambii părinți,Liceal,Gimnazial,77,53,"Da, frecvent",8.4,4,3.7,Pozitivă,Nu,Neutru,Parțial,0.33,0
18,Masculin,Rural,Ambii părinți,Gimnazial,Universitar,77,6,Nu,5.1,1,4.4,Pozitivă,Nu,Bine,Parțial,0.32,0
17,Feminin,Urban,Ambii părinți,Liceal,Liceal,4,22,Nu,6.4,1,5.3,Pozitivă,Nu,Neutru,Da,0.0,0
13,Masculin,Rural,Altă situație,Universitar,Liceal,48,3,Nu,7.0,4,1.5,Neutră,Nu,Neutru,Parțial,0.44,1
19,Feminin,Urban,Ambii părinți,Gimnazial,Necunoscut,84,10,Ocazional,7.4,3,2.5,Neutră,Sancțiuni,Bine,Da,0.71,1
17,Masculin,Rural,Ambii părinți,Liceal,Postliceal,44,65,Nu,4.1,4,0.7,Pozitivă,Sancțiuni,Altul,Da,0.54,1
12,Feminin,Rural,Ambii părinți,Liceal,Liceal,51,34,Nu,5.3,4,0.0,Negativă,Nu,Bine,Nu,0.53,1
12,Masculin,Urban,Monoparental,Gimnazial,Primar,4,11,Ocazional,7.1,4,1.8,Negativă,Nu,Neutru,Nu,0.69,0
18,Masculin,Rural,Monoparental,Gimnazial,Gimnazial,109,60,"Da, frecvent",8.5,0,3.0,Negativă,Nu,Neutru,Parțial,0.45,0
13,Masculin,Urban,Monoparental,Postliceal,Primar,10,12,"Da, frecvent",6.5,0,5.6,Neutră,Nu,Neutru,Parțial,0.1,0
17,Masculin,Rural,Ambii părinți,Liceal,Liceal,26,24,"Da, frecvent",6.2,1,3.7,Pozitivă,Sancțiuni,Bine,Parțial,0.79,0
12,Masculin,Rural,Ambii părinți,Universitar,Liceal,85,2,Nu,7.8,2,4.2,Pozitivă,Nu,Neutru,Da,0.0,0
13,Masculin,Urban,Monoparental,Liceal,Liceal,142,11,Ocazional,6.6,4,3.1,Pozitivă,Nu,Stresat,Da,0.58,0
13,Feminin,Rural,Ambii părinți,Liceal,Postliceal,29,31,Nu,8.3,0,0.0,Neutră,Avertismente,Izolat,Parțial,1.13,0
13,Masculin,Urban,Altă situație,Universitar,Gimnazial,205,30,Ocazional,6.8,3,4.0,Pozitivă,Nu,Bine,Parțial,0.14,0
17,Masculin,Rural,Ambii părinți,Universitar,Liceal,45,17,"Da, frecvent",5.5,4,4.8,Pozitivă,Nu,Bine,Parțial,0.28,1
19,Altul / prefer să nu spun,Rural,Ambii părinți,Universitar,Universitar,41,22,Ocazional,9.1,2,1.3,Neutră,Nu,Altul,Nu,0.1,0
19,Masculin,Urban,Ambii părinți,Gimnazial,Gimnazial,12,46,"Da, frecvent",8.8,1,4.7,Neutră,Nu,Stresat,Da,0.65,0
17,Masculin,Rural,Ambii părinți,Necunoscut,Postliceal,27,21,Nu,5.8,1,3.7,Pozitivă,Nu,Neutru,Da,0.36,0
12,Masculin,Rural,Monoparental,Universitar,Primar,49,36,"Da, frecvent",7.7,2,1.3,Negativă,Nu,Stresat,Parțial,0.63,0
19,Masculin,Rural,Ambii părinți,Universitar,Liceal,65,14,"Da, frecvent",6.6,3,5.3,Pozitivă,Nu,Bine,Parțial,0.11,0
15,Feminin,Rural,Ambii părinți,Postliceal,Postliceal,62,24,Ocazional,8.0,3,3.0,Neutră,Nu,Altul,Da,0.05,0
15,Masculin,Rural,Ambii părinți,Necunoscut,Primar,24,2,Nu,5.9,5,0.2,Negativă,Avertismente,Neutru,Da,0.77,1
17,Masculin,Rural,Tutore / plasament,Liceal,Liceal,122,15,Ocazional,8.3,0,3.2,Pozitivă,Nu,Izolat,Parțial,0.77,0
17,Masculin,Urban,Ambii părinți,Postliceal,Universitar,42,27,"Da, frecvent",8.8,1,0.7,Negativă,Sancțiuni,Neutru,Parțial,0.72,0
19,Masculin,Urban,Altă situație,Postliceal,Gimnazial,39,23,Nu,5.8,2,1.3,Neutră,Nu,Stresat,Da,0.65,0
16,Feminin,Rural,Tutore / plasament,Postliceal,Postliceal,11,14,"Da, frecvent",7.2,2,4.7,Negativă,Nu,Bine,Parțial,0.36,0
16,Feminin,Urban,Ambii părinți,Universitar,Liceal,71,8,Ocazional,8.8,4,3.3,Pozitivă,Nu,Bine,Nu,0.32,0
17,Masculin,Rural,Tutore / plasament,Gimnazial,Gimnazial,37,28,Ocazional,5.7,0,5.0,Pozitivă,Nu,Bine,Parțial,0.14,1
13,Feminin,Urban,Altă situație,Liceal,Postliceal,29,22,"Da, frecvent",6.2,1,2.7,Pozitivă,Avertismente,Izolat,Parțial,1.31,0
13,Feminin,Rural,Ambii părinți,Liceal,Liceal,7,33,Ocazional,8.0,0,4.4,Neutră,Nu,Stresat,Da,0.48,0
16,Feminin,Rural,Ambii părinți,Postliceal,Gimnazial,7,12,"Da, frecvent",6.9,3,5.8,Pozitivă,Nu,Neutru,Parțial,0.21,0
11,Masculin,Urban,Ambii părinți,Postliceal,Universitar,54,40,"Da, frecvent",4.9,5,5.3,Pozitivă,Nu,Bine,Da,0.0,0
13,Feminin,Urban,Monoparental,Universitar,Liceal,137,7,Ocazional,6.7,5,0.0,Negativă,Nu,Neutru,Nu,0.9,1
17,Feminin,Urban,Ambii părinți,Universitar,Postliceal,32,4,"Da, frecvent",9.5,0,6.8,Pozitivă,Nu,Neutru,Da,0.17,0
19,Feminin,Rural,Monoparental,Liceal,Gimnazial,31,65,"Da, frecvent",10.0,0,4.0,Pozitivă,Nu,Neutru,Nu,0.12,0
15,Feminin,Rural,Ambii părinți,Gimnazial,Gimnazial,71,8,Ocazional,6.2,3,1.6,Neutră,Avertismente,Stresat,Da,1.01,1
14,Feminin,Rural,Ambii părinți,Postliceal,Postliceal,106,28,Nu,5.8,1,3.7,Pozitivă,Nu,Bine,Parțial,0.0,1
14,Masculin,Rural,Ambii părinți,Universitar,Postliceal,22,19,Nu,6.5,1,1.9,Neutră,Nu,Neutru,Parțial,0.04,0
17,Masculin,Urban,Monoparental,Postliceal,Gimnazial,11,67,Nu,9.6,4,4.8,Pozitivă,Nu,Bine,Da,0.26,0
15,Feminin,Urban,Ambii părinți,Universitar,Postliceal,36,42,Ocazional,8.3,1,4.7,Pozitivă,Avertismente,Bine,Da,0.75,0
11,Masculin,Urban,Monoparental,Necunoscut,Liceal,61,4,Ocazional,9.1,3,5.8,Pozitivă,Nu,Bine,Da,0.34,0
15,Feminin,Urban,Ambii părinți,Liceal,Liceal,1,82,Ocazional,8.5,0,3.9,Neutră,Nu,Stresat,Parțial,0.68,0
14,Feminin,Rural,Ambii părinți,Postliceal,Universitar,25,54,Nu,5.3,5,1.3,Pozitivă,Avertismente,Bine,Parțial,0.6,1
17,Masculin,Rural,Ambii părinți,Liceal,Liceal,33,16,Ocazional,5.8,0,4.2,Pozitivă,Nu,Bine,Nu,0.5,0
18,Masculin,Rural,Tutore / plasament,Liceal,Liceal,28,7,Nu,6.1,0,2.6,Negativă,Nu,Neutru,Da,0.75,1
19,Masculin,Rural,Ambii părinți,Gimnazial,Universitar,6,29,Ocazional,6.4,2,1.8,Negativă,Nu,Neutru,Nu,0.44,0
16,Feminin,Rural,Monoparental,Gimnazial,Liceal,25,31,"Da, frecvent",6.2,5,2.3,Neutră,Nu,Stresat,Da,0.97,0
14,Feminin,Urban,Ambii părinți,Gimnazial,Universitar,33,2,Nu,6.3,3,0.0,Negativă,Nu,Stresat,Parțial,0.7,0
14,Feminin,Rural,Monoparental,Postliceal,Universitar,14,28,"Da, frecvent",8.0,2,5.2,Pozitivă,Nu,Stresat,Da,0.91,0
12,Feminin,Rural,Ambii părinți,Gimnazial,Liceal,49,50,Nu,7.3,1,1.7,Neutră,Nu,Bine,Nu,0.24,1
19,Altul / prefer să nu spun,Rural,Ambii părinți,Liceal,Liceal,81,26,"Da, frecvent",8.8,1,3.7,Negativă,Nu,Bine,Parțial,0.23,0
18,Feminin,Rural,Ambii părinți,Liceal,Universitar,83,23,Ocazional,7.5,3,3.0,Neutră,Nu,Bine,Parțial,0.1,0
18,Masculin,Rural,Ambii părinți,Liceal,Universitar,18,20,Ocazional,6.2,3,4.5,Pozitivă,Nu,Neutru,Da,0.01,0
13,Masculin,Rural,Ambii părinți,Universitar,Gimnazial,60,11,"Da, frecvent",7.4,3,3.4,Neutră,Avertismente,Bine,Parțial,0.58,0
13,Masculin,Rural,Ambii părinți,Liceal,Gimnazial,56,59,Nu,5.0,2,2.3,Pozitivă,Nu,Stresat,Da,0.92,0
18,Feminin,Rural,Ambii părinți,Gimnazial,Liceal,161,17,"Da, frecvent",3.9,1,4.8,Pozitivă,Nu,Altul,Parțial,0.0,1
15,Masculin,Urban,Altă situație,Necunoscut,Universitar,61,29,Ocazional,8.0,1,1.7,Neutră,Nu,Stresat,Parțial,0.67,1
17,Feminin,Urban,Ambii părinți,Universitar,Universitar,64,5,"Da, frecvent",8.5,1,6.4,Pozitivă,Nu,Neutru,Da,0.0,0
15,Masculin,Rural,Tutore / plasament,Postliceal,Universitar,95,22,Nu,7.2,1,2.7,Pozitivă,Nu,Stresat,Da,0.86,0
14,Masculin,Urban,Ambii părinți,Universitar,Gimnazial,9,37,Nu,6.6,2,5.6,Pozitivă,Nu,Bine,Da,0.41,0
16,Masculin,Rural,Ambii părinți,Gimnazial,Universitar,41,17,"Da, frecvent",5.2,1,3.8,Pozitivă,Avertismente,Altul,Parțial,0.47,1
18,Masculin,Rural,Ambii părinți,Universitar,Primar,143,17,Nu,8.7,4,2.8,Pozitivă,Avertismente,Bine,Da,0.37,0
14,Masculin,Rural,Ambii părinți,Gimnazial,Liceal,146,24,Nu,7.8,3,1.0,Neutră,Nu,Stresat,Da,0.41,0
18,Masculin,Urban,Ambii părinți,Liceal,Liceal,25,36,"Da, frecvent",7.5,1,5.7,Neutră,Nu,Bine,Da,0.5,0
13,Masculin,Rural,Tutore / plasament,Gimnazial,Liceal,140,27,Nu,7.1,0,3.0,Neutră,Nu,Neutru,Da,0.39,0
14,Masculin,Rural,Monoparental,Universitar,Liceal,29,105,"Da, frecvent",6.4,0,6.0,Pozitivă,Nu,Bine,Parțial,0.0,0
19,Feminin,Urban,Ambii părinți,Gimnazial,Gimnazial,51,65,Nu,5.5,0,4.0,Pozitivă,Nu,Bine,Parțial,0.27,1
19,Masculin,Rural,Ambii părinți,Gimnazial,Gimnazial,5,14,Ocazional,7.5,1,4.6,Negativă,Nu,Neutru,Da,0.15,0
19,Masculin,Urban,Ambii părinți,Gimnazial,Universitar,118,56,Nu,6.3,1,2.7,Pozitivă,Avertismente,Bine,Parțial,0.41,1
13,Masculin,Urban,Ambii părinți,Postliceal,Primar,28,2,"Da, frecvent",6.5,0,6.9,Pozitivă,Nu,Bine,Parțial,0.0,0
18,Feminin,Urban,Ambii părinți,Gimnazial,Liceal,6,18,Ocazional,9.5,4,2.3,Negativă,Nu,Izolat,Da,0.54,0
19,Masculin,Rural,Ambii părinți,Liceal,Gimnazial,34,4,Nu,7.0,3,2.8,Pozitivă,Nu,Bine,Nu,0.34,0
19,Feminin,Rural,Ambii părinți,Liceal,Gimnazial,69,40,Nu,3.7,5,1.3,Pozitivă,Nu,Neutru,Parțial,0.49,1
11,Masculin,Rural,Ambii părinți,Universitar,Gimnazial,101,17,Ocazional,6.4,5,1.5,Pozitivă,Sancțiuni,Bine,Parțial,0.33,1
17,Feminin,Urban,Monoparental,Gimnazial,Postliceal,12,6,Ocazional,5.7,0,3.7,Neutră,Nu,Stresat,Parțial,0.86,1
19,Feminin,Rural,Ambii părinți,Universitar,Liceal,11,46,Ocazional,6.9,4,2.8,Pozitivă,Avertismente,Altul,Parțial,0.69,0
17,Feminin,Rural,Ambii părinți,Liceal,Gimnazial,65,8,"Da, frecvent",5.1,5,1.9,Neutră,Sancțiuni,Neutru,Da,0.63,0
13,Feminin,Urban,Tutore / plasament,Gimnazial,Universitar,72,43,"Da, frecvent",7.7,4,3.7,Neutră,Nu,Altul,Da,0.51,0
17,Feminin,Urban,Altă situație,Gimnazial,Primar,19,30,"Da, frecvent",6.7,4,1.1,Neutră,Avertismente,Neutru,Nu,0.87,0
11,Masculin,Urban,Ambii părinți,Primar,Universitar,14,20,"Da, frecvent",6.4,0,3.8,Pozitivă,Avertismente,Neutru,Nu,1.02,0
15,Feminin,Rural,Ambii părinți,Liceal,Gimnazial,86,51,Nu,7.3,5,1.3,Pozitivă,Nu,Bine,Nu,0.14,0
16,Masculin,Urban,Monoparental,Gimnazial,Universitar,5,9,Ocazional,7.0,4,3.8,Negativă,Nu,Altul,Da,0.48,0
15,Feminin,Rural,Ambii părinți,Universitar,Primar,24,3,Ocazional,6.9,3,0.0,Negativă,Nu,Izolat,Nu,1.37,0
17,Masculin,Rural,Ambii părinți,Liceal,Liceal,14,7,"Da, frecvent",6.8,5,5.8,Pozitivă,Nu,Bine,Parțial,0.01,0
13,Masculin,Rural,Ambii părinți,Gimnazial,Liceal,64,104,Nu,7.1,2,2.3,Pozitivă,Avertismente,Bine,Parțial,0.0,1
16,Feminin,Rural,Ambii părinți,Liceal,Liceal,15,11,"Da, frecvent",7.6,3,4.2,Neutră,Nu,Bine,Nu,0.12,0
16,Masculin,Rural,Altă situație,Gimnazial,Universitar,96,16,"Da, frecvent",7.4,4,0.9,Negativă,Avertismente,Bine,Nu,0.77,0
16,Masculin,Urban,Monoparental,Gimnazial,Gimnazial,23,77,Nu,8.7,4,0.7,Negativă,Nu,Bine,Parțial,0.45,0
13,Masculin,Rural,Altă situație,Gimnazial,Liceal,54,16,"Da, frecvent",6.3,3,2.2,Neutră,Nu,Altul,Nu,0.25,0
13,Feminin,Urban,Monoparental,Gimnazial,Universitar,15,40,Nu,7.4,4,0.4,Pozitivă,Nu,Izolat,Nu,0.9,0
13,Feminin,Urban,Ambii părinți,Gimnazial,Universitar,45,84,"Da, frecvent",10.0,5,1.3,Neutră,Avertismente,Neutru,Parțial,0.39,0
15,Masculin,Rural,Monoparental,Universitar,Liceal,18,35,Nu,7.0,3,1.5,Negativă,Nu,Bine,Parțial,0.33,0
16,Feminin,Urban,Monoparental,Postliceal,Liceal,11,24,"Da, frecvent",7.1,5,5.4,Pozitivă,Nu,Neutru,Da,0.14,0
14,Masculin,Urban,Ambii părinți,Universitar,Universitar,71,48,"Da, frecvent",5.3,2,1.3,Neutră,Nu,Izolat,Nu,0.79,1
14,Feminin,Rural,Ambii părinți,Gimnazial,Universitar,15,1,Ocazional,6.1,3,4.7,Pozitivă,Nu,Stresat,Da,0.85,0
13,Masculin,Urban,Ambii părinți,Universitar,Universitar,15,16,Ocazional,7.0,3,4.0,Pozitivă,Nu,Izolat,Da,0.95,0
12,Feminin,Urban,Ambii părinți,Liceal,Universitar,42,66,Nu,7.8,3,0.0,Negativă,Avertismente,Stresat,Da,1.04,0
16,Feminin,Rural,Ambii părinți,Gimnazial,Liceal,49,11,"Da, frecvent",8.0,1,6.1,Pozitivă,Nu,Neutru,Da,0.19,0
18,Altul / prefer să nu spun,Rural,Ambii părinți,Universitar,Postliceal,10,27,Ocazional,7.6,2,5.5,Neutră,Nu,Bine,Da,0.0,0
13,Masculin,Rural,Ambii părinți,Primar,Liceal,59,41,"Da, frecvent",8.2,0,4.0,Pozitivă,Avertismente,Stresat,Da,0.73,0
18,Masculin,Urban,Ambii părinți,Liceal,Gimnazial,16,18,Nu,5.7,4,1.4,Pozitivă,Nu,Neutru,Nu,0.54,0
16,Masculin,Rural,Ambii părinți,Universitar,Universitar,7,41,Nu,7.8,4,1.1,Neutră,Nu,Stresat,Parțial,1.06,0
12,Feminin,Rural,Ambii părinți,Liceal,Liceal,27,30,"Da, frecvent",7.1,4,1.7,Pozitivă,Nu,Stresat,Nu,0.84,0
14,Feminin,Urban,Ambii părinți,Liceal,Primar,27,48,"Da, frecvent",7.3,5,2.3,Neutră,Nu,Bine,Nu,0.68,0
11,Feminin,Urban,Altă situație,Liceal,Postliceal,55,30,Nu,6.6,3,3.0,Pozitivă,Nu,Bine,Parțial,0.03,0
11,Masculin,Urban,Ambii părinți,Primar,Gimnazial,166,2,Nu,5.8,2,1.2,Neutră,Avertismente,Izolat,Da,1.01,1
14,Feminin,Rural,Ambii părinți,Necunoscut,Primar,41,12,Ocazional,5.4,0,3.4,Negativă,Nu,Neutru,Da,0.65,0
15,Masculin,Urban,Ambii părinți,Gimnazial,Liceal,62,8,Ocazional,7.5,0,4.6,Pozitivă,Nu,Bine,Nu,0.19,0
18,Feminin,Rural,Monoparental,Gimnazial,Postliceal,4,75,Nu,7.8,5,2.0,Pozitivă,Avertismente,Neutru,Parțial,0.67,0
12,Feminin,Rural,Monoparental,Gimnazial,Liceal,100,7,"Da, frecvent",6.9,4,1.3,Negativă,Avertismente,Bine,Nu,0.84,1
18,Feminin,Urban,Ambii părinți,Universitar,Primar,32,18,Nu,7.1,2,1.4,Pozitivă,Nu,Neutru,Nu,0.22,0
13,Feminin,Rural,Ambii părinți,Universitar,Liceal,8,34,Nu,6.1,5,3.7,Pozitivă,Nu,Neutru,Da,0.06,0
12,Feminin,Urban,Monoparental,Liceal,Primar,97,14,Nu,7.8,1,0.0,Negativă,Nu,Stresat,Nu,0.71,0
17,Masculin,Urban,Tutore / plasament,Universitar,Universitar,34,17,Nu,7.2,4,0.0,Pozitivă,Sancțiuni,Altul,Nu,0.93,0
17,Feminin,Rural,Ambii părinți,Primar,Gimnazial,84,30,Nu,6.6,1,2.7,Neutră,Nu,Bine,Parțial,0.19,1
16,Masculin,Urban,Ambii părinți,Universitar,Universitar,180,11,"Da, frecvent",8.3,4,2.1,Pozitivă,Avertismente,Altul,Nu,0.67,0
12,Masculin,Rural,Ambii părinți,Primar,Primar,5,27,Nu,8.0,0,2.6,Neutră,Nu,Stresat,Parțial,0.58,0
12,Masculin,Rural,Ambii părinți,Liceal,Gimnazial,16,46,"Da, frecvent",4.9,4,2.3,Neutră,Avertismente,Izolat,Da,1.11,0
14,Masculin,Urban,Monoparental,Primar,Liceal,72,13,"Da, frecvent",7.2,2,1.7,Neutră,Sancțiuni,Stresat,Da,1.21,0
15,Feminin,Urban,Altă situație,Necunoscut,Universitar,36,7,Ocazional,5.8,3,3.6,Neutră,Nu,Bine,Parțial,0.1,0
19,Feminin,Urban,Altă situație,Universitar,Universitar,1,88,"Da, frecvent",7.3,0,5.9,Pozitivă,Nu,Neutru,Nu,0.52,1
13,Feminin,Rural,Monoparental,Liceal,Liceal,24,89,Ocazional,2.7,2,5.3,Pozitivă,Nu,Bine,Da,0.2,1
12,Masculin,Rural,Ambii părinți,Gimnazial,Liceal,29,23,Ocazional,7.4,0,3.0,Neutră,Nu,Stresat,Da,0.68,1
19,Masculin,Urban,Altă situație,Gimnazial,Primar,34,27,"Da, frecvent",8.1,3,4.0,Negativă,Nu,Bine,Da,0.51,0
12,Feminin,Rural,Ambii părinți,Liceal,Liceal,15,26,"Da, frecvent",6.9,0,5.8,Neutră,Nu,Bine,Parțial,0.06,0
11,Feminin,Rural,Ambii părinți,Liceal,Liceal,121,16,"Da, frecvent",5.5,5,1.5,Neutră,Nu,Izolat,Parțial,0.47,0
14,Masculin,Rural,Monoparental,Primar,Universitar,4,22,Ocazional,9.8,1,3.3,Pozitivă,Nu,Izolat,Nu,0.89,0
14,Masculin,Urban,Ambii părinți,Postliceal,Liceal,51,2,Ocazional,8.7,3,3.9,Neutră,Nu,Neutru,Da,0.16,0
16,Masculin,Urban,Monoparental,Liceal,Universitar,20,5,Nu,6.4,5,0.4,Neutră,Sancțiuni,Neutru,Da,0.46,0
18,Masculin,Urban,Altă situație,Universitar,Universitar,18,17,Nu,6.7,2,3.0,Pozitivă,Nu,Stresat,Da,0.91,1
19,Masculin,Urban,Monoparental,Liceal,Gimnazial,108,13,Ocazional,4.3,3,2.4,Pozitivă,Nu,Altul,Nu,0.44,1
13,Masculin,Rural,Monoparental,Liceal,Liceal,27,6,"Da, frecvent",7.8,5,5.0,Pozitivă,Nu,Bine,Parțial,0.13,1
19,Feminin,Urban,Ambii părinți,Liceal,Universitar,52,22,Ocazional,5.2,0,6.0,Pozitivă,Nu,Bine,Da,0.15,0
16,Feminin,Urban,Ambii părinți,Gimnazial,Liceal,76,42,Ocazional,8.0,3,2.0,Neutră,Nu,Izolat,Da,0.71,0
11,Masculin,Urban,Monoparental,Liceal,Liceal,38,11,"Da, frecvent",8.5,3,6.4,Pozitivă,Nu,Bine,Da,0.24,0
19,Masculin,Urban,Ambii părinți,Universitar,Universitar,110,30,Nu,7.0,4,0.0,Neutră,Avertismente,Stresat,Parțial,1.06,1
12,Feminin,Rural,Tutore / plasament,Gimnazial,Gimnazial,7,17,"Da, frecvent",5.6,3,2.6,Negativă,Avertismente,Neutru,Parțial,0.67,1
16,Masculin,Rural,Ambii părinți,Liceal,Universitar,55,48,Nu,8.8,2,0.0,Negativă,Sancțiuni,Neutru,Parțial,0.46,0
18,Feminin,Urban,Ambii părinți,Universitar,Liceal,167,4,"Da, frecvent",7.1,3,2.8,Negativă,Sancțiuni,Bine,Da,0.57,0
13,Masculin,Rural,Ambii părinți,Liceal,Liceal,51,7,Nu,7.2,1,0.3,Negativă,Nu,Stresat,Parțial,0.95,0
13,Feminin,Urban,Monoparental,Liceal,Gimnazial,3,16,"Da, frecvent",5.8,2,6.3,Pozitivă,Nu,Neutru,Parțial,0.18,0
15,Masculin,Rural,Monoparental,Postliceal,Liceal,56,9,Nu,7.4,5,0.9,Neutră,Nu,Izolat,Da,0.43,0
18,Masculin,Rural,Altă situație,Liceal,Primar,125,61,Nu,6.8,3,2.0,Neutră,Nu,Neutru,Da,0.05,0
13,Feminin,Rural,Ambii părinți,Primar,Primar,25,5,"Da, frecvent",5.2,4,2.4,Negativă,Nu,Izolat,Da,0.73,1
16,Feminin,Rural,Ambii părinți,Universitar,Liceal,24,16,"Da, frecvent",9.0,0,5.2,Neutră,Nu,Bine,Parțial,0.4,0
15,Masculin,Rural,Ambii părinți,Universitar,Liceal,70,103,Ocazional,9.6,2,3.3,Pozitivă,Avertismente,Bine,Parțial,0.55,0
12,Feminin,Rural,Ambii părinți,Primar,Liceal,59,4,"Da, frecvent",8.5,1,3.5,Negativă,Nu,Altul,Parțial,0.43,0
17,Feminin,Urban,Ambii părinți,Gimnazial,Primar,39,24,"Da, frecvent",8.3,5,3.3,Neutră,Nu,Bine,Parțial,0.14,0
18,Masculin,Urban,Ambii părinți,Postliceal,Gimnazial,16,18,Nu,9.6,5,4.1,Pozitivă,Nu,Bine,Da,0.04,0
16,Feminin,Rural,Ambii părinți,Liceal,Gimnazial,22,34,Ocazional,5.6,2,2.5,Neutră,Nu,Bine,Nu,0.27,0
12,Feminin,Rural,Ambii părinți,Liceal,Liceal,11,32,"Da, frecvent",5.6,2,1.4,Neutră,Avertismente,Stresat,Nu,1.34,1
12,Feminin,Rural,Monoparental,Liceal,Gimnazial,2,30,Ocazional,6.5,4,3.5,Neutră,Nu,Stresat,Da,0.65,0
14,Masculin,Rural,Monoparental,Postliceal,Gimnazial,100,51,"Da, frecvent",7.5,0,1.0,Negativă,Nu,Izolat,Nu,1.19,0
15,Feminin,Urban,Ambii părinți,Liceal,Liceal,73,50,Nu,6.7,3,3.0,Neutră,Nu,Bine,Da,0.18,0
15,Feminin,Urban,Ambii părinți,Gimnazial,Postliceal,67,13,"Da, frecvent",5.7,1,4.0,Negativă,Nu,Bine,Parțial,0.4,1
13,Feminin,Rural,Monoparental,Gimnazial,Postliceal,66,12,Ocazional,7.1,3,4.4,Pozitivă,Nu,Bine,Parțial,0.21,0
15,Feminin,Urban,Monoparental,Liceal,Gimnazial,30,41,"Da, frecvent",7.0,4,1.7,Pozitivă,Avertismente,Altul,Nu,0.61,0
13,Feminin,Rural,Monoparental,Universitar,Universitar,26,27,Nu,8.3,4,1.7,Pozitivă,Avertismente,Neutru,Da,0.44,0
17,Feminin,Rural,Ambii părinți,Liceal,Liceal,8,32,"Da, frecvent",7.2,0,7.3,Neutră,Nu,Bine,Da,0.31,0
18,Feminin,Rural,Ambii părinți,Liceal,Liceal,78,24,Nu,4.4,1,0.7,Negativă,Nu,Bine,Nu,0.88,1
16,Feminin,Rural,Tutore / plasament,Universitar,Gimnazial,246,15,Ocazional,7.6,2,2.6,Neutră,Nu,Bine,Nu,0.52,1
11,Masculin,Rural,Ambii părinți,Liceal,Gimnazial,54,39,Nu,9.3,4,0.0,Pozitivă,Nu,Stresat,Nu,0.4,0
19,Feminin,Rural,Ambii părinți,Liceal,Liceal,88,10,"Da, frecvent",7.1,1,6.2,Pozitivă,Nu,Neutru,Da,0.01,0
11,Feminin,Urban,Altă situație,Gimnazial,Gimnazial,88,105,Nu,8.5,2,0.3,Negativă,Nu,Neutru,Parțial,0.37,0
19,Masculin,Rural,Ambii părinți,Postliceal,Postliceal,132,97,Nu,6.4,1,2.7,Pozitivă,Nu,Neutru,Parțial,0.0,1
11,Masculin,Rural,Monoparental,Postliceal,Gimnazial,14,123,"Da, frecvent",7.9,2,6.2,Pozitivă,Avertismente,Bine,Da,0.29,0
15,Masculin,Urban,Tutore / plasament,Universitar,Gimnazial,5,29,"Da, frecvent",6.1,2,2.9,Neutră,Sancțiuni,Stresat,Da,0.97,0
11,Feminin,Rural,Ambii părinți,Liceal,Gimnazial,45,17,Nu,6.8,1,0.0,Neutră,Nu,Stresat,Nu,0.96,0
11,Feminin,Rural,Monoparental,Liceal,Gimnazial,33,72,Ocazional,6.8,0,6.0,Pozitivă,Nu,Bine,Da,0.26,0
17,Feminin,Urban,Ambii părinți,Gimnazial,Liceal,230,25,Nu,7.8,0,4.0,Pozitivă,Nu,Neutru,Da,0.08,0
17,Feminin,Rural,Tutore / plasament,Universitar,Primar,11,48,Nu,5.9,2,2.4,Neutră,Nu,Izolat,Da,0.62,1
12,Feminin,Rural,Tutore / plasament,Gimnazial,Liceal,165,48,"Da, frecvent",5.0,0,5.0,Pozitivă,Nu,Neutru,Parțial,0.0,1
19,Masculin,Rural,Tutore / plasament,Postliceal,Gimnazial,33,11,"Da, frecvent",7.8,0,3.4,Pozitivă,Nu,Stresat,Nu,0.99,0
13,Feminin,Urban,Ambii părinți,Postliceal,Liceal,10,38,Ocazional,7.7,5,1.5,Pozitivă,Sancțiuni,Stresat,Da,1.13,0
13,Masculin,Rural,Monoparental,Gimnazial,Universitar,142,46,Ocazional,7.3,5,2.3,Pozitivă,Nu,Bine,Nu,0.51,0
13,Feminin,Rural,Tutore / plasament,Liceal,Universitar,14,22,Ocazional,8.4,3,5.8,Pozitivă,Nu,Bine,Da,0.17,0
15,Feminin,Rural,Monoparental,Primar,Liceal,88,5,Nu,6.8,3,2.8,Neutră,Nu,Neutru,Da,0.0,0
12,Masculin,Urban,Ambii părinți,Liceal,Liceal,46,73,Ocazional,7.5,0,6.0,Pozitivă,Nu,Bine,Da,0.09,0
14,Masculin,Urban,Ambii părinți,Necunoscut,Postliceal,165,103,Nu,6.6,0,1.0,Neutră,Nu,Stresat,Parțial,0.85,1
12,Feminin,Rural,Tutore / plasament,Liceal,Universitar,105,26,"Da, frecvent",6.7,0,2.0,Neutră,Nu,Stresat,Nu,0.59,0
11,Masculin,Urban,Ambii părinți,Necunoscut,Liceal,32,18,Ocazional,7.6,1,4.8,Pozitivă,Nu,Bine,Parțial,0.13,0
14,Feminin,Urban,Ambii părinți,Gimnazial,Gimnazial,142,28,"Da, frecvent",10.0,0,5.0,Neutră,Nu,Altul,Da,0.2,0
17,Feminin,Urban,Tutore / plasament,Liceal,Universitar,61,16,"Da, frecvent",8.1,4,1.9,Pozitivă,Nu,Izolat,Nu,1.26,0
17,Masculin,Rural,Tutore / plasament,Universitar,Primar,40,4,"Da, frecvent",7.9,4,2.5,Negativă,Avertismente,Bine,Parțial,0.59,0
14,Feminin,Rural,Altă situație,Universitar,Universitar,45,52,Nu,8.2,4,0.0,Neutră,Avertismente,Neutru,Parțial,0.48,0
13,Feminin,Rural,Ambii părinți,Liceal,Primar,91,40,Ocazional,3.8,1,3.7,Pozitivă,Nu,Bine,Nu,0.65,1
18,Feminin,Rural,Ambii părinți,Postliceal,Gimnazial,30,14,"Da, frecvent",7.5,2,1.6,Negativă,Nu,Altul,Nu,0.44,1
17,Feminin,Rural,Ambii părinți,Universitar,Universitar,22,88,Ocazional,8.4,2,2.5,Pozitivă,Avertismente,Neutru,Parțial,0.69,0
18,Feminin,Rural,Ambii părinți,Universitar,Postliceal,17,23,Nu,7.2,0,1.6,Pozitivă,Sancțiuni,Stresat,Da,1.12,1
19,Feminin,Urban,Tutore / plasament,Liceal,Liceal,54,27,Ocazional,7.0,2,3.3,Pozitivă,Avertismente,Altul,Da,0.46,0
18,Masculin,Rural,Ambii părinți,Gimnazial,Universitar,18,20,"Da, frecvent",5.8,3,1.5,Neutră,Nu,Stresat,Nu,0.98,0
19,Masculin,Urban,Ambii părinți,Primar,Universitar,93,57,"Da, frecvent",6.5,1,1.7,Neutră,Avertismente,Izolat,Parțial,1.02,0
14,Feminin,Rural,Ambii părinți,Liceal,Liceal,30,39,"Da, frecvent",5.9,1,3.7,Neutră,Nu,Bine,Nu,0.76,0
14,Feminin,Urban,Ambii părinți,Liceal,Necunoscut,65,2,Ocazional,8.5,2,2.2,Negativă,Nu,Bine,Nu,0.18,0
13,Masculin,Rural,Tutore / plasament,Gimnazial,Liceal,110,25,"Da, frecvent",9.2,0,2.0,Negativă,Nu,Neutru,Nu,0.5,0
13,Feminin,Rural,Monoparental,Gimnazial,Gimnazial,135,48,Ocazional,9.8,3,1.0,Pozitivă,Sancțiuni,Izolat,Da,1.0,0
17,Masculin,Urban,Ambii părinți,Liceal,Universitar,49,4,Nu,5.9,2,1.1,Negativă,Sancțiuni,Bine,Da,0.68,1
17,Masculin,Rural,Ambii părinți,Liceal,Liceal,2,47,"Da, frecvent",6.2,4,6.5,Pozitivă,Nu,Neutru,Da,0.34,0
18,Feminin,Urban,Ambii părinți,Liceal,Universitar,2,40,"Da, frecvent",6.1,4,3.5,Negativă,Nu,Stresat,Da,0.82,0
12,Feminin,Urban,Ambii părinți,Liceal,Primar,91,9,Nu,5.7,2,3.9,Pozitivă,Nu,Bine,Parțial,0.24,1
15,Feminin,Rural,Tutore / plasament,Gimnazial,Gimnazial,13,20,Ocazional,5.7,2,4.2,Pozitivă,Nu,Neutru,Parțial,0.19,0
12,Feminin,Urban,Monoparental,Universitar,Primar,28,6,Nu,6.4,3,4.7,Pozitivă,Nu,Bine,Da,0.3,0
19,Feminin,Rural,Ambii părinți,Liceal,Liceal,102,14,Nu,8.3,0,4.3,Pozitivă,Nu,Bine,Parțial,0.13,0
13,Masculin,Rural,Monoparental,Gimnazial,Universitar,22,19,Ocazional,6.1,1,3.9,Negativă,Nu,Bine,Da,0.41,1
12,Feminin,Urban,Ambii părinți,Liceal,Liceal,8,43,Nu,8.6,0,3.3,Pozitivă,Nu,Stresat,Parțial,0.68,0
16,Masculin,Rural,Ambii părinți,Liceal,Gimnazial,29,50,Ocazional,9.0,1,2.7,Pozitivă,Sancțiuni,Bine,Parțial,0.32,0
18,Masculin,Rural,Ambii părinți,Liceal,Liceal,76,30,Nu,7.5,3,1.0,Negativă,Avertismente,Bine,Da,0.99,0
19,Feminin,Rural,Ambii părinți,Liceal,Liceal,22,18,Nu,8.8,1,0.9,Neutră,Nu,Stresat,Parțial,0.56,0
11,Feminin,Urban,Ambii părinți,Postliceal,Postliceal,67,46,"Da, frecvent",5.2,3,4.0,Neutră,Nu,Bine,Parțial,0.06,1
13,Feminin,Rural,Monoparental,Postliceal,Postliceal,8,27,Ocazional,6.3,4,2.0,Negativă,Nu,Neutru,Parțial,0.2,0
12,Masculin,Urban,Tutore / plasament,Gimnazial,Gimnazial,16,33,"Da, frecvent",7.4,4,5.3,Pozitivă,Nu,Neutru,Da,0.22,0
13,Feminin,Rural,Ambii părinți,Gimnazial,Liceal,30,52,Ocazional,7.4,3,3.0,Pozitivă,Nu,Izolat,Da,0.61,0
15,Masculin,Rural,Monoparental,Primar,Postliceal,113,44,"Da, frecvent",9.1,3,2.0,Pozitivă,Nu,Izolat,Nu,1.17,0
13,Masculin,Rural,Ambii părinți,Liceal,Gimnazial,25,33,Ocazional,5.7,2,3.3,Pozitivă,Nu,Bine,Nu,0.45,0
11,Masculin,Urban,Ambii părinți,Liceal,Liceal,21,39,Ocazional,6.3,2,1.6,Pozitivă,Sancțiuni,Stresat,Da,1.0,0
15,Altul / prefer să nu spun,Urban,Ambii părinți,Postliceal,Liceal,21,13,Ocazional,7.0,4,2.3,Neutră,Avertismente,Neutru,Da,0.34,0
11,Masculin,Rural,Ambii părinți,Gimnazial,Liceal,67,12,Ocazional,6.4,2,3.7,Pozitivă,Nu,Bine,Nu,0.33,1
13,Masculin,Urban,Ambii părinți,Postliceal,Primar,83,102,"Da, frecvent",5.6,2,3.3,Neutră,Nu,Neutru,Parțial,0.24,0
11,Masculin,Rural,Tutore / plasament,Gimnazial,Gimnazial,109,11,"Da, frecvent",6.4,5,2.8,Neutră,Nu,Izolat,Da,0.69,1
11,Masculin,Rural,Tutore / plasament,Liceal,Universitar,185,52,Ocazional,6.8,5,1.3,Pozitivă,Nu,Stresat,Parțial,0.67,1
14,Masculin,Rural,Ambii părinți,Postliceal,Gimnazial,54,18,Ocazional,9.1,5,0.4,Neutră,Nu,Neutru,Nu,0.17,0
18,Masculin,Urban,Monoparental,Primar,Universitar,18,42,Nu,5.7,4,4.2,Pozitivă,Nu,Bine,Da,0.55,0
17,Feminin,Urban,Ambii părinți,Liceal,Liceal,34,1,"Da, frecvent",8.2,2,4.3,Neutră,Nu,Neutru,Parțial,0.11,1
11,Masculin,Rural,Monoparental,Liceal,Liceal,14,5,Ocazional,8.9,5,0.9,Pozitivă,Sancțiuni,Neutru,Nu,0.45,0
11,Masculin,Urban,Ambii părinți,Postliceal,Universitar,45,55,Nu,6.4,3,0.0,Negativă,Avertismente,Neutru,Da,0.51,1
14,Masculin,Urban,Ambii părinți,Gimnazial,Liceal,17,3,Nu,7.5,5,0.8,Neutră,Nu,Altul,Nu,0.29,0
16,Feminin,Urban,Monoparental,Universitar,Gimnazial,109,14,"Da, frecvent",7.9,0,2.3,Neutră,Avertismente,Altul,Nu,1.05,1
17,Masculin,Urban,Ambii părinți,Necunoscut,Gimnazial,50,75,Ocazional,7.7,0,3.0,Pozitivă,Avertismente,Altul,Parțial,0.47,0
18,Masculin,Rural,Ambii părinți,Universitar,Postliceal,138,50,Nu,7.2,0,1.0,Pozitivă,Avertismente,Stresat,Parțial,0.98,1
14,Masculin,Urban,Ambii părinți,Gimnazial,Liceal,80,17,Ocazional,6.1,5,2.5,Pozitivă,Nu,Neutru,Parțial,0.3,0
12,Feminin,Urban,Ambii părinți,Postliceal,Universitar,74,11,"Da, frecvent",8.0,1,5.1,Neutră,Nu,Bine,Parțial,0.32,0
11,Masculin,Rural,Ambii părinți,Gimnazial,Liceal,8,83,Ocazional,6.6,0,4.3,Neutră,Avertismente,Altul,Da,0.62,0
12,Masculin,Urban,Ambii părinți,Universitar,Liceal,67,12,"Da, frecvent",7.1,4,2.1,Neutră,Sancțiuni,Neutru,Da,0.54,1
11,Masculin,Urban,Monoparental,Liceal,Gimnazial,182,32,Ocazional,7.3,4,4.7,Pozitivă,Nu,Bine,Da,0.0,1
18,Masculin,Rural,Ambii părinți,Gimnazial,Gimnazial,26,70,Nu,8.3,5,0.0,Negativă,Sancțiuni,Bine,Da,0.56,0
13,Masculin,Rural,Ambii părinți,Liceal,Universitar,96,37,Nu,9.8,3,0.0,Negativă,Nu,Izolat,Parțial,0.61,0
18,Masculin,Urban,Ambii părinți,Universitar,Gimnazial,5,70,Ocazional,6.1,4,4.2,Pozitivă,Nu,Bine,Nu,0.31,1
15,Feminin,Urban,Monoparental,Universitar,Universitar,11,17,Nu,7.2,3,1.2,Pozitivă,Sancțiuni,Stresat,Da,0.97,1
15,Masculin,Urban,Monoparental,Liceal,Primar,36,8,Nu,5.0,4,0.3,Neutră,Avertismente,Neutru,Parțial,0.4,0
15,Feminin,Urban,Ambii părinți,Liceal,Liceal,22,44,Nu,9.2,3,3.2,Pozitivă,Nu,Bine,Parțial,0.2,0
18,Masculin,Rural,Ambii părinți,Universitar,Primar,16,64,Nu,7.2,0,1.7,Pozitivă,Avertismente,Izolat,Parțial,0.93,0
11,Masculin,Rural,Ambii părinți,Universitar,Universitar,22,39,Nu,6.7,1,0.8,Neutră,Nu,Izolat,Parțial,0.64,0
11,Feminin,Rural,Ambii părinți,Universitar,Gimnazial,61,9,"Da, frecvent",7.2,5,4.9,Neutră,Nu,Bine,Da,0.06,0
14,Feminin,Rural,Ambii părinți,Liceal,Liceal,96,136,"Da, frecvent",7.2,0,7.0,Pozitivă,Nu,Bine,Da,0.14,0
14,Feminin,Urban,Ambii părinți,Postliceal,Universitar,66,6,"Da, frecvent",6.1,0,4.7,Negativă,Nu,Neutru,Da,0.42,0
15,Masculin,Rural,Monoparental,Universitar,Postliceal,69,29,Ocazional,8.8,4,2.7,Pozitivă,Nu,Bine,Nu,0.11,0
17,Masculin,Rural,Ambii părinți,Gimnazial,Gimnazial,38,69,Nu,8.0,5,1.3,Pozitivă,Nu,Bine,Nu,0.43,0
16,Feminin,Urban,Monoparental,Liceal,Universitar,11,27,Nu,8.2,2,2.4,Pozitivă,Nu,Izolat,Parțial,0.75,0
13,Masculin,Rural,Ambii părinți,Primar,Liceal,35,44,Nu,6.1,0,2.0,Negativă,Nu,Bine,Parțial,0.43,0
13,Feminin,Urban,Ambii părinți,Liceal,Primar,46,3,Nu,6.1,3,0.8,Negativă,Nu,Neutru,Parțial,0.37,0
17,Masculin,Rural,Monoparental,Universitar,Liceal,100,43,Ocazional,6.9,0,5.0,Pozitivă,Nu,Bine,Parțial,0.22,0
12,Feminin,Rural,Monoparental,Gimnazial,Universitar,155,9,Ocazional,8.2,2,4.9,Neutră,Nu,Bine,Da,0.08,0
15,Feminin,Urban,Ambii părinți,Liceal,Liceal,57,29,Ocazional,7.8,3,5.0,Pozitivă,Nu,Bine,Da,0.23,0
15,Feminin,Rural,Monoparental,Primar,Universitar,92,5,"Da, frecvent",6.0,5,6.1,Pozitivă,Nu,Bine,Da,0.36,0
17,Masculin,Urban,Ambii părinți,Universitar,Postliceal,1,46,Nu,8.0,0,1.9,Pozitivă,Avertismente,Stresat,Nu,1.16,0
17,Feminin,Rural,Ambii părinți,Universitar,Liceal,29,38,Ocazional,5.7,3,0.0,Negativă,Nu,Stresat,Parțial,0.82,0
15,Masculin,Urban,Monoparental,Liceal,Gimnazial,38,29,"Da, frecvent",6.2,0,5.0,Pozitivă,Nu,Neutru,Parțial,0.26,1
13,Feminin,Urban,Monoparental,Postliceal,Postliceal,64,56,Ocazional,7.3,2,0.3,Neutră,Nu,Izolat,Nu,0.8,1
14,Feminin,Urban,Ambii părinți,Gimnazial,Liceal,158,42,Ocazional,5.5,4,3.7,Pozitivă,Nu,Bine,Parțial,0.02,1
14,Feminin,Rural,Altă situație,Universitar,Gimnazial,54,5,Nu,5.8,0,1.8,Negativă,Nu,Neutru,Parțial,0.43,0
12,Feminin,Urban,Monoparental,Postliceal,Gimnazial,4,55,Nu,9.3,4,0.0,Negativă,Avertismente,Stresat,Nu,1.37,0
16,Masculin,Rural,Ambii părinți,Gimnazial,Universitar,70,42,"Da, frecvent",9.0,5,4.3,Pozitivă,Nu,Neutru,Da,0.37,0
12,Feminin,Urban,Ambii părinți,Necunoscut,Gimnazial,27,11,Nu,10.0,1,2.1,Neutră,Avertismente,Altul,Da,0.42,0
16,Altul / prefer să nu spun,Rural,Ambii părinți,Primar,Gimnazial,64,25,"Da, frecvent",7.7,4,0.7,Neutră,Sancțiuni,Neutru,Parțial,0.35,0
17,Feminin,Urban,Ambii părinți,Liceal,Gimnazial,75,16,Ocazional,8.0,3,1.2,Negativă,Avertismente,Altul,Da,0.7,0
19,Feminin,Urban,Monoparental,Gimnazial,Primar,3,112,Ocazional,6.9,5,3.1,Neutră,Avertismente,Bine,Parțial,0.58,0
12,Feminin,Rural,Ambii părinți,Postliceal,Necunoscut,36,7,Nu,6.6,3,2.6,Pozitivă,Nu,Bine,Nu,0.41,0
17,Feminin,Urban,Monoparental,Primar,Liceal,37,17,Nu,8.3,4,1.8,Pozitivă,Nu,Bine,Nu,0.45,0
11,Masculin,Rural,Ambii părinți,Gimnazial,Postliceal,53,24,"Da, frecvent",9.0,0,4.0,Neutră,Nu,Izolat,Da,0.6,0
14,Masculin,Rural,Monoparental,Liceal,Universitar,18,28,Nu,8.2,1,5.2,Pozitivă,Nu,Bine,Da,0.35,0
12,Feminin,Rural,Monoparental,Necunoscut,Liceal,13,17,Nu,5.9,2,3.4,Pozitivă,Nu,Bine,Nu,0.05,1
12,Masculin,Rural,Monoparental,Gimnazial,Universitar,156,28,Nu,7.6,5,0.0,Neutră,Avertismente,Altul,Nu,0.56,1
12,Masculin,Rural,Monoparental,Liceal,Universitar,48,39,"Da, frecvent",6.0,3,1.0,Negativă,Sancțiuni,Neutru,Da,0.71,1
11,Masculin,Rural,Tutore / plasament,Liceal,Postliceal,14,12,"Da, frecvent",6.6,1,2.9,Pozitivă,Sancțiuni,Neutru,Nu,0.57,1
18,Masculin,Rural,Ambii părinți,Universitar,Postliceal,22,17,Ocazional,9.4,5,1.6,Neutră,Nu,Bine,Nu,0.29,0
11,Masculin,Rural,Monoparental,Gimnazial,Liceal,162,94,Nu,5.4,3,0.0,Neutră,Avertismente,Stresat,Da,0.87,1
14,Masculin,Rural,Altă situație,Liceal,Universitar,116,56,"Da, frecvent",10.0,2,2.3,Neutră,Avertismente,Izolat,Da,1.01,0
17,Masculin,Urban,Ambii părinți,Universitar,Primar,20,55,Ocazional,7.9,2,1.7,Pozitivă,Nu,Stresat,Nu,0.98,0
19,Masculin,Rural,Ambii părinți,Liceal,Postliceal,11,5,Nu,6.4,4,4.5,Pozitivă,Nu,Bine,Parțial,0.05,0
18,Masculin,Urban,Altă situație,Liceal,Liceal,12,106,Ocazional,7.2,5,3.3,Pozitivă,Nu,Neutru,Parțial,0.0,0
12,Feminin,Rural,Ambii părinți,Universitar,Liceal,106,23,Ocazional,6.1,3,0.0,Negativă,Nu,Neutru,Nu,0.47,1
19,Masculin,Rural,Ambii părinți,Liceal,Universitar,25,60,Nu,6.3,5,0.0,Pozitivă,Nu,Izolat,Nu,1.1,0
16,Masculin,Rural,Ambii părinți,Liceal,Liceal,6,30,Ocazional,7.2,4,4.2,Pozitivă,Nu,Stresat,Da,0.9,0
12,Feminin,Rural,Ambii părinți,Gimnazial,Primar,23,3,"Da, frecvent",6.6,0,3.9,Neutră,Nu,Stresat,Parțial,0.61,0
15,Masculin,Rural,Ambii părinți,Universitar,Postliceal,52,18,"Da, frecvent",5.8,4,0.8,Negativă,Nu,Neutru,Nu,0.64,0
19,Masculin,Rural,Ambii părinți,Universitar,Universitar,35,56,Ocazional,6.8,3,5.0,Pozitivă,Nu,Bine,Da,0.15,0
14,Feminin,Urban,Tutore / plasament,Postliceal,Postliceal,118,58,"Da, frecvent",5.3,3,4.0,Pozitivă,Nu,Stresat,Da,0.93,0
12,Masculin,Rural,Ambii părinți,Liceal,Universitar,53,31,"Da, frecvent",5.3,3,1.0,Neutră,Avertismente,Neutru,Nu,0.73,1
18,Masculin,Urban,Ambii părinți,Liceal,Universitar,60,7,"Da, frecvent",5.3,0,5.6,Pozitivă,Nu,Bine,Nu,0.31,1
19,Masculin,Urban,Tutore / plasament,Primar,Universitar,87,61,Ocazional,9.4,5,1.3,Neutră,Nu,Stresat,Da,0.99,0
19,Feminin,Rural,Monoparental,Gimnazial,Liceal,83,12,Nu,7.7,5,2.7,Neutră,Nu,Bine,Da,0.0,1
19,Feminin,Rural,Ambii părinți,Gimnazial,Liceal,23,29,Ocazional,7.9,5,0.0,Neutră,Nu,Stresat,Nu,0.96,0
18,Masculin,Rural,Ambii părinți,Gimnazial,Universitar,11,41,Nu,7.1,3,2.1,Neutră,Nu,Stresat,Da,0.95,0
15,Feminin,Urban,Monoparental,Postliceal,Universitar,49,44,Nu,7.8,1,4.7,Pozitivă,Nu,Bine,Da,0.27,0
12,Feminin,Rural,Monoparental,Gimnazial,Gimnazial,43,40,Nu,8.7,3,0.0,Neutră,Nu,Stresat,Nu,0.76,1
16,Feminin,Urban,Ambii părinți,Gimnazial,Gimnazial,53,10,Ocazional,7.7,1,1.2,Negativă,Nu,Neutru,Nu,0.4,1
12,Feminin,Rural,Ambii părinți,Liceal,Liceal,58,17,"Da, frecvent",9.4,3,4.2,Neutră,Nu,Neutru,Da,0.0,0
15,Masculin,Rural,Monoparental,Gimnazial,Universitar,147,10,Ocazional,7.0,4,2.2,Neutră,Nu,Altul,Parțial,0.42,0
16,Masculin,Urban,Monoparental,Gimnazial,Universitar,30,47,"Da, frecvent",7.9,1,0.7,Neutră,Sancțiuni,Izolat,Parțial,0.85,0
19,Masculin,Urban,Ambii părinți,Gimnazial,Liceal,60,42,Ocazional,8.1,2,3.3,Neutră,Nu,Neutru,Da,0.28,0
13,Masculin,Urban,Tutore / plasament,Gimnazial,Gimnazial,11,12,Nu,5.8,2,1.8,Pozitivă,Nu,Stresat,Nu,0.64,1
13,Feminin,Urban,Monoparental,Liceal,Gimnazial,16,53,"Da, frecvent",7.2,5,1.0,Negativă,Avertismente,Neutru,Parțial,1.16,0
17,Feminin,Urban,Monoparental,Universitar,Universitar,41,53,"Da, frecvent",4.5,3,3.0,Pozitivă,Nu,Stresat,Parțial,0.46,1
11,Feminin,Urban,Monoparental,Universitar,Liceal,14,68,Nu,6.9,2,5.2,Pozitivă,Nu,Bine,Da,0.16,0
16,Feminin,Urban,Monoparental,Universitar,Gimnazial,71,41,Nu,6.7,2,0.3,Pozitivă,Sancțiuni,Neutru,Parțial,0.72,1
17,Feminin,Urban,Ambii părinți,Liceal,Gimnazial,62,43,Nu,6.6,1,3.7,Neutră,Nu,Bine,Da,0.02,0
15,Feminin,Urban,Ambii părinți,Universitar,Universitar,20,18,"Da, frecvent",6.5,0,3.4,Neutră,Nu,Izolat,Parțial,0.8,0
14,Feminin,Rural,Monoparental,Liceal,Liceal,33,22,Ocazional,7.8,4,0.0,Neutră,Avertismente,Izolat,Parțial,1.0,0
18,Feminin,Urban,Ambii părinți,Postliceal,Gimnazial,107,63,Ocazional,5.9,4,0.7,Pozitivă,Sancțiuni,Bine,Nu,0.77,1
14,Masculin,Rural,Ambii părinți,Liceal,Gimnazial,49,14,Ocazional,9.7,1,2.0,Neutră,Nu,Neutru,Nu,0.54,0
17,Masculin,Urban,Ambii părinți,Liceal,Universitar,216,11,Ocazional,7.9,2,5.8,Pozitivă,Nu,Bine,Da,0.07,1
15,Masculin,Urban,Monoparental,Liceal,Liceal,33,43,Nu,6.0,4,1.7,Neutră,Nu,Bine,Parțial,0.42,1
11,Masculin,Urban,Monoparental,Gimnazial,Liceal,36,2,"Da, frecvent",8.0,4,6.6,Pozitivă,Nu,Bine,Da,0.21,0
15,Masculin,Rural,Ambii părinți,Universitar,Gimnazial,41,13,Nu,8.5,0,2.4,Pozitivă,Nu,Stresat,Parțial,1.05,0
11,Feminin,Urban,Ambii părinți,Primar,Gimnazial,5,70,"Da, frecvent",7.6,0,4.6,Pozitivă,Sancțiuni,Bine,Nu,0.55,0
19,Masculin,Rural,Ambii părinți,Postliceal,Universitar,35,81,"Da, frecvent",5.7,0,4.0,Pozitivă,Nu,Neutru,Nu,0.23,0
16,Feminin,Urban,Altă situație,Universitar,Universitar,34,58,Nu,10.0,3,0.0,Neutră,Avertismente,Izolat,Da,1.01,0
14,Feminin,Rural,Tutore / plasament,Liceal,Liceal,76,28,Ocazional,8.0,5,0.3,Negativă,Avertismente,Bine,Parțial,0.48,1
15,Feminin,Urban,Ambii părinți,Primar,Universitar,111,11,Ocazional,5.4,0,4.4,Neutră,Nu,Neutru,Da,0.32,1
16,Feminin,Urban,Ambii părinți,Liceal,Liceal,30,5,"Da, frecvent",7.4,4,5.4,Pozitivă,Nu,Altul,Da,0.14,0
13,Feminin,Rural,Monoparental,Liceal,Universitar,2,19,"Da, frecvent",6.8,4,5.6,Pozitivă,Nu,Stresat,Da,0.49,0
13,Masculin,Urban,Ambii părinți,Necunoscut,Primar,47,5,"Da, frecvent",7.1,5,5.1,Neutră,Nu,Bine,Da,0.0,0
14,Masculin,Urban,Altă situație,Postliceal,Liceal,14,103,Nu,5.4,3,3.8,Pozitivă,Nu,Bine,Parțial,0.0,1
13,Masculin,Rural,Ambii părinți,Postliceal,Universitar,51,18,"Da, frecvent",7.2,5,1.4,Neutră,Avertismente,Stresat,Da,1.22,0
17,Masculin,Urban,Ambii părinți,Liceal,Universitar,49,20,Nu,5.9,2,2.3,Neutră,Nu,Bine,Parțial,0.23,0
11,Masculin,Urban,Ambii părinți,Postliceal,Universitar,18,50,Nu,6.6,1,4.2,Pozitivă,Nu,Neutru,Da,0.13,0
18,Feminin,Urban,Ambii părinți,Postliceal,Postliceal,47,4,Nu,7.6,5,1.1,Negativă,Nu,Bine,Parțial,0.28,1
14,Masculin,Urban,Ambii părinți,Primar,Universitar,6,21,Nu,6.4,3,3.5,Pozitivă,Nu,Izolat,Da,0.66,0
16,Masculin,Rural,Monoparental,Gimnazial,Postliceal,54,26,Nu,6.7,1,3.7,Neutră,Nu,Bine,Da,0.47,1
12,Feminin,Rural,Ambii părinți,Primar,Gimnazial,83,6,Ocazional,8.2,3,2.7,Pozitivă,Avertismente,Neutru,Parțial,0.46,0
14,Feminin,Rural,Ambii părinți,Liceal,Liceal,64,10,Nu,5.9,2,1.8,Pozitivă,Avertismente,Stresat,Da,1.2,1
17,Masculin,Urban,Monoparental,Universitar,Postliceal,24,15,Ocazional,6.2,4,4.9,Pozitivă,Nu,Bine,Da,0.09,0
13,Masculin,Rural,Monoparental,Liceal,Liceal,78,60,"Da, frecvent",5.3,4,0.0,Neutră,Sancțiuni,Neutru,Nu,1.0,1
12,Feminin,Rural,Ambii părinți,Liceal,Universitar,70,79,Ocazional,5.9,0,5.0,Pozitivă,Nu,Altul,Da,0.0,0
15,Masculin,Urban,Ambii părinți,Universitar,Liceal,73,39,"Da, frecvent",7.3,3,0.0,Negativă,Sancțiuni,Neutru,Nu,1.05,0
12,Feminin,Rural,Ambii părinți,Gimnazial,Gimnazial,122,24,Ocazional,8.0,5,4.3,Pozitivă,Nu,Bine,Da,0.01,0
13,Feminin,Rural,Ambii părinți,Primar,Gimnazial,58,70,Nu,6.0,3,0.0,Pozitivă,Nu,Izolat,Nu,1.3,0
15,Feminin,Rural,Monoparental,Universitar,Universitar,12,53,Ocazional,8.0,4,3.7,Neutră,Avertismente,Bine,Da,0.63,0
16,Feminin,Urban,Ambii părinți,Universitar,Primar,15,126,"Da, frecvent",7.2,5,4.1,Pozitivă,Nu,Bine,Nu,0.04,0
16,Masculin,Urban,Ambii părinți,Postliceal,Universitar,58,3,"Da, frecvent",5.2,2,6.2,Pozitivă,Avertismente,Bine,Da,0.33,1
17,Feminin,Rural,Monoparental,Gimnazial,Primar,34,27,"Da, frecvent",7.3,4,0.7,Pozitivă,Avertismente,Stresat,Nu,1.37,0
18,Masculin,Rural,Ambii părinți,Universitar,Liceal,28,15,"Da, frecvent",8.8,0,6.2,Neutră,Nu,Bine,Da,0.27,0
11,Feminin,Urban,Ambii părinți,Universitar,Universitar,68,4,Ocazional,4.5,0,5.8,Pozitivă,Nu,Bine,Parțial,0.25,1
14,Masculin,Urban,Ambii părinți,Postliceal,Liceal,9,27,Nu,9.9,4,3.9,Pozitivă,Nu,Neutru,Da,0.18,0
11,Masculin,Rural,Tutore / plasament,Gimnazial,Universitar,70,117,Ocazional,6.2,1,4.7,Neutră,Nu,Bine,Da,0.09,0
11,Masculin,Urban,Monoparental,Liceal,Gimnazial,32,8,Ocazional,4.8,4,1.3,Negativă,Nu,Stresat,Da,1.1,0
12,Masculin,Urban,Ambii părinți,Universitar,Liceal,55,161,Ocazional,7.3,5,3.3,Pozitivă,Nu,Neutru,Da,0.0,0
16,Masculin,Rural,Monoparental,Universitar,Liceal,10,54,"Da, frecvent",8.3,5,4.5,Neutră,Nu,Neutru,Da,0.16,0
19,Masculin,Urban,Ambii părinți,Liceal,Universitar,72,72,Ocazional,6.7,0,5.0,Pozitivă,Nu,Bine,Parțial,0.04,1
17,Masculin,Urban,Ambii părinți,Liceal,Gimnazial,95,72,Ocazional,7.5,1,1.7,Neutră,Nu,Izolat,Parțial,0.57,0
16,Masculin,Urban,Ambii părinți,Postliceal,Liceal,300,39,"Da, frecvent",10.0,3,5.0,Pozitivă,Nu,Bine,Parțial,0.07,0
18,Feminin,Rural,Ambii părinți,Liceal,Postliceal,52,18,Ocazional,7.4,0,6.1,Pozitivă,Nu,Bine,Da,0.02,0
12,Feminin,Urban,Ambii părinți,Liceal,Necunoscut,92,5,Ocazional,10.0,5,3.1,Pozitivă,Avertismente,Bine,Parțial,0.6,0
18,Feminin,Rural,Tutore / plasament,Gimnazial,Universitar,14,8,"Da, frecvent",8.9,5,3.8,Pozitivă,Nu,Altul,Nu,0.08,0
19,Feminin,Rural,Ambii părinți,Gimnazial,Universitar,116,44,Ocazional,7.2,4,3.7,Pozitivă,Nu,Neutru,Da,0.23,0
11,Feminin,Rural,Monoparental,Universitar,Liceal,7,19,"Da, frecvent",7.5,1,5.1,Pozitivă,Avertismente,Bine,Nu,0.59,0
15,Feminin,Rural,Monoparental,Primar,Liceal,154,9,Nu,6.7,0,5.6,Pozitivă,Nu,Bine,Da,0.16,1
18,Masculin,Rural,Ambii părinți,Primar,Universitar,47,34,"Da, frecvent",7.4,4,3.7,Pozitivă,Nu,Neutru,Parțial,0.12,0
15,Feminin,Urban,Ambii părinți,Universitar,Universitar,8,37,Nu,7.9,4,3.0,Pozitivă,Nu,Bine,Nu,0.26,0
18,Masculin,Rural,Ambii părinți,Postliceal,Universitar,29,51,Ocazional,6.5,5,1.3,Neutră,Nu,Neutru,Parțial,0.37,0
19,Feminin,Rural,Ambii părinți,Primar,Universitar,92,12,"Da, frecvent",5.2,2,4.7,Pozitivă,Avertismente,Bine,Parțial,0.43,1
15,Masculin,Rural,Ambii părinți,Liceal,Universitar,35,24,"Da, frecvent",8.9,1,6.7,Pozitivă,Nu,Bine,Da,0.28,0
11,Feminin,Urban,Altă situație,Universitar,Gimnazial,34,12,Nu,8.5,5,0.7,Pozitivă,Nu,Stresat,Parțial,0.83,0
14,Feminin,Urban,Tutore / plasament,Liceal,Gimnazial,85,7,Ocazional,5.1,0,3.6,Neutră,Nu,Neutru,Parțial,0.1,1
12,Feminin,Rural,Ambii părinți,Liceal,Necunoscut,38,63,Nu,7.3,3,1.0,Neutră,Nu,Bine,Nu,0.12,0
15,Masculin,Urban,Ambii părinți,Liceal,Liceal,111,60,Nu,8.5,2,1.3,Neutră,Nu,Bine,Nu,0.19,0
16,Feminin,Rural,Ambii părinți,Gimnazial,Gimnazial,23,3,"Da, frecvent",8.4,3,4.9,Pozitivă,Nu,Izolat,Da,0.93,0
15,Masculin,Urban,Altă situație,Postliceal,Liceal,4,29,Ocazional,6.1,2,4.0,Neutră,Nu,Izolat,Da,0.79,0
12,Feminin,Rural,Ambii părinți,Gimnazial,Postliceal,40,70,Ocazional,8.5,0,3.0,Pozitivă,Nu,Stresat,Parțial,0.72,0
13,Masculin,Rural,Ambii părinți,Liceal,Universitar,45,52,Nu,7.1,3,0.0,Negativă,Nu,Izolat,Parțial,0.8,0
17,Feminin,Rural,Monoparental,Gimnazial,Universitar,22,10,Ocazional,7.6,1,3.3,Neutră,Sancțiuni,Bine,Da,0.81,0
11,Masculin,Urban,Ambii părinți,Primar,Primar,54,76,Nu,5.8,0,3.0,Pozitivă,Nu,Bine,Nu,0.19,0
12,Feminin,Rural,Ambii părinți,Gimnazial,Liceal,5,70,Ocazional,1.1,2,2.9,Negativă,Avertismente,Bine,Parțial,0.73,1
19,Feminin,Urban,Monoparental,Universitar,Primar,55,36,Nu,6.0,1,2.7,Pozitivă,Sancțiuni,Bine,Da,0.59,0
11,Feminin,Urban,Ambii părinți,Gimnazial,Universitar,11,21,"Da, frecvent",7.9,4,2.8,Negativă,Nu,Stresat,Da,0.66,0
14,Feminin,Rural,Ambii părinți,Gimnazial,Gimnazial,8,10,Ocazional,6.8,2,5.2,Pozitivă,Avertismente,Bine,Parțial,0.36,0
12,Feminin,Urban,Ambii părinți,Gimnazial,Liceal,43,27,"Da, frecvent",8.0,3,1.0,Pozitivă,Sancțiuni,Neutru,Nu,0.62,0
11,Altul / prefer să nu spun,Rural,Ambii părinți,Postliceal,Liceal,7,85,Nu,8.6,2,4.8,Neutră,Nu,Bine,Da,0.31,0
14,Feminin,Urban,Altă situație,Liceal,Liceal,2,11,"Da, frecvent",6.6,5,5.6,Pozitivă,Nu,Izolat,Da,0.62,0
15,Feminin,Urban,Ambii părinți,Universitar,Liceal,62,91,Nu,6.5,0,2.0,Neutră,Nu,Stresat,Da,0.44,0
12,Masculin,Rural,Monoparental,Postliceal,Postliceal,13,50,"Da, frecvent",4.0,0,5.9,Pozitivă,Nu,Stresat,Da,0.42,1
11,Feminin,Urban,Ambii părinți,Liceal,Liceal,67,27,"Da, frecvent",4.9,5,4.3,Pozitivă,Nu,Bine,Parțial,0.01,1
12,Feminin,Rural,Monoparental,Postliceal,Gimnazial,31,71,"Da, frecvent",5.2,1,4.7,Pozitivă,Nu,Izolat,Da,0.43,0
16,Masculin,Rural,Altă situație,Primar,Liceal,43,26,Nu,7.9,4,0.0,Negativă,Nu,Izolat,Nu,1.24,0
18,Masculin,Rural,Ambii părinți,Universitar,Liceal,93,23,"Da, frecvent",6.7,3,3.0,Negativă,Nu,Neutru,Da,0.5,0
12,Masculin,Rural,Altă situație,Universitar,Gimnazial,59,61,Nu,6.4,4,0.0,Neutră,Nu,Neutru,Nu,0.35,0
13,Feminin,Rural,Monoparental,Gimnazial,Universitar,68,28,Nu,6.2,3,1.0,Neutră,Nu,Bine,Nu,0.3,1
14,Masculin,Urban,Monoparental,Liceal,Gimnazial,66,26,Nu,6.0,1,2.7,Pozitivă,Nu,Stresat,Da,0.83,1
14,Feminin,Urban,Ambii părinți,Gimnazial,Universitar,20,15,Ocazional,8.4,3,0.0,Pozitivă,Sancțiuni,Izolat,Nu,1.38,0
13,Altul / prefer să nu spun,Rural,Monoparental,Liceal,Gimnazial,56,22,Ocazional,7.2,1,1.7,Negativă,Avertismente,Bine,Parțial,0.52,0
11,Masculin,Rural,Ambii părinți,Universitar,Universitar,15,99,Ocazional,8.5,2,3.1,Neutră,Nu,Bine,Nu,0.2,0
15,Masculin,Rural,Altă situație,Universitar,Gimnazial,56,1,"Da, frecvent",4.0,3,5.0,Neutră,Avertismente,Bine,Da,0.63,0
14,Feminin,Rural,Tutore / plasament,Liceal,Liceal,30,10,Ocazional,7.8,0,2.5,Pozitivă,Avertismente,Altul,Nu,0.75,0
14,Feminin,Rural,Ambii părinți,Postliceal,Gimnazial,36,13,Nu,6.4,0,1.4,Neutră,Avertismente,Neutru,Parțial,0.61,0
13,Masculin,Urban,Tutore / plasament,Postliceal,Liceal,141,25,"Da, frecvent",6.7,4,1.7,Negativă,Avertismente,Altul,Da,0.54,1
19,Masculin,Rural,Tutore / plasament,Gimnazial,Gimnazial,64,21,"Da, frecvent",9.0,0,2.0,Negativă,Nu,Neutru,Nu,0.41,0
16,Masculin,Rural,Ambii părinți,Liceal,Universitar,21,32,Ocazional,6.6,5,1.6,Neutră,Nu,Bine,Nu,0.43,1
14,Masculin,Rural,Ambii părinți,Postliceal,Liceal,5,2,Nu,7.8,3,4.5,Pozitivă,Avertismente,Neutru,Da,0.38,0
12,Masculin,Urban,Ambii părinți,Universitar,Universitar,45,32,"Da, frecvent",5.7,4,1.7,Negativă,Avertismente,Bine,Parțial,0.43,0
18,Feminin,Urban,Ambii părinți,Necunoscut,Postliceal,6,99,Nu,7.2,2,1.8,Neutră,Nu,Neutru,Nu,0.23,0
18,Feminin,Urban,Ambii părinți,Primar,Liceal,37,28,"Da, frecvent",4.9,4,3.7,Pozitivă,Nu,Neutru,Parțial,0.11,0
11,Feminin,Rural,Altă situație,Gimnazial,Universitar,85,22,Ocazional,7.0,1,3.7,Pozitivă,Nu,Neutru,Parțial,0.46,1
19,Feminin,Rural,Ambii părinți,Gimnazial,Gimnazial,9,25,Nu,7.6,3,3.2,Neutră,Nu,Neutru,Da,0.0,0
17,Feminin,Urban,Monoparental,Gimnazial,Liceal,63,19,Ocazional,8.6,1,2.7,Negativă,Nu,Neutru,Da,0.34,0
11,Masculin,Rural,Monoparental,Liceal,Liceal,100,50,Ocazional,6.0,4,0.0,Negativă,Nu,Izolat,Parțial,1.27,1
17,Masculin,Rural,Monoparental,Universitar,Postliceal,67,36,Nu,6.4,2,1.3,Negativă,Nu,Bine,Parțial,0.15,0
11,Masculin,Urban,Ambii părinți,Liceal,Primar,80,34,"Da, frecvent",6.2,4,1.7,Neutră,Nu,Izolat,Parțial,0.82,0
11,Feminin,Rural,Ambii părinți,Postliceal,Liceal,58,71,"Da, frecvent",6.7,5,1.3,Negativă,Nu,Neutru,Parțial,0.22,0
12,Masculin,Rural,Monoparental,Liceal,Postliceal,27,50,Nu,5.8,0,4.0,Pozitivă,Nu,Neutru,Da,0.22,0
15,Masculin,Urban,Ambii părinți,Liceal,Liceal,16,1,Ocazional,4.1,0,5.6,Pozitivă,Nu,Bine,Nu,0.77,1
16,Masculin,Rural,Ambii părinți,Universitar,Gimnazial,19,19,Nu,5.6,2,4.8,Pozitivă,Nu,Bine,Da,0.29,0
14,Masculin,Rural,Monoparental,Postliceal,Liceal,158,6,Nu,7.0,3,0.7,Neutră,Nu,Stresat,Parțial,0.73,0
12,Masculin,Urban,Ambii părinți,Liceal,Universitar,49,12,Ocazional,6.9,5,0.0,Negativă,Nu,Izolat,Nu,0.93,0
12,Masculin,Urban,Ambii părinți,Universitar,Gimnazial,108,15,Ocazional,7.9,2,0.6,Negativă,Nu,Neutru,Nu,0.52,0
18,Feminin,Rural,Ambii părinți,Liceal,Liceal,23,12,Ocazional,8.3,5,2.8,Negativă,Nu,Bine,Da,0.25,0
19,Masculin,Urban,Ambii părinți,Gimnazial,Necunoscut,76,52,"Da, frecvent",6.5,4,0.0,Neutră,Avertismente,Stresat,Nu,0.99,1
17,Feminin,Rural,Monoparental,Liceal,Universitar,14,46,Ocazional,4.9,4,2.5,Neutră,Nu,Izolat,Da,0.32,1
11,Feminin,Rural,Ambii părinți,Postliceal,Primar,32,18,Nu,7.7,5,1.4,Pozitivă,Nu,Stresat,Da,0.55,0
18,Feminin,Rural,Tutore / plasament,Liceal,Liceal,26,44,Nu,7.1,1,1.7,Neutră,Nu,Bine,Nu,0.34,0
17,Masculin,Rural,Tutore / plasament,Universitar,Primar,144,40,Nu,6.7,4,1.7,Neutră,Nu,Neutru,Da,0.35,0
15,Masculin,Rural,Ambii părinți,Liceal,Universitar,17,30,Nu,8.8,4,1.2,Pozitivă,Nu,Izolat,Parțial,0.57,0
12,Masculin,Rural,Ambii părinți,Liceal,Liceal,69,24,"Da, frecvent",7.7,5,3.3,Pozitivă,Nu,Bine,Nu,0.38,0
19,Feminin,Urban,Ambii părinți,Universitar,Liceal,59,57,Ocazional,7.3,1,4.7,Pozitivă,Avertismente,Bine,Da,0.19,0
14,Feminin,Urban,Tutore / plasament,Liceal,Gimnazial,10,26,"Da, frecvent",7.3,4,0.8,Negativă,Nu,Stresat,Nu,0.96,0
11,Masculin,Urban,Monoparental,Liceal,Liceal,109,33,Ocazional,8.3,1,1.7,Neutră,Avertismente,Neutru,Parțial,0.06,1
12,Feminin,Urban,Ambii părinți,Gimnazial,Gimnazial,119,31,Nu,6.1,5,2.3,Pozitivă,Avertismente,Bine,Da,0.9,0
14,Masculin,Urban,Ambii părinți,Liceal,Universitar,49,16,Nu,5.9,3,0.2,Negativă,Nu,Neutru,Parțial,0.39,0
11,Feminin,Urban,Ambii părinți,Liceal,Liceal,42,15,Nu,6.8,5,0.6,Pozitivă,Avertismente,Izolat,Da,1.08,0
13,Masculin,Urban,Ambii părinți,Gimnazial,Liceal,4,22,Ocazional,5.5,3,2.7,Pozitivă,Nu,Izolat,Nu,1.0,1
15,Masculin,Urban,Ambii părinți,Liceal,Universitar,8,52,Ocazional,7.0,0,4.3,Neutră,Nu,Bine,Nu,0.81,1
19,Masculin,Urban,Ambii părinți,Gimnazial,Gimnazial,31,24,"Da, frecvent",7.2,2,4.3,Pozitivă,Nu,Izolat,Da,0.62,1
11,Feminin,Rural,Monoparental,Gimnazial,Gimnazial,15,2,Ocazional,7.0,3,4.6,Pozitivă,Nu,Neutru,Parțial,0.0,0
16,Masculin,Rural,Ambii părinți,Liceal,Liceal,85,36,"Da, frecvent",6.6,3,4.0,Neutră,Nu,Bine,Parțial,0.51,0
19,Masculin,Rural,Ambii părinți,Gimnazial,Universitar,7,17,Nu,9.4,3,4.6,Pozitivă,Nu,Bine,Parțial,0.0,0
18,Masculin,Rural,Monoparental,Postliceal,Primar,7,12,Ocazional,8.4,4,5.5,Pozitivă,Nu,Altul,Da,0.38,0
19,Masculin,Rural,Altă situație,Postliceal,Universitar,64,48,Nu,7.0,3,4.0,Pozitivă,Nu,Bine,Da,0.14,0
12,Feminin,Rural,Ambii părinți,Gimnazial,Liceal,56,47,Nu,7.2,1,2.7,Negativă,Nu,Bine,Da,0.43,0
18,Masculin,Urban,Tutore / plasament,Gimnazial,Liceal,46,30,"Da, frecvent",9.0,0,3.0,Neutră,Nu,Stresat,Parțial,0.44,0
19,Feminin,Rural,Ambii părinți,Liceal,Liceal,76,21,Ocazional,6.3,1,0.0,Negativă,Sancțiuni,Stresat,Da,1.72,0
13,Feminin,Urban,Tutore / plasament,Gimnazial,Primar,21,17,Nu,5.7,0,3.4,Neutră,Nu,Bine,Parțial,0.08,0
15,Masculin,Rural,Ambii părinți,Liceal,Gimnazial,27,6,Nu,7.4,4,0.0,Pozitivă,Sancțiuni,Stresat,Nu,1.12,1
15,Masculin,Rural,Monoparental,Postliceal,Universitar,54,1,"Da, frecvent",7.7,5,4.3,Pozitivă,Nu,Stresat,Da,0.8,0
15,Feminin,Urban,Ambii părinți,Liceal,Liceal,49,19,Ocazional,7.8,5,1.4,Pozitivă,Nu,Stresat,Parțial,0.58,0
13,Feminin,Rural,Altă situație,Liceal,Liceal,16,19,Ocazional,8.3,3,2.7,Neutră,Nu,Stresat,Da,0.78,0
19,Feminin,Urban,Altă situație,Universitar,Universitar,97,11,"Da, frecvent",6.1,5,3.8,Neutră,Nu,Bine,Parțial,0.0,0
19,Feminin,Urban,Ambii părinți,Gimnazial,Primar,10,71,"Da, frecvent",5.1,3,4.2,Neutră,Nu,Izolat,Da,0.73,0
14,Masculin,Urban,Ambii părinți,Universitar,Liceal,29,16,Ocazional,6.3,0,2.2,Neutră,Nu,Neutru,Nu,0.24,0
18,Feminin,Urban,Ambii părinți,Universitar,Liceal,11,30,"Da, frecvent",7.9,3,5.1,Pozitivă,Avertismente,Neutru,Da,0.36,0
14,Masculin,Urban,Ambii părinți,Liceal,Gimnazial,210,36,Ocazional,5.8,3,1.0,Negativă,Nu,Bine,Nu,0.38,1
18,Feminin,Rural,Monoparental,Gimnazial,Universitar,43,40,"Da, frecvent",4.4,3,5.0,Pozitivă,Nu,Neutru,Da,0.31,1
16,Feminin,Rural,Monoparental,Gimnazial,Universitar,14,14,"Da, frecvent",7.3,4,3.8,Neutră,Nu,Bine,Nu,0.29,0
15,Masculin,Rural,Ambii părinți,Universitar,Gimnazial,26,20,Nu,6.3,5,2.3,Pozitivă,Nu,Neutru,Da,0.12,0
12,Feminin,Rural,Ambii părinți,Gimnazial,Universitar,53,28,"Da, frecvent",4.7,1,4.7,Pozitivă,Sancțiuni,Bine,Da,0.58,1
16,Feminin,Urban,Tutore / plasament,Universitar,Primar,85,14,"Da, frecvent",7.2,0,2.3,Neutră,Nu,Stresat,Nu,1.11,0
13,Masculin,Urban,Ambii părinți,Liceal,Necunoscut,15,65,"Da, frecvent",6.6,3,6.8,Pozitivă,Nu,Bine,Da,0.0,0
12,Masculin,Rural,Monoparental,Liceal,Universitar,124,132,"Da, frecvent",9.4,0,1.0,Negativă,Sancțiuni,Neutru,Parțial,0.74,1
12,Masculin,Rural,Ambii părinți,Liceal,Gimnazial,42,35,Ocazional,7.2,2,0.3,Neutră,Sancțiuni,Neutru,Parțial,0.34,0
19,Feminin,Urban,Ambii părinți,Gimnazial,Liceal,65,35,Nu,7.9,5,0.3,Neutră,Avertismente,Neutru,Da,0.46,0
11,Masculin,Urban,Ambii părinți,Liceal,Universitar,24,62,Ocazional,7.1,3,2.0,Pozitivă,Avertismente,Izolat,Da,1.24,0
18,Altul / prefer să nu spun,Rural,Ambii părinți,Universitar,Gimnazial,57,52,"Da, frecvent",6.3,5,0.3,Negativă,Nu,Neutru,Nu,0.13,0
18,Masculin,Rural,Monoparental,Gimnazial,Liceal,22,27,"Da, frecvent",6.4,0,2.2,Negativă,Nu,Stresat,Parțial,0.73,1
11,Feminin,Urban,Ambii părinți,Universitar,Liceal,27,94,Nu,8.6,4,0.7,Pozitivă,Nu,Neutru,Nu,0.31,0
16,Feminin,Urban,Monoparental,Necunoscut,Gimnazial,88,15,"Da, frecvent",8.1,1,1.9,Neutră,Nu,Stresat,Nu,0.97,0
16,Feminin,Urban,Monoparental,Primar,Gimnazial,62,48,"Da, frecvent",5.0,0,0.0,Negativă,Avertismente,Izolat,Nu,1.67,0
14,Feminin,Rural,Ambii părinți,Liceal,Gimnazial,30,20,"Da, frecvent",5.4,1,4.7,Pozitivă,Nu,Neutru,Parțial,0.0,0
17,Masculin,Rural,Ambii părinți,Gimnazial,Postliceal,84,39,Nu,5.4,5,2.3,Pozitivă,Nu,Altul,Da,0.4,1
14,Feminin,Rural,Monoparental,Liceal,Liceal,52,18,Nu,8.6,2,0.0,Negativă,Avertismente,Bine,Nu,0.99,0
14,Feminin,Urban,Monoparental,Necunoscut,Liceal,3,92,"Da, frecvent",4.7,5,2.1,Neutră,Nu,Izolat,Nu,0.86,0
14,Feminin,Rural,Ambii părinți,Universitar,Gimnazial,36,64,"Da, frecvent",8.2,0,3.0,Negativă,Nu,Neutru,Parțial,0.09,0
18,Masculin,Rural,Ambii părinți,Universitar,Gimnazial,86,37,Nu,7.7,3,1.0,Pozitivă,Avertismente,Bine,Nu,0.6,0
16,Feminin,Rural,Monoparental,Gimnazial,Postliceal,154,53,"Da, frecvent",7.3,2,4.3,Neutră,Nu,Neutru,Da,0.33,0
14,Feminin,Rural,Ambii părinți,Liceal,Gimnazial,12,11,Ocazional,6.4,1,7.1,Pozitivă,Nu,Bine,Da,0.15,0
19,Feminin,Urban,Monoparental,Gimnazial,Postliceal,81,5,Nu,8.8,3,2.8,Pozitivă,Nu,Izolat,Da,0.67,0
18,Masculin,Urban,Ambii părinți,Universitar,Liceal,41,14,"Da, frecvent",7.3,3,1.3,Negativă,Nu,Stresat,Parțial,0.73,0
19,Feminin,Rural,Monoparental,Gimnazial,Postliceal,10,90,Ocazional,5.1,0,4.2,Neutră,Nu,Neutru,Parțial,0.28,0
17,Masculin,Rural,Ambii părinți,Gimnazial,Liceal,11,18,Ocazional,5.4,3,4.2,Negativă,Nu,Bine,Da,0.32,0
14,Feminin,Rural,Monoparental,Primar,Universitar,13,55,Ocazional,4.8,1,4.6,Pozitivă,Nu,Altul,Parțial,0.11,0
17,Feminin,Rural,Ambii părinți,Gimnazial,Primar,6,22,Ocazional,8.8,4,2.2,Negativă,Nu,Izolat,Da,0.88,0
13,Feminin,Urban,Ambii părinți,Gimnazial,Universitar,9,23,Ocazional,9.1,1,2.9,Neutră,Nu,Stresat,Parțial,0.58,0
13,Feminin,Urban,Ambii părinți,Primar,Gimnazial,43,18,Ocazional,8.6,1,4.8,Pozitivă,Avertismente,Bine,Da,0.35,0
15,Feminin,Rural,Monoparental,Universitar,Primar,3,17,Ocazional,6.9,5,5.2,Pozitivă,Nu,Neutru,Da,0.0,0
19,Masculin,Urban,Ambii părinți,Universitar,Liceal,16,52,"Da, frecvent",5.1,1,6.3,Pozitivă,Nu,Bine,Parțial,0.04,0
16,Masculin,Rural,Ambii părinți,Gimnazial,Gimnazial,28,17,"Da, frecvent",5.6,0,5.2,Pozitivă,Nu,Izolat,Da,0.38,0
14,Feminin,Urban,Monoparental,Universitar,Liceal,16,17,"Da, frecvent",5.7,3,3.8,Negativă,Avertismente,Bine,Da,0.79,0
15,Feminin,Urban,Ambii părinți,Liceal,Universitar,7,27,Ocazional,7.0,3,4.4,Negativă,Nu,Bine,Da,0.23,0
13,Masculin,Rural,Ambii părinți,Universitar,Universitar,40,20,Ocazional,9.0,3,1.0,Pozitivă,Sancțiuni,Bine,Nu,0.63,0
16,Feminin,Urban,Monoparental,Liceal,Liceal,17,12,Ocazional,9.0,2,5.3,Pozitivă,Nu,Neutru,Da,0.14,0
14,Feminin,Rural,Monoparental,Liceal,Necunoscut,35,48,Ocazional,6.4,0,4.0,Pozitivă,Avertismente,Neutru,Da,0.36,0
15,Feminin,Rural,Tutore / plasament,Liceal,Liceal,69,32,Nu,4.0,1,0.0,Negativă,Nu,Izolat,Nu,0.89,1
14,Feminin,Rural,Ambii părinți,Gimnazial,Primar,20,16,Ocazional,5.5,0,3.5,Neutră,Nu,Izolat,Da,0.74,1
13,Feminin,Rural,Ambii părinți,Liceal,Universitar,21,12,Nu,8.8,5,2.0,Neutră,Nu,Bine,Parțial,0.49,0
19,Altul / prefer să nu spun,Rural,Monoparental,Universitar,Gimnazial,9,63,"Da, frecvent",7.4,1,4.9,Neutră,Nu,Bine,Nu,0.51,0
14,Altul / prefer să nu spun,Rural,Ambii părinți,Universitar,Gimnazial,85,7,Nu,6.6,3,1.6,Negativă,Avertismente,Bine,Da,0.93,0
11,Masculin,Urban,Monoparental,Liceal,Primar,41,43,Ocazional,6.5,1,1.7,Pozitivă,Nu,Stresat,Nu,0.67,0
14,Feminin,Urban,Ambii părinți,Liceal,Gimnazial,81,2,Nu,6.0,3,0.9,Pozitivă,Avertismente,Izolat,Parțial,1.02,1
15,Feminin,Rural,Tutore / plasament,Universitar,Gimnazial,92,29,Nu,5.4,0,2.0,Neutră,Nu,Bine,Nu,0.31,1
11,Feminin,Rural,Monoparental,Primar,Gimnazial,20,30,"Da, frecvent",10.0,0,3.3,Negativă,Nu,Bine,Nu,0.81,0
13,Feminin,Rural,Ambii părinți,Primar,Liceal,76,6,Nu,9.5,1,0.4,Neutră,Nu,Izolat,Nu,1.07,0
12,Feminin,Rural,Ambii părinți,Liceal,Universitar,45,6,Ocazional,5.9,1,3.4,Negativă,Nu,Neutru,Da,0.32,0
15,Feminin,Rural,Ambii părinți,Gimnazial,Universitar,22,31,Nu,4.6,1,0.8,Negativă,Nu,Neutru,Parțial,0.0,1
17,Feminin,Urban,Ambii părinți,Liceal,Gimnazial,18,6,Ocazional,7.3,1,6.9,Pozitivă,Nu,Bine,Da,0.0,0
19,Feminin,Rural,Monoparental,Gimnazial,Gimnazial,40,73,"Da, frecvent",6.9,4,3.7,Neutră,Nu,Bine,Parțial,0.26,1
14,Feminin,Urban,Ambii părinți,Liceal,Liceal,49,17,Nu,8.0,2,0.0,Negativă,Avertismente,Bine,Nu,0.84,0
18,Masculin,Urban,Ambii părinți,Postliceal,Gimnazial,2,83,"Da, frecvent",8.3,0,6.8,Pozitivă,Nu,Stresat,Da,0.68,0
12,Feminin,Rural,Ambii părinți,Universitar,Liceal,25,70,Ocazional,5.5,5,0.3,Neutră,Nu,Stresat,Parțial,0.81,1
18,Masculin,Rural,Monoparental,Postliceal,Liceal,47,24,"Da, frecvent",8.9,3,5.0,Pozitivă,Nu,Bine,Parțial,0.35,0
16,Feminin,Urban,Ambii părinți,Liceal,Universitar,58,32,"Da, frecvent",6.6,2,3.3,Negativă,Nu,Neutru,Da,0.21,0
17,Masculin,Rural,Ambii părinți,Universitar,Gimnazial,34,9,Nu,8.0,3,2.6,Pozitivă,Avertismente,Bine,Parțial,0.61,0
17,Feminin,Rural,Tutore / plasament,Postliceal,Postliceal,56,18,Nu,6.7,1,2.8,Pozitivă,Sancțiuni,Bine,Da,0.79,1
15,Masculin,Rural,Ambii părinți,Liceal,Postliceal,18,82,Nu,8.4,2,1.8,Neutră,Avertismente,Bine,Parțial,0.76,0
13,Feminin,Rural,Ambii părinți,Gimnazial,Universitar,55,55,Nu,3.8,0,4.0,Neutră,Nu,Bine,Da,0.05,0
15,Feminin,Urban,Altă situație,Postliceal,Gimnazial,49,21,Ocazional,8.1,4,0.7,Pozitivă,Avertismente,Altul,Nu,0.75,0
18,Masculin,Rural,Ambii părinți,Liceal,Universitar,91,32,Nu,5.9,2,4.3,Pozitivă,Nu,Bine,Da,0.29,1
19,Feminin,Urban,Tutore / plasament,Postliceal,Universitar,129,14,Ocazional,7.2,4,2.0,Negativă,Nu,Bine,Parțial,0.35,1
19,Feminin,Urban,Monoparental,Universitar,Gimnazial,92,20,Ocazional,8.8,0,0.0,Negativă,Avertismente,Stresat,Parțial,1.21,0
12,Masculin,Urban,Monoparental,Universitar,Liceal,30,42,Nu,6.0,0,2.0,Neutră,Avertismente,Bine,Parțial,0.19,1
16,Feminin,Urban,Ambii părinți,Universitar,Postliceal,10,20,Nu,5.8,2,4.5,Pozitivă,Nu,Bine,Parțial,0.0,0
11,Masculin,Rural,Ambii părinți,Postliceal,Gimnazial,16,48,Nu,6.6,0,1.7,Neutră,Avertismente,Bine,Nu,0.57,0
17,Masculin,Urban,Ambii părinți,Universitar,Liceal,126,6,Ocazional,6.5,5,3.0,Neutră,Avertismente,Bine,Da,0.27,0
19,Feminin,Rural,Ambii părinți,Universitar,Liceal,42,42,Ocazional,5.6,0,5.0,Pozitivă,Nu,Bine,Parțial,0.17,1
11,Feminin,Urban,Ambii părinți,Primar,Universitar,50,10,Ocazional,7.2,3,3.5,Pozitivă,Nu,Stresat,Da,0.86,0
16,Feminin,Urban,Ambii părinți,Postliceal,Primar,81,23,Nu,7.3,2,1.3,Pozitivă,Avertismente,Neutru,Parțial,0.42,0
19,Masculin,Rural,Monoparental,Gimnazial,Liceal,39,13,Ocazional,7.7,1,4.0,Pozitivă,Nu,Bine,Nu,0.0,0
18,Feminin,Rural,Ambii părinți,Gimnazial,Gimnazial,104,42,"Da, frecvent",6.0,0,3.0,Neutră,Nu,Stresat,Parțial,0.68,0
14,Feminin,Rural,Monoparental,Gimnazial,Postliceal,8,7,"Da, frecvent",5.8,1,8.6,Pozitivă,Nu,Bine,Da,0.2,0
11,Feminin,Rural,Tutore / plasament,Liceal,Postliceal,60,48,Ocazional,6.9,0,3.0,Neutră,Avertismente,Neutru,Da,0.54,0
19,Masculin,Urban,Monoparental,Primar,Liceal,158,27,"Da, frecvent",6.8,3,3.0,Neutră,Avertismente,Bine,Parțial,0.37,1
19,Masculin,Rural,Monoparental,Gimnazial,Liceal,111,22,Ocazional,6.8,1,4.7,Neutră,Nu,Bine,Da,0.0,0
16,Masculin,Rural,Monoparental,Primar,Gimnazial,116,15,"Da, frecvent",6.1,0,3.2,Neutră,Avertismente,Neutru,Parțial,0.66,1
19,Masculin,Urban,Ambii părinți,Postliceal,Gimnazial,7,18,"Da, frecvent",7.6,0,6.5,Neutră,Nu,Bine,Parțial,0.21,0
11,Masculin,Rural,Ambii părinți,Universitar,Postliceal,48,69,Nu,5.8,5,1.3,Pozitivă,Nu,Bine,Nu,0.23,0
16,Feminin,Rural,Tutore / plasament,Necunoscut,Gimnazial,35,15,Ocazional,6.9,1,4.9,Pozitivă,Nu,Neutru,Da,0.0,0
11,Masculin,Rural,Monoparental,Liceal,Universitar,16,69,Nu,6.7,3,0.7,Neutră,Nu,Izolat,Parțial,0.74,1
19,Masculin,Rural,Monoparental,Gimnazial,Postliceal,49,87,"Da, frecvent",7.1,2,5.3,Pozitivă,Nu,Neutru,Da,0.0,0
17,Feminin,Rural,Altă situație,Universitar,Universitar,10,21,"Da, frecvent",8.8,2,7.5,Pozitivă,Nu,Bine,Da,0.22,0
19,Masculin,Urban,Ambii părinți,Gimnazial,Gimnazial,56,5,"Da, frecvent",5.3,5,5.1,Pozitivă,Nu,Bine,Parțial,0.18,0
16,Masculin,Rural,Ambii părinți,Necunoscut,Liceal,14,57,"Da, frecvent",3.8,4,4.5,Pozitivă,Nu,Neutru,Parțial,0.52,1
11,Feminin,Urban,Monoparental,Postliceal,Primar,54,56,"Da, frecvent",6.3,3,5.0,Pozitivă,Nu,Bine,Parțial,0.14,0
11,Feminin,Urban,Ambii părinți,Liceal,Universitar,17,70,Ocazional,5.5,1,3.2,Neutră,Nu,Bine,Nu,0.71,1
14,Feminin,Urban,Ambii părinți,Gimnazial,Postliceal,29,25,"Da, frecvent",2.9,5,3.3,Neutră,Nu,Neutru,Da,0.16,1
17,Masculin,Rural,Monoparental,Primar,Liceal,26,35,Nu,9.5,0,3.0,Neutră,Nu,Altul,Da,0.03,0
12,Feminin,Rural,Ambii părinți,Liceal,Postliceal,34,18,Ocazional,7.9,3,2.1,Pozitivă,Avertismente,Stresat,Da,0.86,0
18,Masculin,Rural,Ambii părinți,Liceal,Gimnazial,38,17,"Da, frecvent",8.0,3,4.2,Neutră,Avertismente,Bine,Da,0.34,0
13,Feminin,Rural,Monoparental,Universitar,Liceal,26,33,Nu,6.7,5,1.3,Pozitivă,Nu,Stresat,Da,0.78,0
15,Masculin,Rural,Ambii părinți,Postliceal,Universitar,13,60,Ocazional,7.7,0,3.9,Neutră,Nu,Neutru,Parțial,0.17,0
12,Feminin,Rural,Tutore / plasament,Liceal,Gimnazial,96,50,"Da, frecvent",6.5,1,3.7,Pozitivă,Nu,Stresat,Parțial,0.37,0
15,Masculin,Urban,Ambii părinți,Gimnazial,Universitar,39,28,Ocazional,8.2,0,5.0,Pozitivă,Nu,Neutru,Da,0.33,0
15,Feminin,Rural,Tutore / plasament,Liceal,Universitar,50,64,Ocazional,7.4,1,1.7,Neutră,Nu,Stresat,Parțial,0.97,0
11,Feminin,Urban,Ambii părinți,Gimnazial,Universitar,26,7,Ocazional,7.0,5,5.0,Pozitivă,Nu,Bine,Da,0.0,0
16,Feminin,Urban,Ambii părinți,Postliceal,Universitar,215,142,Nu,7.2,0,3.0,Pozitivă,Nu,Stresat,Da,0.88,1
18,Feminin,Urban,Ambii părinți,Liceal,Gimnazial,42,8,"Da, frecvent",9.2,4,4.3,Pozitivă,Nu,Neutru,Parțial,0.45,0
19,Feminin,Urban,Ambii părinți,Universitar,Liceal,100,26,Ocazional,7.3,5,0.0,Negativă,Nu,Neutru,Nu,0.23,0
13,Masculin,Rural,Ambii părinți,Liceal,Gimnazial,29,33,Nu,5.7,0,0.0,Negativă,Nu,Neutru,Nu,0.47,1
18,Masculin,Rural,Monoparental,Gimnazial,Universitar,62,34,Ocazional,7.6,2,4.3,Neutră,Nu,Bine,Da,0.0,0
18,Masculin,Urban,Monoparental,Universitar,Gimnazial,33,59,Nu,7.8,5,1.3,Pozitivă,Nu,Neutru,Parțial,0.33,0
19,Masculin,Rural,Ambii părinți,Postliceal,Universitar,87,12,Nu,6.9,4,3.1,Pozitivă,Nu,Bine,Parțial,0.08,1
14,Feminin,Urban,Monoparental,Postliceal,Gimnazial,23,36,Ocazional,7.0,0,0.1,Negativă,Sancțiuni,Bine,Nu,0.82,1
18,Masculin,Urban,Tutore / plasament,Liceal,Gimnazial,11,47,Ocazional,5.6,5,4.4,Pozitivă,Nu,Neutru,Da,0.23,0
16,Masculin,Urban,Monoparental,Universitar,Primar,49,66,Ocazional,7.2,4,2.7,Pozitivă,Avertismente,Neutru,Da,0.78,0
11,Feminin,Urban,Ambii părinți,Gimnazial,Postliceal,92,21,"Da, frecvent",5.4,1,2.7,Negativă,Nu,Bine,Nu,0.54,0
13,Masculin,Urban,Ambii părinți,Liceal,Gimnazial,34,30,Ocazional,6.7,2,4.3,Pozitivă,Avertismente,Bine,Da,0.42,0
17,Feminin,Urban,Tutore / plasament,Universitar,Gimnazial,23,27,"Da, frecvent",6.2,1,1.7,Negativă,Nu,Neutru,Nu,0.5,0
12,Masculin,Urban,Ambii părinți,Gimnazial,Gimnazial,8,45,Ocazional,8.5,3,3.3,Neutră,Nu,Altul,Parțial,0.27,0
14,Masculin,Urban,Ambii părinți,Universitar,Gimnazial,93,46,Ocazional,9.3,4,0.7,Negativă,Nu,Neutru,Parțial,0.11,0
17,Masculin,Rural,Monoparental,Liceal,Universitar,15,20,Nu,5.5,4,1.4,Neutră,Nu,Stresat,Da,0.7,0
12,Feminin,Urban,Ambii părinți,Gimnazial,Liceal,26,26,"Da, frecvent",7.1,5,1.3,Pozitivă,Avertismente,Neutru,Nu,0.53,0
15,Masculin,Urban,Monoparental,Primar,Gimnazial,25,28,Ocazional,6.7,0,5.0,Neutră,Nu,Bine,Da,0.0,0
12,Feminin,Rural,Ambii părinți,Universitar,Gimnazial,37,10,Ocazional,7.8,5,2.8,Negativă,Nu,Bine,Da,0.0,1
15,Masculin,Urban,Monoparental,Universitar,Primar,62,38,Ocazional,7.2,5,2.3,Neutră,Avertismente,Bine,Da,0.41,0
13,Feminin,Rural,Altă situație,Gimnazial,Liceal,170,36,"Da, frecvent",6.6,2,2.3,Negativă,Nu,Izolat,Da,1.09,1
19,Masculin,Urban,Altă situație,Gimnazial,Gimnazial,51,10,Ocazional,7.2,0,3.5,Negativă,Nu,Bine,Parțial,0.0,0
11,Masculin,Rural,Tutore / plasament,Gimnazial,Primar,8,40,Ocazional,6.8,1,4.0,Neutră,Sancțiuni,Bine,Da,0.6,0
19,Feminin,Rural,Tutore / plasament,Gimnazial,Gimnazial,35,156,"Da, frecvent",9.3,5,0.0,Negativă,Sancțiuni,Stresat,Parțial,1.13,0
18,Feminin,Rural,Ambii părinți,Postliceal,Gimnazial,52,13,Ocazional,6.0,0,3.4,Pozitivă,Nu,Stresat,Parțial,0.51,0
18,Masculin,Rural,Altă situație,Gimnazial,Universitar,105,10,"Da, frecvent",7.5,0,3.5,Negativă,Nu,Neutru,Parțial,0.41,0
18,Feminin,Urban,Tutore / plasament,Gimnazial,Primar,96,47,Ocazional,7.8,0,3.0,Negativă,Nu,Bine,Parțial,0.59,0
12,Feminin,Urban,Ambii părinți,Primar,Postliceal,34,20,Nu,7.7,1,3.7,Pozitivă,Nu,Altul,Da,0.42,0
19,Feminin,Urban,Ambii părinți,Liceal,Liceal,41,60,"Da, frecvent",6.7,4,0.7,Neutră,Sancțiuni,Bine,Nu,0.75,0
16,Feminin,Rural,Ambii părinți,Postliceal,Universitar,47,25,"Da, frecvent",9.0,0,6.0,Neutră,Nu,Bine,Da,0.14,0
19,Masculin,Urban,Ambii părinți,Postliceal,Gimnazial,42,16,Nu,4.2,5,0.0,Neutră,Nu,Izolat,Parțial,0.77,1
18,Masculin,Urban,Monoparental,Liceal,Universitar,35,25,"Da, frecvent",5.6,2,1.3,Pozitivă,Avertismente,Izolat,Nu,1.7,0
16,Feminin,Rural,Ambii părinți,Universitar,Universitar,132,46,Ocazional,8.0,3,1.0,Neutră,Nu,Altul,Nu,0.3,0
14,Feminin,Urban,Ambii părinți,Liceal,Necunoscut,19,44,Ocazional,5.9,3,1.4,Neutră,Sancțiuni,Neutru,Da,0.7,1
12,Feminin,Urban,Ambii părinți,Universitar,Universitar,83,6,Ocazional,5.8,4,3.4,Pozitivă,Nu,Izolat,Da,0.59,0
11,Feminin,Rural,Ambii părinți,Postliceal,Gimnazial,71,46,Ocazional,6.4,3,1.0,Negativă,Nu,Bine,Nu,0.4,0
14,Masculin,Urban,Altă situație,Gimnazial,Universitar,33,29,Ocazional,6.0,0,0.0,Neutră,Sancțiuni,Izolat,Nu,1.57,1
18,Feminin,Rural,Ambii părinți,Universitar,Universitar,17,31,Nu,8.0,4,1.2,Pozitivă,Nu,Stresat,Parțial,0.7,0
15,Masculin,Rural,Ambii părinți,Liceal,Gimnazial,39,38,Ocazional,8.4,0,3.0,Negativă,Nu,Neutru,Da,0.39,0
15,Masculin,Rural,Ambii părinți,Postliceal,Gimnazial,64,9,Ocazional,7.2,3,5.6,Pozitivă,Nu,Bine,Da,0.25,0
13,Masculin,Urban,Tutore / plasament,Gimnazial,Universitar,10,6,Nu,8.6,5,0.2,Pozitivă,Avertismente,Stresat,Nu,1.09,0
16,Masculin,Urban,Tutore / plasament,Liceal,Gimnazial,50,6,"Da, frecvent",5.2,3,5.7,Pozitivă,Nu,Neutru,Da,0.07,1
16,Feminin,Rural,Ambii părinți,Universitar,Universitar,48,57,Nu,7.2,2,0.0,Negativă,Avertismente,Altul,Nu,0.78,0
19,Feminin,Rural,Ambii părinți,Gimnazial,Liceal,12,56,Nu,9.0,1,0.0,Negativă,Sancțiuni,Izolat,Da,1.31,0
17,Feminin,Rural,Ambii părinți,Primar,Postliceal,16,1,Nu,8.5,4,1.3,Neutră,Nu,Stresat,Parțial,0.77,0
16,Masculin,Urban,Ambii părinți,Gimnazial,Gimnazial,46,26,"Da, frecvent",9.1,3,6.0,Pozitivă,Nu,Bine,Da,0.04,0
19,Masculin,Urban,Monoparental,Liceal,Postliceal,5,17,Ocazional,6.3,4,4.4,Pozitivă,Nu,Stresat,Da,1.06,0
14,Feminin,Urban,Ambii părinți,Universitar,Liceal,67,11,Nu,8.4,5,0.0,Neutră,Sancțiuni,Stresat,Da,1.05,0
19,Feminin,Urban,Ambii părinți,Postliceal,Universitar,30,66,"Da, frecvent",6.5,3,2.0,Neutră,Nu,Neutru,Nu,0.37,0
14,Feminin,Urban,Ambii părinți,Universitar,Gimnazial,37,76,Ocazional,7.9,2,2.3,Pozitivă,Sancțiuni,Bine,Parțial,0.74,0
12,Masculin,Rural,Ambii părinți,Liceal,Gimnazial,40,32,"Da, frecvent",8.9,3,2.0,Pozitivă,Avertismente,Stresat,Parțial,0.89,0
14,Masculin,Urban,Ambii părinți,Liceal,Gimnazial,9,16,"Da, frecvent",6.0,2,3.8,Negativă,Nu,Bine,Nu,0.46,0
12,Masculin,Rural,Ambii părinți,Gimnazial,Primar,40,19,Nu,4.5,1,3.7,Neutră,Nu,Bine,Da,0.2,1
12,Masculin,Rural,Ambii părinți,Gimnazial,Necunoscut,61,9,Nu,9.7,2,2.9,Pozitivă,Nu,Bine,Nu,0.08,0
18,Feminin,Urban,Ambii părinți,Postliceal,Gimnazial,18,19,"Da, frecvent",7.8,2,4.9,Negativă,Nu,Bine,Da,0.31,0
18,Masculin,Rural,Ambii părinți,Gimnazial,Gimnazial,16,12,"Da, frecvent",7.0,1,6.7,Pozitivă,Nu,Neutru,Da,0.52,0
12,Masculin,Rural,Altă situație,Gimnazial,Universitar,162,72,Ocazional,6.9,1,3.7,Neutră,Nu,Bine,Parțial,0.48,0
18,Feminin,Urban,Ambii părinți,Universitar,Gimnazial,14,4,"Da, frecvent",4.2,3,4.6,Pozitivă,Nu,Neutru,Nu,0.51,1
11,Masculin,Rural,Ambii părinți,Liceal,Gimnazial,24,52,Ocazional,7.4,0,0.0,Negativă,Avertismente,Izolat,Parțial,1.46,0
13,Feminin,Rural,Ambii părinți,Primar,Postliceal,114,11,Nu,6.4,0,4.4,Pozitivă,Nu,Neutru,Da,0.24,0
17,Masculin,Rural,Monoparental,Postliceal,Liceal,5,45,Ocazional,7.2,4,1.3,Negativă,Nu,Neutru,Nu,0.47,0
13,Masculin,Rural,Tutore / plasament,Liceal,Universitar,33,24,Nu,7.1,5,0.3,Neutră,Nu,Bine,Nu,0.65,1
17,Masculin,Rural,Monoparental,Universitar,Liceal,60,53,"Da, frecvent",2.4,1,4.7,Pozitivă,Nu,Neutru,Parțial,0.0,1
18,Masculin,Urban,Ambii părinți,Postliceal,Gimnazial,35,7,"Da, frecvent",7.8,0,5.6,Pozitivă,Nu,Neutru,Parțial,0.32,0
11,Feminin,Rural,Monoparental,Primar,Liceal,4,15,Nu,7.4,2,2.2,Negativă,Nu,Izolat,Da,0.81,0
11,Masculin,Rural,Ambii părinți,Gimnazial,Universitar,10,20,"Da, frecvent",7.6,1,5.8,Pozitivă,Nu,Izolat,Da,0.62,0
19,Masculin,Rural,Tutore / plasament,Gimnazial,Liceal,3,29,"Da, frecvent",6.8,5,4.1,Pozitivă,Avertismente,Neutru,Parțial,0.6,0
15,Masculin,Rural,Monoparental,Postliceal,Postliceal,31,28,Ocazional,7.2,0,5.0,Neutră,Nu,Bine,Da,0.52,0
15,Masculin,Rural,Ambii părinți,Liceal,Liceal,52,9,"Da, frecvent",7.3,3,3.6,Pozitivă,Nu,Stresat,Parțial,0.96,0
15,Feminin,Rural,Ambii părinți,Postliceal,Liceal,18,6,Ocazional,7.5,2,2.5,Neutră,Avertismente,Altul,Parțial,0.56,0
14,Masculin,Urban,Ambii părinți,Liceal,Postliceal,26,21,Nu,7.8,2,1.3,Neutră,Nu,Altul,Parțial,0.16,0
17,Masculin,Rural,Ambii părinți,Liceal,Primar,26,26,"Da, frecvent",7.5,4,0.7,Pozitivă,Sancțiuni,Altul,Nu,0.84,0
16,Feminin,Urban,Monoparental,Gimnazial,Liceal,99,20,Ocazional,9.7,1,5.7,Pozitivă,Nu,Bine,Da,0.4,0
12,Feminin,Rural,Ambii părinți,Gimnazial,Gimnazial,45,4,"Da, frecvent",6.1,5,1.1,Pozitivă,Sancțiuni,Izolat,Parțial,0.73,1
16,Masculin,Rural,Monoparental,Liceal,Postliceal,40,27,Nu,6.6,5,1.3,Negativă,Nu,Bine,Da,0.33,0
17,Masculin,Rural,Altă situație,Liceal,Liceal,87,39,"Da, frecvent",9.5,2,4.3,Pozitivă,Sancțiuni,Bine,Da,0.31,0
12,Masculin,Urban,Ambii părinți,Universitar,Gimnazial,7,32,Nu,6.9,2,2.8,Neutră,Nu,Stresat,Da,0.66,0
14,Feminin,Rural,Ambii părinți,Gimnazial,Primar,44,23,"Da, frecvent",8.4,1,5.7,Neutră,Nu,Bine,Da,0.0,0
18,Altul / prefer să nu spun,Urban,Ambii părinți,Postliceal,Universitar,21,30,Nu,7.3,4,0.0,Neutră,Avertismente,Neutru,Parțial,0.17,0
16,Feminin,Urban,Monoparental,Gimnazial,Gimnazial,111,13,Nu,6.8,4,4.0,Pozitivă,Nu,Bine,Da,0.0,1
12,Masculin,Urban,Ambii părinți,Postliceal,Gimnazial,88,66,Nu,8.5,2,2.3,Pozitivă,Nu,Bine,Nu,0.25,0
11,Feminin,Rural,Ambii părinți,Primar,Gimnazial,21,17,Nu,7.8,4,3.1,Neutră,Nu,Bine,Da,0.26,1
16,Masculin,Urban,Ambii părinți,Postliceal,Liceal,28,40,"Da, frecvent",5.0,2,3.3,Neutră,Avertismente,Neutru,Da,0.35,0
15,Masculin,Rural,Tutore / plasament,Gimnazial,Gimnazial,13,22,Ocazional,7.3,4,1.6,Neutră,Avertismente,Bine,Nu,0.54,0
19,Masculin,Urban,Ambii părinți,Gimnazial,Universitar,76,54,Ocazional,5.7,4,2.7,Pozitivă,Avertismente,Neutru,Da,0.57,1
15,Masculin,Rural,Ambii părinți,Liceal,Postliceal,63,16,"Da, frecvent",8.9,2,3.5,Neutră,Nu,Neutru,Parțial,0.2,0
19,Feminin,Rural,Altă situație,Liceal,Primar,29,55,Ocazional,9.6,3,2.0,Pozitivă,Sancțiuni,Bine,Parțial,0.81,0
12,Masculin,Rural,Ambii părinți,Liceal,Liceal,29,72,Ocazional,9.7,3,0.0,Neutră,Avertismente,Izolat,Parțial,1.22,0
15,Masculin,Rural,Ambii părinți,Gimnazial,Gimnazial,23,12,Ocazional,7.6,0,5.5,Neutră,Nu,Bine,Da,0.0,0
12,Feminin,Rural,Ambii părinți,Universitar,Primar,105,50,Nu,6.5,0,3.0,Pozitivă,Nu,Izolat,Da,0.58,0
16,Masculin,Rural,Ambii părinți,Gimnazial,Liceal,32,84,Nu,7.6,1,0.0,Negativă,Nu,Altul,Nu,0.68,0
12,Masculin,Rural,Ambii părinți,Liceal,Gimnazial,24,34,Ocazional,5.8,1,0.7,Neutră,Nu,Izolat,Nu,0.74,0
15,Masculin,Urban,Monoparental,Universitar,Universitar,70,62,Ocazional,10.0,1,3.7,Pozitivă,Nu,Neutru,Parțial,0.09,0
14,Masculin,Urban,Monoparental,Postliceal,Liceal,27,73,Ocazional,8.8,5,2.3,Pozitivă,Nu,Stresat,Da,0.39,0
12,Feminin,Rural,Ambii părinți,Liceal,Gimnazial,79,56,Ocazional,7.5,3,3.0,Neutră,Nu,Bine,Parțial,0.0,0
11,Masculin,Rural,Ambii părinți,Liceal,Necunoscut,125,13,"Da, frecvent",8.5,0,2.4,Negativă,Nu,Izolat,Parțial,1.13,1
15,Feminin,Rural,Ambii părinți,Gimnazial,Liceal,18,38,Ocazional,6.4,5,4.8,Pozitivă,Nu,Bine,Da,0.18,0
19,Feminin,Rural,Monoparental,Liceal,Gimnazial,57,42,Ocazional,5.5,1,1.7,Pozitivă,Avertismente,Neutru,Nu,0.59,1
12,Feminin,Urban,Monoparental,Liceal,Liceal,18,3,"Da, frecvent",4.0,5,2.7,Neutră,Nu,Neutru,Nu,0.26,1
14,Feminin,Rural,Monoparental,Universitar,Universitar,173,24,"Da, frecvent",7.2,1,4.7,Pozitivă,Nu,Stresat,Da,1.01,0
13,Feminin,Rural,Monoparental,Universitar,Liceal,42,30,"Da, frecvent",6.8,0,4.0,Pozitivă,Avertismente,Stresat,Da,0.93,0
18,Masculin,Rural,Tutore / plasament,Gimnazial,Liceal,63,40,Ocazional,7.8,0,6.0,Pozitivă,Nu,Bine,Da,0.24,0
14,Feminin,Rural,Monoparental,Gimnazial,Liceal,1,10,"Da, frecvent",7.1,2,6.8,Neutră,Nu,Bine,Parțial,0.31,0
19,Feminin,Rural,Ambii părinți,Liceal,Gimnazial,23,22,Nu,7.8,5,0.0,Pozitivă,Sancțiuni,Stresat,Parțial,1.31,1
13,Feminin,Rural,Altă situație,Liceal,Gimnazial,7,32,Ocazional,8.2,3,4.4,Pozitivă,Nu,Altul,Parțial,0.0,0
11,Masculin,Rural,Tutore / plasament,Liceal,Liceal,42,18,"Da, frecvent",5.1,0,5.1,Pozitivă,Avertismente,Bine,Parțial,0.25,1
16,Feminin,Urban,Ambii părinți,Liceal,Universitar,129,3,Nu,8.3,1,1.5,Pozitivă,Sancțiuni,Stresat,Da,0.85,1
16,Feminin,Rural,Ambii părinți,Liceal,Postliceal,74,68,Ocazional,6.5,2,2.3,Negativă,Nu,Neutru,Da,0.48,1
19,Masculin,Rural,Ambii părinți,Universitar,Gimnazial,59,107,"Da, frecvent",7.8,3,5.0,Pozitivă,Avertismente,Bine,Da,0.86,1
18,Feminin,Rural,Ambii părinți,Liceal,Liceal,24,36,Nu,8.5,5,2.3,Pozitivă,Nu,Bine,Parțial,0.29,0
18,Masculin,Urban,Monoparental,Gimnazial,Primar,9,36,Nu,8.5,0,0.0,Negativă,Sancțiuni,Stresat,Nu,1.33,0
16,Feminin,Rural,Ambii părinți,Gimnazial,Gimnazial,34,26,Ocazional,7.3,0,4.0,Negativă,Nu,Bine,Da,0.56,0
14,Feminin,Urban,Ambii părinți,Liceal,Postliceal,65,6,"Da, frecvent",7.3,4,0.0,Negativă,Avertismente,Izolat,Nu,1.37,1
14,Feminin,Rural,Ambii părinți,Gimnazial,Gimnazial,13,4,Nu,8.3,0,6.7,Pozitivă,Nu,Bine,Da,0.0,0
12,Masculin,Urban,Tutore / plasament,Gimnazial,Universitar,73,64,"Da, frecvent",5.0,4,2.7,Neutră,Nu,Neutru,Parțial,0.09,0
14,Feminin,Urban,Ambii părinți,Liceal,Liceal,44,98,Ocazional,5.8,2,3.3,Neutră,Avertismente,Bine,Da,0.4,0
14,Masculin,Rural,Monoparental,Postliceal,Postliceal,16,39,Nu,6.7,2,0.0,Neutră,Sancțiuni,Stresat,Da,0.92,0
11,Feminin,Urban,Ambii părinți,Universitar,Universitar,4,18,Nu,5.2,0,5.8,Pozitivă,Nu,Bine,Parțial,0.37,0
12,Masculin,Urban,Ambii părinți,Liceal,Postliceal,6,22,Ocazional,6.7,4,4.2,Pozitivă,Nu,Bine,Nu,0.26,0
15,Feminin,Rural,Ambii părinți,Gimnazial,Universitar,33,43,"Da, frecvent",6.6,1,3.7,Pozitivă,Sancțiuni,Neutru,Da,0.21,0
14,Feminin,Rural,Ambii părinți,Liceal,Universitar,94,62,"Da, frecvent",7.2,0,5.0,Neutră,Nu,Neutru,Da,0.26,0
19,Feminin,Urban,Monoparental,Liceal,Liceal,16,26,Nu,7.0,3,2.7,Pozitivă,Nu,Neutru,Parțial,0.0,0
15,Masculin,Rural,Monoparental,Necunoscut,Gimnazial,104,20,Nu,8.6,0,3.0,Neutră,Nu,Bine,Parțial,0.0,1
19,Feminin,Rural,Ambii părinți,Liceal,Gimnazial,4,10,Nu,7.9,1,3.8,Neutră,Sancțiuni,Bine,Da,0.63,0
16,Masculin,Rural,Ambii părinți,Postliceal,Universitar,39,16,"Da, frecvent",7.0,1,2.9,Negativă,Sancțiuni,Bine,Da,0.57,1
11,Masculin,Urban,Monoparental,Universitar,Primar,35,41,Nu,6.6,3,1.0,Negativă,Nu,Bine,Parțial,0.27,1
12,Altul / prefer să nu spun,Urban,Monoparental,Liceal,Universitar,53,34,"Da, frecvent",7.0,4,3.7,Neutră,Avertismente,Bine,Da,0.51,0
17,Feminin,Rural,Ambii părinți,Gimnazial,Gimnazial,43,32,"Da, frecvent",7.1,5,5.3,Pozitivă,Nu,Bine,Da,0.1,0
15,Masculin,Rural,Monoparental,Liceal,Postliceal,24,10,Nu,10.0,5,0.8,Negativă,Nu,Neutru,Da,0.27,0
13,Masculin,Urban,Ambii părinți,Liceal,Liceal,24,21,Ocazional,5.1,1,3.7,Pozitivă,Avertismente,Bine,Parțial,0.08,0
15,Masculin,Rural,Ambii părinți,Liceal,Universitar,81,51,Ocazional,5.8,1,2.7,Pozitivă,Nu,Neutru,Nu,0.32,0
19,Altul / prefer să nu spun,Urban,Monoparental,Necunoscut,Primar,41,79,Ocazional,5.6,1,2.7,Pozitivă,Nu,Stresat,Parțial,0.99,1
14,Masculin,Rural,Monoparental,Gimnazial,Liceal,1,49,Nu,7.5,1,1.6,Neutră,Nu,Stresat,Nu,1.01,0
11,Masculin,Rural,Monoparental,Liceal,Universitar,26,61,"Da, frecvent",7.4,0,5.0,Pozitivă,Nu,Neutru,Parțial,0.08,0
13,Masculin,Rural,Ambii părinți,Gimnazial,Gimnazial,29,3,"Da, frecvent",6.3,3,6.8,Pozitivă,Nu,Bine,Da,0.23,0
19,Feminin,Rural,Ambii părinți,Gimnazial,Gimnazial,28,70,Ocazional,8.4,0,1.0,Pozitivă,Sancțiuni,Neutru,Nu,0.81,1
17,Masculin,Urban,Monoparental,Liceal,Universitar,71,38,Nu,7.6,0,4.0,Neutră,Nu,Bine,Da,0.0,0
18,Feminin,Rural,Ambii părinți,Universitar,Universitar,20,32,Nu,8.4,2,0.7,Neutră,Nu,Neutru,Nu,0.58,0
19,Masculin,Urban,Ambii părinți,Postliceal,Gimnazial,47,35,Ocazional,8.8,4,1.7,Neutră,Nu,Izolat,Da,0.73,0
12,Masculin,Rural,Monoparental,Liceal,Liceal,131,91,Nu,4.1,2,1.3,Pozitivă,Avertismente,Neutru,Parțial,0.44,1
13,Feminin,Rural,Ambii părinți,Primar,Gimnazial,95,18,Ocazional,8.1,2,0.4,Negativă,Nu,Altul,Nu,0.84,0
11,Feminin,Urban,Ambii părinți,Liceal,Gimnazial,18,35,"Da, frecvent",5.3,1,3.2,Pozitivă,Sancțiuni,Bine,Nu,0.33,0
11,Feminin,Urban,Ambii părinți,Liceal,Liceal,42,24,"Da, frecvent",7.4,4,3.7,Pozitivă,Nu,Bine,Nu,0.14,0
18,Masculin,Urban,Tutore / plasament,Universitar,Gimnazial,62,11,"Da, frecvent",7.0,1,4.1,Neutră,Nu,Bine,Nu,0.47,1
19,Feminin,Urban,Ambii părinți,Postliceal,Liceal,8,5,"Da, frecvent",7.1,5,5.4,Neutră,Nu,Bine,Parțial,0.27,0
12,Masculin,Urban,Ambii părinți,Universitar,Gimnazial,37,11,"Da, frecvent",5.4,0,6.4,Neutră,Nu,Bine,Da,0.45,0
17,Masculin,Rural,Ambii părinți,Universitar,Universitar,32,14,"Da, frecvent",8.5,4,3.0,Pozitivă,Nu,Izolat,Parțial,0.29,0
15,Masculin,Rural,Ambii părinți,Liceal,Liceal,91,25,Nu,5.3,4,0.0,Negativă,Avertismente,Neutru,Da,0.85,0
11,Feminin,Rural,Ambii părinți,Postliceal,Gimnazial,47,61,"Da, frecvent",8.2,2,3.3,Pozitivă,Nu,Izolat,Parțial,0.48,0
19,Masculin,Rural,Ambii părinți,Postliceal,Universitar,32,11,Nu,5.1,2,0.8,Negativă,Nu,Izolat,Da,0.98,0
18,Feminin,Rural,Ambii părinți,Universitar,Universitar,66,13,Nu,7.1,5,0.0,Neutră,Nu,Stresat,Nu,0.89,0
16,Masculin,Urban,Ambii părinți,Liceal,Gimnazial,103,90,Ocazional,9.6,4,1.7,Pozitivă,Nu,Izolat,Parțial,0.85,0
17,Feminin,Rural,Ambii părinți,Postliceal,Universitar,1,18,Nu,10.0,0,6.0,Pozitivă,Avertismente,Bine,Da,0.46,0
14,Feminin,Rural,Ambii părinți,Liceal,Gimnazial,19,15,"Da, frecvent",4.8,3,3.7,Pozitivă,Nu,Izolat,Parțial,0.88,0
